_id,groupId,date
lesson_id_1,group_id_1,2021-12-01T20:30:00.000Z
lesson_id_2,group_id_8,2021-12-01T12:00:00.000Z
lesson_id_3,group_id_4,2021-12-01T19:00:00.000Z
lesson_id_4,group_id_19,2021-12-01T15:00:00.000Z
lesson_id_5,group_id_1,2021-12-01T10:00:00.000Z
lesson_id_6,group_id_8,2021-12-01T17:00:00.000Z
lesson_id_7,group_id_7,2021-12-02T20:30:00.000Z
lesson_id_8,group_id_8,2021-12-02T16:30:00.000Z
lesson_id_9,group_id_1,2021-12-02T21:00:00.000Z
lesson_id_10,group_id_14,2021-12-02T14:30:00.000Z
lesson_id_11,group_id_5,2021-12-02T12:30:00.000Z
lesson_id_12,group_id_4,2021-12-02T10:30:00.000Z
lesson_id_13,group_id_4,2021-12-02T14:30:00.000Z
lesson_id_14,group_id_20,2021-12-02T13:00:00.000Z
lesson_id_15,group_id_15,2021-12-02T17:00:00.000Z
lesson_id_16,group_id_13,2021-12-02T10:30:00.000Z
lesson_id_17,group_id_12,2021-12-03T18:00:00.000Z
lesson_id_18,group_id_3,2021-12-03T09:00:00.000Z
lesson_id_19,group_id_10,2021-12-03T10:00:00.000Z
lesson_id_20,group_id_4,2021-12-03T15:30:00.000Z
lesson_id_21,group_id_15,2021-12-03T19:30:00.000Z
lesson_id_22,group_id_6,2021-12-03T14:30:00.000Z
lesson_id_23,group_id_7,2021-12-03T19:30:00.000Z
lesson_id_24,group_id_3,2021-12-03T18:00:00.000Z
lesson_id_25,group_id_18,2021-12-03T20:00:00.000Z
lesson_id_26,group_id_6,2021-12-03T16:30:00.000Z
lesson_id_27,group_id_18,2021-12-04T12:30:00.000Z
lesson_id_28,group_id_2,2021-12-04T12:00:00.000Z
lesson_id_29,group_id_11,2021-12-04T15:30:00.000Z
lesson_id_30,group_id_3,2021-12-04T12:30:00.000Z
lesson_id_31,group_id_7,2021-12-04T19:30:00.000Z
lesson_id_32,group_id_13,2021-12-04T19:30:00.000Z
lesson_id_33,group_id_5,2021-12-04T13:00:00.000Z
lesson_id_34,group_id_8,2021-12-04T20:30:00.000Z
lesson_id_35,group_id_14,2021-12-05T18:30:00.000Z
lesson_id_36,group_id_12,2021-12-05T12:00:00.000Z
lesson_id_37,group_id_17,2021-12-05T16:00:00.000Z
lesson_id_38,group_id_2,2021-12-05T10:00:00.000Z
lesson_id_39,group_id_6,2021-12-05T21:30:00.000Z
lesson_id_40,group_id_20,2021-12-05T10:30:00.000Z
lesson_id_41,group_id_13,2021-12-05T18:30:00.000Z
lesson_id_42,group_id_17,2021-12-05T13:00:00.000Z
lesson_id_43,group_id_4,2021-12-05T19:30:00.000Z
lesson_id_44,group_id_11,2021-12-05T10:30:00.000Z
lesson_id_45,group_id_6,2021-12-06T16:00:00.000Z
lesson_id_46,group_id_9,2021-12-06T17:00:00.000Z
lesson_id_47,group_id_17,2021-12-06T10:30:00.000Z
lesson_id_48,group_id_17,2021-12-06T18:00:00.000Z
lesson_id_49,group_id_5,2021-12-06T14:00:00.000Z
lesson_id_50,group_id_18,2021-12-06T21:00:00.000Z
lesson_id_51,group_id_20,2021-12-06T14:30:00.000Z
lesson_id_52,group_id_1,2021-12-06T10:30:00.000Z
lesson_id_53,group_id_10,2021-12-06T12:00:00.000Z
lesson_id_54,group_id_19,2021-12-07T10:00:00.000Z
lesson_id_55,group_id_16,2021-12-07T10:00:00.000Z
lesson_id_56,group_id_5,2021-12-07T19:30:00.000Z
lesson_id_57,group_id_18,2021-12-07T11:30:00.000Z
lesson_id_58,group_id_17,2021-12-07T18:30:00.000Z
lesson_id_59,group_id_7,2021-12-07T17:00:00.000Z
lesson_id_60,group_id_10,2021-12-07T15:30:00.000Z
lesson_id_61,group_id_17,2021-12-08T16:00:00.000Z
lesson_id_62,group_id_8,2021-12-08T12:00:00.000Z
lesson_id_63,group_id_11,2021-12-08T09:00:00.000Z
lesson_id_64,group_id_19,2021-12-08T12:00:00.000Z
lesson_id_65,group_id_3,2021-12-08T20:00:00.000Z
lesson_id_66,group_id_8,2021-12-08T10:00:00.000Z
lesson_id_67,group_id_11,2021-12-08T10:00:00.000Z
lesson_id_68,group_id_9,2021-12-08T19:30:00.000Z
lesson_id_69,group_id_7,2021-12-08T17:00:00.000Z
lesson_id_70,group_id_19,2021-12-09T16:00:00.000Z
lesson_id_71,group_id_16,2021-12-09T21:30:00.000Z
lesson_id_72,group_id_7,2021-12-09T10:00:00.000Z
lesson_id_73,group_id_14,2021-12-09T14:30:00.000Z
lesson_id_74,group_id_14,2021-12-09T16:00:00.000Z
lesson_id_75,group_id_4,2021-12-09T09:30:00.000Z
lesson_id_76,group_id_11,2021-12-09T21:00:00.000Z
lesson_id_77,group_id_8,2021-12-09T12:00:00.000Z
lesson_id_78,group_id_18,2021-12-09T16:00:00.000Z
lesson_id_79,group_id_14,2021-12-09T11:30:00.000Z
lesson_id_80,group_id_8,2021-12-10T10:30:00.000Z
lesson_id_81,group_id_18,2021-12-10T10:00:00.000Z
lesson_id_82,group_id_18,2021-12-10T09:00:00.000Z
lesson_id_83,group_id_8,2021-12-10T11:30:00.000Z
lesson_id_84,group_id_16,2021-12-10T16:00:00.000Z
lesson_id_85,group_id_13,2021-12-10T09:00:00.000Z
lesson_id_86,group_id_13,2021-12-10T09:30:00.000Z
lesson_id_87,group_id_9,2021-12-10T21:30:00.000Z
lesson_id_88,group_id_10,2021-12-10T15:30:00.000Z
lesson_id_89,group_id_7,2021-12-11T13:00:00.000Z
lesson_id_90,group_id_2,2021-12-11T18:00:00.000Z
lesson_id_91,group_id_11,2021-12-11T09:00:00.000Z
lesson_id_92,group_id_19,2021-12-11T16:00:00.000Z
lesson_id_93,group_id_2,2021-12-11T17:00:00.000Z
lesson_id_94,group_id_6,2021-12-11T10:00:00.000Z
lesson_id_95,group_id_8,2021-12-11T15:00:00.000Z
lesson_id_96,group_id_8,2021-12-12T18:00:00.000Z
lesson_id_97,group_id_20,2021-12-12T10:30:00.000Z
lesson_id_98,group_id_19,2021-12-12T18:30:00.000Z
lesson_id_99,group_id_9,2021-12-12T12:30:00.000Z
lesson_id_100,group_id_8,2021-12-12T13:30:00.000Z
lesson_id_101,group_id_5,2021-12-12T19:30:00.000Z
lesson_id_102,group_id_15,2021-12-12T14:00:00.000Z
lesson_id_103,group_id_1,2021-12-12T16:00:00.000Z
lesson_id_104,group_id_3,2021-12-12T17:00:00.000Z
lesson_id_105,group_id_17,2021-12-12T13:00:00.000Z
lesson_id_106,group_id_3,2021-12-13T12:30:00.000Z
lesson_id_107,group_id_10,2021-12-13T11:30:00.000Z
lesson_id_108,group_id_18,2021-12-13T20:30:00.000Z
lesson_id_109,group_id_20,2021-12-13T21:00:00.000Z
lesson_id_110,group_id_18,2021-12-13T13:00:00.000Z
lesson_id_111,group_id_5,2021-12-13T13:00:00.000Z
lesson_id_112,group_id_4,2021-12-13T20:00:00.000Z
lesson_id_113,group_id_9,2021-12-13T13:00:00.000Z
lesson_id_114,group_id_7,2021-12-14T19:30:00.000Z
lesson_id_115,group_id_17,2021-12-14T16:30:00.000Z
lesson_id_116,group_id_2,2021-12-14T10:30:00.000Z
lesson_id_117,group_id_9,2021-12-14T09:00:00.000Z
lesson_id_118,group_id_11,2021-12-14T21:00:00.000Z
lesson_id_119,group_id_9,2021-12-14T11:30:00.000Z
lesson_id_120,group_id_18,2021-12-14T20:30:00.000Z
lesson_id_121,group_id_18,2021-12-14T09:00:00.000Z
lesson_id_122,group_id_5,2021-12-15T17:00:00.000Z
lesson_id_123,group_id_12,2021-12-15T18:00:00.000Z
lesson_id_124,group_id_14,2021-12-15T11:00:00.000Z
lesson_id_125,group_id_10,2021-12-15T14:00:00.000Z
lesson_id_126,group_id_12,2021-12-15T12:00:00.000Z
lesson_id_127,group_id_4,2021-12-15T14:30:00.000Z
lesson_id_128,group_id_5,2021-12-16T12:00:00.000Z
lesson_id_129,group_id_6,2021-12-16T15:00:00.000Z
lesson_id_130,group_id_6,2021-12-16T20:30:00.000Z
lesson_id_131,group_id_14,2021-12-16T21:00:00.000Z
lesson_id_132,group_id_9,2021-12-16T11:00:00.000Z
lesson_id_133,group_id_13,2021-12-16T09:30:00.000Z
lesson_id_134,group_id_8,2021-12-16T12:30:00.000Z
lesson_id_135,group_id_12,2021-12-16T13:00:00.000Z
lesson_id_136,group_id_8,2021-12-16T09:00:00.000Z
lesson_id_137,group_id_13,2021-12-16T14:30:00.000Z
lesson_id_138,group_id_9,2021-12-17T14:30:00.000Z
lesson_id_139,group_id_18,2021-12-17T14:00:00.000Z
lesson_id_140,group_id_4,2021-12-17T13:00:00.000Z
lesson_id_141,group_id_19,2021-12-17T13:00:00.000Z
lesson_id_142,group_id_4,2021-12-17T18:30:00.000Z
lesson_id_143,group_id_12,2021-12-17T20:30:00.000Z
lesson_id_144,group_id_20,2021-12-18T17:00:00.000Z
lesson_id_145,group_id_13,2021-12-18T18:00:00.000Z
lesson_id_146,group_id_9,2021-12-18T09:30:00.000Z
lesson_id_147,group_id_1,2021-12-18T17:00:00.000Z
lesson_id_148,group_id_12,2021-12-18T15:00:00.000Z
lesson_id_149,group_id_11,2021-12-18T18:30:00.000Z
lesson_id_150,group_id_4,2021-12-18T20:30:00.000Z
lesson_id_151,group_id_17,2021-12-18T13:30:00.000Z
lesson_id_152,group_id_11,2021-12-18T15:30:00.000Z
lesson_id_153,group_id_5,2021-12-19T12:30:00.000Z
lesson_id_154,group_id_13,2021-12-19T19:00:00.000Z
lesson_id_155,group_id_20,2021-12-19T18:30:00.000Z
lesson_id_156,group_id_13,2021-12-19T17:00:00.000Z
lesson_id_157,group_id_10,2021-12-19T13:00:00.000Z
lesson_id_158,group_id_14,2021-12-19T21:30:00.000Z
lesson_id_159,group_id_15,2021-12-19T16:30:00.000Z
lesson_id_160,group_id_7,2021-12-19T17:30:00.000Z
lesson_id_161,group_id_6,2021-12-19T19:00:00.000Z
lesson_id_162,group_id_10,2021-12-19T17:30:00.000Z
lesson_id_163,group_id_8,2021-12-20T19:30:00.000Z
lesson_id_164,group_id_8,2021-12-20T21:00:00.000Z
lesson_id_165,group_id_5,2021-12-20T09:00:00.000Z
lesson_id_166,group_id_8,2021-12-20T16:00:00.000Z
lesson_id_167,group_id_15,2021-12-20T15:00:00.000Z
lesson_id_168,group_id_13,2021-12-20T16:30:00.000Z
lesson_id_169,group_id_5,2021-12-21T19:00:00.000Z
lesson_id_170,group_id_4,2021-12-21T21:30:00.000Z
lesson_id_171,group_id_8,2021-12-21T11:30:00.000Z
lesson_id_172,group_id_2,2021-12-21T17:00:00.000Z
lesson_id_173,group_id_4,2021-12-21T16:00:00.000Z
lesson_id_174,group_id_15,2021-12-21T19:30:00.000Z
lesson_id_175,group_id_15,2021-12-21T18:30:00.000Z
lesson_id_176,group_id_15,2021-12-22T11:30:00.000Z
lesson_id_177,group_id_15,2021-12-22T13:00:00.000Z
lesson_id_178,group_id_9,2021-12-22T21:30:00.000Z
lesson_id_179,group_id_8,2021-12-22T13:30:00.000Z
lesson_id_180,group_id_3,2021-12-22T20:30:00.000Z
lesson_id_181,group_id_8,2021-12-22T13:30:00.000Z
lesson_id_182,group_id_11,2021-12-22T17:00:00.000Z
lesson_id_183,group_id_5,2021-12-22T11:00:00.000Z
lesson_id_184,group_id_13,2021-12-22T20:00:00.000Z
lesson_id_185,group_id_7,2021-12-22T10:30:00.000Z
lesson_id_186,group_id_11,2021-12-23T17:30:00.000Z
lesson_id_187,group_id_14,2021-12-23T09:00:00.000Z
lesson_id_188,group_id_14,2021-12-23T15:00:00.000Z
lesson_id_189,group_id_19,2021-12-23T15:30:00.000Z
lesson_id_190,group_id_1,2021-12-23T14:30:00.000Z
lesson_id_191,group_id_13,2021-12-23T15:00:00.000Z
lesson_id_192,group_id_16,2021-12-23T12:30:00.000Z
lesson_id_193,group_id_14,2021-12-23T16:00:00.000Z
lesson_id_194,group_id_13,2021-12-23T14:30:00.000Z
lesson_id_195,group_id_15,2021-12-24T11:00:00.000Z
lesson_id_196,group_id_13,2021-12-24T18:00:00.000Z
lesson_id_197,group_id_3,2021-12-24T19:30:00.000Z
lesson_id_198,group_id_5,2021-12-24T16:00:00.000Z
lesson_id_199,group_id_2,2021-12-24T13:30:00.000Z
lesson_id_200,group_id_11,2021-12-24T12:30:00.000Z
lesson_id_201,group_id_11,2021-12-24T14:30:00.000Z
lesson_id_202,group_id_14,2021-12-25T13:00:00.000Z
lesson_id_203,group_id_16,2021-12-25T09:00:00.000Z
lesson_id_204,group_id_12,2021-12-25T12:00:00.000Z
lesson_id_205,group_id_2,2021-12-25T21:00:00.000Z
lesson_id_206,group_id_8,2021-12-25T12:00:00.000Z
lesson_id_207,group_id_20,2021-12-25T11:00:00.000Z
lesson_id_208,group_id_5,2021-12-25T16:00:00.000Z
lesson_id_209,group_id_19,2021-12-25T12:30:00.000Z
lesson_id_210,group_id_12,2021-12-26T11:00:00.000Z
lesson_id_211,group_id_6,2021-12-26T13:00:00.000Z
lesson_id_212,group_id_19,2021-12-26T09:30:00.000Z
lesson_id_213,group_id_19,2021-12-26T19:30:00.000Z
lesson_id_214,group_id_13,2021-12-26T20:00:00.000Z
lesson_id_215,group_id_3,2021-12-26T18:00:00.000Z
lesson_id_216,group_id_4,2021-12-26T20:30:00.000Z
lesson_id_217,group_id_20,2021-12-26T21:00:00.000Z
lesson_id_218,group_id_2,2021-12-27T14:30:00.000Z
lesson_id_219,group_id_12,2021-12-27T10:30:00.000Z
lesson_id_220,group_id_1,2021-12-27T15:30:00.000Z
lesson_id_221,group_id_4,2021-12-27T15:30:00.000Z
lesson_id_222,group_id_15,2021-12-27T20:00:00.000Z
lesson_id_223,group_id_14,2021-12-27T11:30:00.000Z
lesson_id_224,group_id_20,2021-12-27T21:30:00.000Z
lesson_id_225,group_id_15,2021-12-27T15:30:00.000Z
lesson_id_226,group_id_11,2021-12-27T12:00:00.000Z
lesson_id_227,group_id_9,2021-12-27T16:00:00.000Z
lesson_id_228,group_id_19,2021-12-28T18:30:00.000Z
lesson_id_229,group_id_11,2021-12-28T09:30:00.000Z
lesson_id_230,group_id_11,2021-12-28T11:30:00.000Z
lesson_id_231,group_id_7,2021-12-28T14:30:00.000Z
lesson_id_232,group_id_11,2021-12-28T13:30:00.000Z
lesson_id_233,group_id_18,2021-12-28T09:00:00.000Z
lesson_id_234,group_id_3,2021-12-28T12:30:00.000Z
lesson_id_235,group_id_16,2021-12-28T17:00:00.000Z
lesson_id_236,group_id_16,2021-12-28T19:30:00.000Z
lesson_id_237,group_id_1,2021-12-29T10:30:00.000Z
lesson_id_238,group_id_8,2021-12-29T15:00:00.000Z
lesson_id_239,group_id_10,2021-12-29T19:30:00.000Z
lesson_id_240,group_id_16,2021-12-29T17:30:00.000Z
lesson_id_241,group_id_14,2021-12-29T20:30:00.000Z
lesson_id_242,group_id_12,2021-12-29T20:30:00.000Z
lesson_id_243,group_id_9,2021-12-29T13:30:00.000Z
lesson_id_244,group_id_8,2021-12-29T10:00:00.000Z
lesson_id_245,group_id_11,2021-12-29T10:00:00.000Z
lesson_id_246,group_id_7,2021-12-30T20:30:00.000Z
lesson_id_247,group_id_9,2021-12-30T20:30:00.000Z
lesson_id_248,group_id_4,2021-12-30T12:30:00.000Z
lesson_id_249,group_id_8,2021-12-30T14:00:00.000Z
lesson_id_250,group_id_10,2021-12-30T09:00:00.000Z
lesson_id_251,group_id_9,2021-12-30T09:00:00.000Z
lesson_id_252,group_id_18,2021-12-30T13:00:00.000Z
lesson_id_253,group_id_4,2021-12-31T09:30:00.000Z
lesson_id_254,group_id_16,2021-12-31T16:30:00.000Z
lesson_id_255,group_id_11,2021-12-31T11:00:00.000Z
lesson_id_256,group_id_9,2021-12-31T16:00:00.000Z
lesson_id_257,group_id_3,2021-12-31T15:30:00.000Z
lesson_id_258,group_id_3,2021-12-31T18:00:00.000Z
lesson_id_259,group_id_5,2021-12-31T11:30:00.000Z
lesson_id_260,group_id_3,2021-12-31T12:00:00.000Z
lesson_id_261,group_id_18,2021-12-31T21:30:00.000Z
lesson_id_262,group_id_20,2022-01-01T21:00:00.000Z
lesson_id_263,group_id_17,2022-01-01T15:30:00.000Z
lesson_id_264,group_id_15,2022-01-01T13:30:00.000Z
lesson_id_265,group_id_10,2022-01-01T18:00:00.000Z
lesson_id_266,group_id_20,2022-01-01T20:00:00.000Z
lesson_id_267,group_id_7,2022-01-01T19:00:00.000Z
lesson_id_268,group_id_9,2022-01-01T19:00:00.000Z
lesson_id_269,group_id_6,2022-01-01T12:00:00.000Z
lesson_id_270,group_id_18,2022-01-01T10:00:00.000Z
lesson_id_271,group_id_1,2022-01-01T15:30:00.000Z
lesson_id_272,group_id_20,2022-01-01T16:30:00.000Z
lesson_id_273,group_id_8,2022-01-02T13:30:00.000Z
lesson_id_274,group_id_15,2022-01-02T10:00:00.000Z
lesson_id_275,group_id_9,2022-01-02T21:00:00.000Z
lesson_id_276,group_id_14,2022-01-02T10:00:00.000Z
lesson_id_277,group_id_5,2022-01-02T13:00:00.000Z
lesson_id_278,group_id_3,2022-01-02T09:00:00.000Z
lesson_id_279,group_id_10,2022-01-02T18:30:00.000Z
lesson_id_280,group_id_4,2022-01-03T16:30:00.000Z
lesson_id_281,group_id_13,2022-01-03T13:30:00.000Z
lesson_id_282,group_id_15,2022-01-03T10:00:00.000Z
lesson_id_283,group_id_14,2022-01-03T20:30:00.000Z
lesson_id_284,group_id_20,2022-01-03T13:00:00.000Z
lesson_id_285,group_id_3,2022-01-03T12:00:00.000Z
lesson_id_286,group_id_9,2022-01-03T18:00:00.000Z
lesson_id_287,group_id_6,2022-01-03T16:30:00.000Z
lesson_id_288,group_id_9,2022-01-03T11:30:00.000Z
lesson_id_289,group_id_16,2022-01-03T10:30:00.000Z
lesson_id_290,group_id_14,2022-01-04T14:30:00.000Z
lesson_id_291,group_id_4,2022-01-04T11:30:00.000Z
lesson_id_292,group_id_14,2022-01-04T20:30:00.000Z
lesson_id_293,group_id_10,2022-01-04T19:30:00.000Z
lesson_id_294,group_id_18,2022-01-04T09:30:00.000Z
lesson_id_295,group_id_3,2022-01-04T14:30:00.000Z
lesson_id_296,group_id_11,2022-01-04T10:30:00.000Z
lesson_id_297,group_id_17,2022-01-04T09:30:00.000Z
lesson_id_298,group_id_14,2022-01-04T09:00:00.000Z
lesson_id_299,group_id_12,2022-01-05T18:30:00.000Z
lesson_id_300,group_id_15,2022-01-05T21:00:00.000Z
lesson_id_301,group_id_7,2022-01-05T13:00:00.000Z
lesson_id_302,group_id_10,2022-01-05T16:30:00.000Z
lesson_id_303,group_id_4,2022-01-05T09:00:00.000Z
lesson_id_304,group_id_6,2022-01-05T13:00:00.000Z
lesson_id_305,group_id_18,2022-01-05T15:00:00.000Z
lesson_id_306,group_id_8,2022-01-05T10:30:00.000Z
lesson_id_307,group_id_4,2022-01-05T19:00:00.000Z
lesson_id_308,group_id_16,2022-01-05T20:30:00.000Z
lesson_id_309,group_id_17,2022-01-05T20:30:00.000Z
lesson_id_310,group_id_16,2022-01-06T16:00:00.000Z
lesson_id_311,group_id_15,2022-01-06T17:00:00.000Z
lesson_id_312,group_id_13,2022-01-06T12:00:00.000Z
lesson_id_313,group_id_3,2022-01-06T13:30:00.000Z
lesson_id_314,group_id_11,2022-01-06T21:30:00.000Z
lesson_id_315,group_id_1,2022-01-06T13:30:00.000Z
lesson_id_316,group_id_19,2022-01-06T18:30:00.000Z
lesson_id_317,group_id_5,2022-01-06T16:30:00.000Z
lesson_id_318,group_id_12,2022-01-06T14:30:00.000Z
lesson_id_319,group_id_15,2022-01-06T14:00:00.000Z
lesson_id_320,group_id_19,2022-01-07T15:00:00.000Z
lesson_id_321,group_id_14,2022-01-07T09:30:00.000Z
lesson_id_322,group_id_16,2022-01-07T20:30:00.000Z
lesson_id_323,group_id_13,2022-01-07T19:00:00.000Z
lesson_id_324,group_id_16,2022-01-07T09:00:00.000Z
lesson_id_325,group_id_17,2022-01-07T18:30:00.000Z
lesson_id_326,group_id_4,2022-01-07T16:00:00.000Z
lesson_id_327,group_id_17,2022-01-07T16:00:00.000Z
lesson_id_328,group_id_14,2022-01-08T19:00:00.000Z
lesson_id_329,group_id_3,2022-01-08T16:30:00.000Z
lesson_id_330,group_id_11,2022-01-08T18:30:00.000Z
lesson_id_331,group_id_3,2022-01-08T14:30:00.000Z
lesson_id_332,group_id_11,2022-01-08T19:30:00.000Z
lesson_id_333,group_id_18,2022-01-08T09:00:00.000Z
lesson_id_334,group_id_8,2022-01-08T19:30:00.000Z
lesson_id_335,group_id_8,2022-01-08T20:00:00.000Z
lesson_id_336,group_id_4,2022-01-09T21:00:00.000Z
lesson_id_337,group_id_15,2022-01-09T11:30:00.000Z
lesson_id_338,group_id_1,2022-01-09T09:30:00.000Z
lesson_id_339,group_id_2,2022-01-09T13:30:00.000Z
lesson_id_340,group_id_12,2022-01-09T15:00:00.000Z
lesson_id_341,group_id_8,2022-01-09T17:30:00.000Z
lesson_id_342,group_id_19,2022-01-09T19:00:00.000Z
lesson_id_343,group_id_6,2022-01-09T11:00:00.000Z
lesson_id_344,group_id_20,2022-01-09T15:00:00.000Z
lesson_id_345,group_id_16,2022-01-09T18:00:00.000Z
lesson_id_346,group_id_15,2022-01-10T19:30:00.000Z
lesson_id_347,group_id_15,2022-01-10T13:00:00.000Z
lesson_id_348,group_id_15,2022-01-10T13:00:00.000Z
lesson_id_349,group_id_3,2022-01-10T16:30:00.000Z
lesson_id_350,group_id_19,2022-01-10T13:30:00.000Z
lesson_id_351,group_id_9,2022-01-10T16:30:00.000Z
lesson_id_352,group_id_7,2022-01-10T15:30:00.000Z
lesson_id_353,group_id_4,2022-01-10T12:30:00.000Z
lesson_id_354,group_id_12,2022-01-11T18:30:00.000Z
lesson_id_355,group_id_10,2022-01-11T09:30:00.000Z
lesson_id_356,group_id_9,2022-01-11T09:00:00.000Z
lesson_id_357,group_id_20,2022-01-11T20:30:00.000Z
lesson_id_358,group_id_10,2022-01-11T21:00:00.000Z
lesson_id_359,group_id_20,2022-01-11T21:30:00.000Z
lesson_id_360,group_id_8,2022-01-11T19:00:00.000Z
lesson_id_361,group_id_20,2022-01-11T13:00:00.000Z
lesson_id_362,group_id_4,2022-01-11T19:00:00.000Z
lesson_id_363,group_id_10,2022-01-11T21:30:00.000Z
lesson_id_364,group_id_2,2022-01-11T18:30:00.000Z
lesson_id_365,group_id_3,2022-01-12T13:30:00.000Z
lesson_id_366,group_id_14,2022-01-12T11:00:00.000Z
lesson_id_367,group_id_5,2022-01-12T21:30:00.000Z
lesson_id_368,group_id_17,2022-01-12T17:30:00.000Z
lesson_id_369,group_id_6,2022-01-12T13:30:00.000Z
lesson_id_370,group_id_10,2022-01-12T20:30:00.000Z
lesson_id_371,group_id_4,2022-01-12T16:00:00.000Z
lesson_id_372,group_id_5,2022-01-12T21:00:00.000Z
lesson_id_373,group_id_18,2022-01-13T14:00:00.000Z
lesson_id_374,group_id_13,2022-01-13T09:30:00.000Z
lesson_id_375,group_id_18,2022-01-13T10:30:00.000Z
lesson_id_376,group_id_12,2022-01-13T19:30:00.000Z
lesson_id_377,group_id_19,2022-01-13T15:30:00.000Z
lesson_id_378,group_id_4,2022-01-13T19:00:00.000Z
lesson_id_379,group_id_16,2022-01-13T09:30:00.000Z
lesson_id_380,group_id_20,2022-01-13T12:00:00.000Z
lesson_id_381,group_id_15,2022-01-13T20:30:00.000Z
lesson_id_382,group_id_14,2022-01-13T10:00:00.000Z
lesson_id_383,group_id_2,2022-01-14T13:30:00.000Z
lesson_id_384,group_id_4,2022-01-14T10:00:00.000Z
lesson_id_385,group_id_18,2022-01-14T11:30:00.000Z
lesson_id_386,group_id_15,2022-01-14T14:30:00.000Z
lesson_id_387,group_id_19,2022-01-14T20:00:00.000Z
lesson_id_388,group_id_14,2022-01-14T19:00:00.000Z
lesson_id_389,group_id_16,2022-01-14T18:30:00.000Z
lesson_id_390,group_id_2,2022-01-15T20:30:00.000Z
lesson_id_391,group_id_7,2022-01-15T16:30:00.000Z
lesson_id_392,group_id_8,2022-01-15T14:00:00.000Z
lesson_id_393,group_id_12,2022-01-15T17:30:00.000Z
lesson_id_394,group_id_2,2022-01-15T15:30:00.000Z
lesson_id_395,group_id_7,2022-01-15T10:30:00.000Z
lesson_id_396,group_id_3,2022-01-15T19:00:00.000Z
lesson_id_397,group_id_20,2022-01-15T09:00:00.000Z
lesson_id_398,group_id_11,2022-01-15T12:00:00.000Z
lesson_id_399,group_id_7,2022-01-16T10:00:00.000Z
lesson_id_400,group_id_19,2022-01-16T12:00:00.000Z
lesson_id_401,group_id_11,2022-01-16T21:00:00.000Z
lesson_id_402,group_id_20,2022-01-16T09:30:00.000Z
lesson_id_403,group_id_5,2022-01-16T11:30:00.000Z
lesson_id_404,group_id_6,2022-01-16T10:00:00.000Z
lesson_id_405,group_id_5,2022-01-16T09:30:00.000Z
lesson_id_406,group_id_8,2022-01-16T18:30:00.000Z
lesson_id_407,group_id_1,2022-01-16T11:30:00.000Z
lesson_id_408,group_id_2,2022-01-16T11:30:00.000Z
lesson_id_409,group_id_17,2022-01-16T10:00:00.000Z
lesson_id_410,group_id_15,2022-01-17T21:30:00.000Z
lesson_id_411,group_id_17,2022-01-17T18:00:00.000Z
lesson_id_412,group_id_15,2022-01-17T17:00:00.000Z
lesson_id_413,group_id_20,2022-01-17T09:30:00.000Z
lesson_id_414,group_id_15,2022-01-17T19:00:00.000Z
lesson_id_415,group_id_2,2022-01-17T16:30:00.000Z
lesson_id_416,group_id_14,2022-01-17T19:00:00.000Z
lesson_id_417,group_id_16,2022-01-17T20:30:00.000Z
lesson_id_418,group_id_3,2022-01-17T10:30:00.000Z
lesson_id_419,group_id_20,2022-01-17T11:00:00.000Z
lesson_id_420,group_id_9,2022-01-18T18:30:00.000Z
lesson_id_421,group_id_13,2022-01-18T18:30:00.000Z
lesson_id_422,group_id_15,2022-01-18T17:30:00.000Z
lesson_id_423,group_id_4,2022-01-18T21:00:00.000Z
lesson_id_424,group_id_18,2022-01-18T20:00:00.000Z
lesson_id_425,group_id_14,2022-01-18T16:00:00.000Z
lesson_id_426,group_id_14,2022-01-18T14:30:00.000Z
lesson_id_427,group_id_13,2022-01-18T15:00:00.000Z
lesson_id_428,group_id_14,2022-01-19T14:30:00.000Z
lesson_id_429,group_id_12,2022-01-19T11:30:00.000Z
lesson_id_430,group_id_3,2022-01-19T10:00:00.000Z
lesson_id_431,group_id_3,2022-01-19T15:00:00.000Z
lesson_id_432,group_id_12,2022-01-19T21:00:00.000Z
lesson_id_433,group_id_18,2022-01-19T09:30:00.000Z
lesson_id_434,group_id_4,2022-01-19T15:30:00.000Z
lesson_id_435,group_id_14,2022-01-19T20:00:00.000Z
lesson_id_436,group_id_10,2022-01-19T18:30:00.000Z
lesson_id_437,group_id_4,2022-01-20T18:00:00.000Z
lesson_id_438,group_id_5,2022-01-20T19:30:00.000Z
lesson_id_439,group_id_8,2022-01-20T10:30:00.000Z
lesson_id_440,group_id_18,2022-01-20T14:00:00.000Z
lesson_id_441,group_id_9,2022-01-20T18:00:00.000Z
lesson_id_442,group_id_14,2022-01-20T17:00:00.000Z
lesson_id_443,group_id_20,2022-01-20T19:30:00.000Z
lesson_id_444,group_id_1,2022-01-20T11:30:00.000Z
lesson_id_445,group_id_10,2022-01-20T14:30:00.000Z
lesson_id_446,group_id_6,2022-01-21T11:30:00.000Z
lesson_id_447,group_id_3,2022-01-21T11:00:00.000Z
lesson_id_448,group_id_3,2022-01-21T20:00:00.000Z
lesson_id_449,group_id_13,2022-01-21T15:30:00.000Z
lesson_id_450,group_id_11,2022-01-21T11:30:00.000Z
lesson_id_451,group_id_10,2022-01-21T20:30:00.000Z
lesson_id_452,group_id_19,2022-01-21T18:00:00.000Z
lesson_id_453,group_id_5,2022-01-22T11:00:00.000Z
lesson_id_454,group_id_3,2022-01-22T13:30:00.000Z
lesson_id_455,group_id_14,2022-01-22T16:30:00.000Z
lesson_id_456,group_id_14,2022-01-22T13:00:00.000Z
lesson_id_457,group_id_17,2022-01-22T10:30:00.000Z
lesson_id_458,group_id_14,2022-01-22T10:30:00.000Z
lesson_id_459,group_id_19,2022-01-22T16:30:00.000Z
lesson_id_460,group_id_8,2022-01-23T15:00:00.000Z
lesson_id_461,group_id_1,2022-01-23T12:30:00.000Z
lesson_id_462,group_id_7,2022-01-23T21:00:00.000Z
lesson_id_463,group_id_9,2022-01-23T13:30:00.000Z
lesson_id_464,group_id_4,2022-01-23T09:30:00.000Z
lesson_id_465,group_id_14,2022-01-23T11:00:00.000Z
lesson_id_466,group_id_13,2022-01-23T17:00:00.000Z
lesson_id_467,group_id_18,2022-01-24T19:30:00.000Z
lesson_id_468,group_id_3,2022-01-24T15:00:00.000Z
lesson_id_469,group_id_14,2022-01-24T09:30:00.000Z
lesson_id_470,group_id_3,2022-01-24T14:30:00.000Z
lesson_id_471,group_id_19,2022-01-24T15:30:00.000Z
lesson_id_472,group_id_10,2022-01-24T10:30:00.000Z
lesson_id_473,group_id_1,2022-01-24T14:00:00.000Z
lesson_id_474,group_id_20,2022-01-24T16:30:00.000Z
lesson_id_475,group_id_3,2022-01-24T15:00:00.000Z
lesson_id_476,group_id_8,2022-01-24T15:30:00.000Z
lesson_id_477,group_id_17,2022-01-24T10:30:00.000Z
lesson_id_478,group_id_11,2022-01-25T12:30:00.000Z
lesson_id_479,group_id_6,2022-01-25T10:00:00.000Z
lesson_id_480,group_id_17,2022-01-25T17:00:00.000Z
lesson_id_481,group_id_12,2022-01-25T14:00:00.000Z
lesson_id_482,group_id_8,2022-01-25T10:00:00.000Z
lesson_id_483,group_id_9,2022-01-25T12:00:00.000Z
lesson_id_484,group_id_20,2022-01-25T11:00:00.000Z
lesson_id_485,group_id_6,2022-01-25T21:30:00.000Z
lesson_id_486,group_id_15,2022-01-25T21:30:00.000Z
lesson_id_487,group_id_20,2022-01-26T14:30:00.000Z
lesson_id_488,group_id_5,2022-01-26T16:00:00.000Z
lesson_id_489,group_id_16,2022-01-26T16:30:00.000Z
lesson_id_490,group_id_9,2022-01-26T18:00:00.000Z
lesson_id_491,group_id_12,2022-01-26T17:00:00.000Z
lesson_id_492,group_id_10,2022-01-26T16:30:00.000Z
lesson_id_493,group_id_2,2022-01-26T09:30:00.000Z
lesson_id_494,group_id_10,2022-01-26T10:00:00.000Z
lesson_id_495,group_id_20,2022-01-26T18:30:00.000Z
lesson_id_496,group_id_15,2022-01-26T18:00:00.000Z
lesson_id_497,group_id_15,2022-01-26T21:00:00.000Z
lesson_id_498,group_id_20,2022-01-27T16:00:00.000Z
lesson_id_499,group_id_2,2022-01-27T16:00:00.000Z
lesson_id_500,group_id_11,2022-01-27T20:00:00.000Z
lesson_id_501,group_id_17,2022-01-27T19:00:00.000Z
lesson_id_502,group_id_2,2022-01-27T12:30:00.000Z
lesson_id_503,group_id_15,2022-01-27T17:00:00.000Z
lesson_id_504,group_id_12,2022-01-27T14:30:00.000Z
lesson_id_505,group_id_13,2022-01-27T15:30:00.000Z
lesson_id_506,group_id_20,2022-01-27T09:30:00.000Z
lesson_id_507,group_id_11,2022-01-28T10:30:00.000Z
lesson_id_508,group_id_10,2022-01-28T13:00:00.000Z
lesson_id_509,group_id_11,2022-01-28T10:00:00.000Z
lesson_id_510,group_id_12,2022-01-28T13:30:00.000Z
lesson_id_511,group_id_5,2022-01-28T18:00:00.000Z
lesson_id_512,group_id_10,2022-01-28T17:30:00.000Z
lesson_id_513,group_id_11,2022-01-28T11:00:00.000Z
lesson_id_514,group_id_17,2022-01-29T14:00:00.000Z
lesson_id_515,group_id_12,2022-01-29T13:00:00.000Z
lesson_id_516,group_id_7,2022-01-29T14:30:00.000Z
lesson_id_517,group_id_7,2022-01-29T12:00:00.000Z
lesson_id_518,group_id_5,2022-01-29T10:30:00.000Z
lesson_id_519,group_id_4,2022-01-29T17:00:00.000Z
lesson_id_520,group_id_11,2022-01-29T21:00:00.000Z
lesson_id_521,group_id_20,2022-01-29T15:00:00.000Z
lesson_id_522,group_id_6,2022-01-29T11:00:00.000Z
lesson_id_523,group_id_15,2022-01-29T09:30:00.000Z
lesson_id_524,group_id_8,2022-01-30T16:30:00.000Z
lesson_id_525,group_id_15,2022-01-30T12:00:00.000Z
lesson_id_526,group_id_10,2022-01-30T21:30:00.000Z
lesson_id_527,group_id_7,2022-01-30T14:30:00.000Z
lesson_id_528,group_id_15,2022-01-30T21:30:00.000Z
lesson_id_529,group_id_13,2022-01-30T17:30:00.000Z
lesson_id_530,group_id_6,2022-01-30T12:00:00.000Z
lesson_id_531,group_id_9,2022-01-30T09:30:00.000Z
lesson_id_532,group_id_12,2022-01-30T17:00:00.000Z
lesson_id_533,group_id_4,2022-01-31T13:00:00.000Z
lesson_id_534,group_id_6,2022-01-31T13:30:00.000Z
lesson_id_535,group_id_17,2022-01-31T11:30:00.000Z
lesson_id_536,group_id_3,2022-01-31T12:30:00.000Z
lesson_id_537,group_id_12,2022-01-31T09:30:00.000Z
lesson_id_538,group_id_2,2022-01-31T15:30:00.000Z
lesson_id_539,group_id_8,2022-01-31T15:00:00.000Z
lesson_id_540,group_id_12,2022-01-31T12:00:00.000Z
lesson_id_541,group_id_11,2022-01-31T10:30:00.000Z
lesson_id_542,group_id_5,2022-01-31T11:00:00.000Z
lesson_id_543,group_id_10,2022-01-31T16:00:00.000Z
lesson_id_544,group_id_15,2022-02-01T18:00:00.000Z
lesson_id_545,group_id_3,2022-02-01T09:30:00.000Z
lesson_id_546,group_id_7,2022-02-01T11:30:00.000Z
lesson_id_547,group_id_4,2022-02-01T21:30:00.000Z
lesson_id_548,group_id_8,2022-02-01T13:00:00.000Z
lesson_id_549,group_id_2,2022-02-01T12:30:00.000Z
lesson_id_550,group_id_20,2022-02-01T16:00:00.000Z
lesson_id_551,group_id_4,2022-02-01T16:00:00.000Z
lesson_id_552,group_id_17,2022-02-01T18:00:00.000Z
lesson_id_553,group_id_10,2022-02-02T15:00:00.000Z
lesson_id_554,group_id_20,2022-02-02T14:00:00.000Z
lesson_id_555,group_id_19,2022-02-02T15:00:00.000Z
lesson_id_556,group_id_3,2022-02-02T17:30:00.000Z
lesson_id_557,group_id_3,2022-02-02T17:00:00.000Z
lesson_id_558,group_id_13,2022-02-02T16:00:00.000Z
lesson_id_559,group_id_13,2022-02-02T14:30:00.000Z
lesson_id_560,group_id_12,2022-02-03T21:00:00.000Z
lesson_id_561,group_id_12,2022-02-03T12:00:00.000Z
lesson_id_562,group_id_19,2022-02-03T20:30:00.000Z
lesson_id_563,group_id_5,2022-02-03T09:30:00.000Z
lesson_id_564,group_id_18,2022-02-03T14:00:00.000Z
lesson_id_565,group_id_15,2022-02-03T20:30:00.000Z
lesson_id_566,group_id_5,2022-02-04T10:30:00.000Z
lesson_id_567,group_id_2,2022-02-04T13:00:00.000Z
lesson_id_568,group_id_2,2022-02-04T21:00:00.000Z
lesson_id_569,group_id_2,2022-02-04T14:30:00.000Z
lesson_id_570,group_id_17,2022-02-04T15:30:00.000Z
lesson_id_571,group_id_9,2022-02-04T09:00:00.000Z
lesson_id_572,group_id_10,2022-02-04T14:00:00.000Z
lesson_id_573,group_id_9,2022-02-05T10:30:00.000Z
lesson_id_574,group_id_14,2022-02-05T15:30:00.000Z
lesson_id_575,group_id_13,2022-02-05T14:00:00.000Z
lesson_id_576,group_id_16,2022-02-05T20:30:00.000Z
lesson_id_577,group_id_12,2022-02-05T21:30:00.000Z
lesson_id_578,group_id_3,2022-02-05T20:30:00.000Z
lesson_id_579,group_id_3,2022-02-05T15:00:00.000Z
lesson_id_580,group_id_18,2022-02-05T13:30:00.000Z
lesson_id_581,group_id_3,2022-02-06T14:30:00.000Z
lesson_id_582,group_id_10,2022-02-06T16:30:00.000Z
lesson_id_583,group_id_6,2022-02-06T20:30:00.000Z
lesson_id_584,group_id_12,2022-02-06T16:00:00.000Z
lesson_id_585,group_id_12,2022-02-06T18:30:00.000Z
lesson_id_586,group_id_9,2022-02-06T19:00:00.000Z
lesson_id_587,group_id_13,2022-02-07T14:00:00.000Z
lesson_id_588,group_id_1,2022-02-07T11:30:00.000Z
lesson_id_589,group_id_2,2022-02-07T11:00:00.000Z
lesson_id_590,group_id_8,2022-02-07T21:30:00.000Z
lesson_id_591,group_id_12,2022-02-07T15:00:00.000Z
lesson_id_592,group_id_20,2022-02-07T11:30:00.000Z
lesson_id_593,group_id_12,2022-02-08T16:00:00.000Z
lesson_id_594,group_id_19,2022-02-08T11:30:00.000Z
lesson_id_595,group_id_13,2022-02-08T14:30:00.000Z
lesson_id_596,group_id_8,2022-02-08T10:00:00.000Z
lesson_id_597,group_id_6,2022-02-08T16:30:00.000Z
lesson_id_598,group_id_18,2022-02-08T10:30:00.000Z
lesson_id_599,group_id_9,2022-02-08T20:30:00.000Z
lesson_id_600,group_id_7,2022-02-08T18:30:00.000Z
lesson_id_601,group_id_7,2022-02-09T10:00:00.000Z
lesson_id_602,group_id_3,2022-02-09T16:00:00.000Z
lesson_id_603,group_id_15,2022-02-09T10:30:00.000Z
lesson_id_604,group_id_12,2022-02-09T20:00:00.000Z
lesson_id_605,group_id_18,2022-02-09T17:30:00.000Z
lesson_id_606,group_id_10,2022-02-09T11:00:00.000Z
lesson_id_607,group_id_12,2022-02-09T17:00:00.000Z
lesson_id_608,group_id_4,2022-02-09T12:00:00.000Z
lesson_id_609,group_id_8,2022-02-09T21:30:00.000Z
lesson_id_610,group_id_12,2022-02-10T17:30:00.000Z
lesson_id_611,group_id_15,2022-02-10T21:00:00.000Z
lesson_id_612,group_id_20,2022-02-10T10:00:00.000Z
lesson_id_613,group_id_10,2022-02-10T15:30:00.000Z
lesson_id_614,group_id_17,2022-02-10T15:30:00.000Z
lesson_id_615,group_id_19,2022-02-10T10:00:00.000Z
lesson_id_616,group_id_3,2022-02-11T16:30:00.000Z
lesson_id_617,group_id_17,2022-02-11T14:00:00.000Z
lesson_id_618,group_id_18,2022-02-11T19:00:00.000Z
lesson_id_619,group_id_5,2022-02-11T15:00:00.000Z
lesson_id_620,group_id_4,2022-02-11T17:00:00.000Z
lesson_id_621,group_id_10,2022-02-11T11:00:00.000Z
lesson_id_622,group_id_11,2022-02-11T20:00:00.000Z
lesson_id_623,group_id_12,2022-02-11T17:30:00.000Z
lesson_id_624,group_id_9,2022-02-12T12:30:00.000Z
lesson_id_625,group_id_5,2022-02-12T19:30:00.000Z
lesson_id_626,group_id_20,2022-02-12T17:00:00.000Z
lesson_id_627,group_id_17,2022-02-12T19:00:00.000Z
lesson_id_628,group_id_19,2022-02-12T18:00:00.000Z
lesson_id_629,group_id_6,2022-02-12T19:30:00.000Z
lesson_id_630,group_id_2,2022-02-13T09:00:00.000Z
lesson_id_631,group_id_2,2022-02-13T19:30:00.000Z
lesson_id_632,group_id_7,2022-02-13T21:30:00.000Z
lesson_id_633,group_id_20,2022-02-13T19:00:00.000Z
lesson_id_634,group_id_16,2022-02-13T19:30:00.000Z
lesson_id_635,group_id_10,2022-02-13T16:00:00.000Z
lesson_id_636,group_id_13,2022-02-13T13:30:00.000Z
lesson_id_637,group_id_3,2022-02-13T20:00:00.000Z
lesson_id_638,group_id_6,2022-02-13T16:30:00.000Z
lesson_id_639,group_id_16,2022-02-13T16:00:00.000Z
lesson_id_640,group_id_20,2022-02-14T11:30:00.000Z
lesson_id_641,group_id_11,2022-02-14T20:30:00.000Z
lesson_id_642,group_id_13,2022-02-14T11:30:00.000Z
lesson_id_643,group_id_17,2022-02-14T17:00:00.000Z
lesson_id_644,group_id_11,2022-02-14T12:30:00.000Z
lesson_id_645,group_id_4,2022-02-14T13:30:00.000Z
lesson_id_646,group_id_8,2022-02-14T11:00:00.000Z
lesson_id_647,group_id_2,2022-02-14T13:30:00.000Z
lesson_id_648,group_id_14,2022-02-15T12:00:00.000Z
lesson_id_649,group_id_11,2022-02-15T18:30:00.000Z
lesson_id_650,group_id_7,2022-02-15T21:00:00.000Z
lesson_id_651,group_id_16,2022-02-15T17:30:00.000Z
lesson_id_652,group_id_16,2022-02-15T13:30:00.000Z
lesson_id_653,group_id_1,2022-02-15T10:30:00.000Z
lesson_id_654,group_id_17,2022-02-15T16:00:00.000Z
lesson_id_655,group_id_7,2022-02-15T18:30:00.000Z
lesson_id_656,group_id_2,2022-02-15T09:30:00.000Z
lesson_id_657,group_id_16,2022-02-15T18:30:00.000Z
lesson_id_658,group_id_18,2022-02-16T09:00:00.000Z
lesson_id_659,group_id_14,2022-02-16T11:30:00.000Z
lesson_id_660,group_id_12,2022-02-16T21:30:00.000Z
lesson_id_661,group_id_12,2022-02-16T09:30:00.000Z
lesson_id_662,group_id_2,2022-02-16T18:00:00.000Z
lesson_id_663,group_id_12,2022-02-16T17:30:00.000Z
lesson_id_664,group_id_3,2022-02-16T15:30:00.000Z
lesson_id_665,group_id_18,2022-02-16T13:00:00.000Z
lesson_id_666,group_id_4,2022-02-17T15:30:00.000Z
lesson_id_667,group_id_11,2022-02-17T17:30:00.000Z
lesson_id_668,group_id_5,2022-02-17T12:30:00.000Z
lesson_id_669,group_id_17,2022-02-17T09:00:00.000Z
lesson_id_670,group_id_2,2022-02-17T11:30:00.000Z
lesson_id_671,group_id_16,2022-02-17T17:30:00.000Z
lesson_id_672,group_id_5,2022-02-17T18:00:00.000Z
lesson_id_673,group_id_20,2022-02-18T14:00:00.000Z
lesson_id_674,group_id_13,2022-02-18T18:30:00.000Z
lesson_id_675,group_id_19,2022-02-18T14:30:00.000Z
lesson_id_676,group_id_19,2022-02-18T13:30:00.000Z
lesson_id_677,group_id_1,2022-02-18T14:30:00.000Z
lesson_id_678,group_id_4,2022-02-18T15:30:00.000Z
lesson_id_679,group_id_1,2022-02-18T18:30:00.000Z
lesson_id_680,group_id_9,2022-02-18T19:00:00.000Z
lesson_id_681,group_id_19,2022-02-19T16:00:00.000Z
lesson_id_682,group_id_17,2022-02-19T19:30:00.000Z
lesson_id_683,group_id_5,2022-02-19T19:00:00.000Z
lesson_id_684,group_id_2,2022-02-19T18:00:00.000Z
lesson_id_685,group_id_7,2022-02-19T09:30:00.000Z
lesson_id_686,group_id_11,2022-02-19T15:00:00.000Z
lesson_id_687,group_id_7,2022-02-20T15:30:00.000Z
lesson_id_688,group_id_2,2022-02-20T20:00:00.000Z
lesson_id_689,group_id_17,2022-02-20T12:30:00.000Z
lesson_id_690,group_id_16,2022-02-20T17:30:00.000Z
lesson_id_691,group_id_11,2022-02-20T11:30:00.000Z
lesson_id_692,group_id_18,2022-02-20T14:30:00.000Z
lesson_id_693,group_id_9,2022-02-20T18:30:00.000Z
lesson_id_694,group_id_7,2022-02-20T12:30:00.000Z
lesson_id_695,group_id_18,2022-02-20T13:00:00.000Z
lesson_id_696,group_id_10,2022-02-21T20:00:00.000Z
lesson_id_697,group_id_16,2022-02-21T14:30:00.000Z
lesson_id_698,group_id_12,2022-02-21T17:30:00.000Z
lesson_id_699,group_id_10,2022-02-21T10:30:00.000Z
lesson_id_700,group_id_13,2022-02-21T14:00:00.000Z
lesson_id_701,group_id_10,2022-02-21T09:30:00.000Z
lesson_id_702,group_id_3,2022-02-21T14:30:00.000Z
lesson_id_703,group_id_9,2022-02-21T20:30:00.000Z
lesson_id_704,group_id_7,2022-02-22T17:30:00.000Z
lesson_id_705,group_id_18,2022-02-22T20:30:00.000Z
lesson_id_706,group_id_5,2022-02-22T10:00:00.000Z
lesson_id_707,group_id_8,2022-02-22T09:00:00.000Z
lesson_id_708,group_id_8,2022-02-22T09:00:00.000Z
lesson_id_709,group_id_14,2022-02-22T14:30:00.000Z
lesson_id_710,group_id_4,2022-02-22T19:00:00.000Z
lesson_id_711,group_id_18,2022-02-23T11:30:00.000Z
lesson_id_712,group_id_16,2022-02-23T16:00:00.000Z
lesson_id_713,group_id_10,2022-02-23T14:30:00.000Z
lesson_id_714,group_id_2,2022-02-23T21:00:00.000Z
lesson_id_715,group_id_19,2022-02-23T12:00:00.000Z
lesson_id_716,group_id_6,2022-02-23T15:00:00.000Z
lesson_id_717,group_id_13,2022-02-24T21:30:00.000Z
lesson_id_718,group_id_6,2022-02-24T20:30:00.000Z
lesson_id_719,group_id_2,2022-02-24T09:30:00.000Z
lesson_id_720,group_id_19,2022-02-24T18:00:00.000Z
lesson_id_721,group_id_11,2022-02-24T13:30:00.000Z
lesson_id_722,group_id_18,2022-02-24T17:30:00.000Z
lesson_id_723,group_id_17,2022-02-25T16:30:00.000Z
lesson_id_724,group_id_7,2022-02-25T21:00:00.000Z
lesson_id_725,group_id_11,2022-02-25T11:30:00.000Z
lesson_id_726,group_id_9,2022-02-25T20:00:00.000Z
lesson_id_727,group_id_1,2022-02-25T20:30:00.000Z
lesson_id_728,group_id_10,2022-02-25T18:00:00.000Z
lesson_id_729,group_id_6,2022-02-25T18:30:00.000Z
lesson_id_730,group_id_17,2022-02-26T14:00:00.000Z
lesson_id_731,group_id_13,2022-02-26T19:00:00.000Z
lesson_id_732,group_id_6,2022-02-26T11:30:00.000Z
lesson_id_733,group_id_11,2022-02-26T12:00:00.000Z
lesson_id_734,group_id_9,2022-02-26T15:00:00.000Z
lesson_id_735,group_id_15,2022-02-26T21:30:00.000Z
lesson_id_736,group_id_11,2022-02-26T13:00:00.000Z
lesson_id_737,group_id_9,2022-02-26T19:30:00.000Z
lesson_id_738,group_id_8,2022-02-26T09:00:00.000Z
lesson_id_739,group_id_10,2022-02-27T11:30:00.000Z
lesson_id_740,group_id_17,2022-02-27T20:30:00.000Z
lesson_id_741,group_id_4,2022-02-27T19:30:00.000Z
lesson_id_742,group_id_12,2022-02-27T18:00:00.000Z
lesson_id_743,group_id_8,2022-02-27T11:30:00.000Z
lesson_id_744,group_id_5,2022-02-27T16:30:00.000Z
lesson_id_745,group_id_14,2022-02-27T20:30:00.000Z
lesson_id_746,group_id_18,2022-02-27T21:00:00.000Z
lesson_id_747,group_id_8,2022-02-27T19:00:00.000Z
lesson_id_748,group_id_15,2022-02-28T17:30:00.000Z
lesson_id_749,group_id_3,2022-02-28T18:00:00.000Z
lesson_id_750,group_id_2,2022-02-28T17:00:00.000Z
lesson_id_751,group_id_19,2022-02-28T17:00:00.000Z
lesson_id_752,group_id_6,2022-02-28T14:30:00.000Z
lesson_id_753,group_id_4,2022-02-28T19:00:00.000Z
lesson_id_754,group_id_19,2022-02-28T16:00:00.000Z
lesson_id_755,group_id_17,2022-02-28T16:00:00.000Z
lesson_id_756,group_id_15,2022-02-28T11:30:00.000Z
lesson_id_757,group_id_15,2022-02-28T18:00:00.000Z
lesson_id_758,group_id_15,2022-03-01T19:30:00.000Z
lesson_id_759,group_id_1,2022-03-01T15:30:00.000Z
lesson_id_760,group_id_1,2022-03-01T20:00:00.000Z
lesson_id_761,group_id_19,2022-03-01T10:00:00.000Z
lesson_id_762,group_id_14,2022-03-01T14:00:00.000Z
lesson_id_763,group_id_18,2022-03-01T09:00:00.000Z
lesson_id_764,group_id_16,2022-03-01T09:30:00.000Z
lesson_id_765,group_id_14,2022-03-01T11:00:00.000Z
lesson_id_766,group_id_14,2022-03-01T14:30:00.000Z
lesson_id_767,group_id_15,2022-03-01T15:30:00.000Z
lesson_id_768,group_id_18,2022-03-02T11:30:00.000Z
lesson_id_769,group_id_4,2022-03-02T11:30:00.000Z
lesson_id_770,group_id_17,2022-03-02T11:00:00.000Z
lesson_id_771,group_id_1,2022-03-02T21:00:00.000Z
lesson_id_772,group_id_10,2022-03-02T16:30:00.000Z
lesson_id_773,group_id_18,2022-03-02T15:00:00.000Z
lesson_id_774,group_id_15,2022-03-03T14:00:00.000Z
lesson_id_775,group_id_9,2022-03-03T12:00:00.000Z
lesson_id_776,group_id_2,2022-03-03T21:30:00.000Z
lesson_id_777,group_id_20,2022-03-03T21:00:00.000Z
lesson_id_778,group_id_8,2022-03-03T12:00:00.000Z
lesson_id_779,group_id_4,2022-03-03T18:00:00.000Z
lesson_id_780,group_id_15,2022-03-03T18:00:00.000Z
lesson_id_781,group_id_2,2022-03-04T15:30:00.000Z
lesson_id_782,group_id_8,2022-03-04T17:00:00.000Z
lesson_id_783,group_id_2,2022-03-04T11:30:00.000Z
lesson_id_784,group_id_8,2022-03-04T20:30:00.000Z
lesson_id_785,group_id_19,2022-03-04T18:30:00.000Z
lesson_id_786,group_id_8,2022-03-04T13:00:00.000Z
lesson_id_787,group_id_17,2022-03-04T12:30:00.000Z
lesson_id_788,group_id_9,2022-03-05T09:00:00.000Z
lesson_id_789,group_id_14,2022-03-05T17:30:00.000Z
lesson_id_790,group_id_2,2022-03-05T14:30:00.000Z
lesson_id_791,group_id_17,2022-03-05T14:30:00.000Z
lesson_id_792,group_id_14,2022-03-05T11:30:00.000Z
lesson_id_793,group_id_13,2022-03-05T11:30:00.000Z
lesson_id_794,group_id_8,2022-03-05T12:30:00.000Z
lesson_id_795,group_id_5,2022-03-05T21:30:00.000Z
lesson_id_796,group_id_18,2022-03-06T15:30:00.000Z
lesson_id_797,group_id_18,2022-03-06T17:00:00.000Z
lesson_id_798,group_id_13,2022-03-06T12:30:00.000Z
lesson_id_799,group_id_7,2022-03-06T14:00:00.000Z
lesson_id_800,group_id_15,2022-03-06T14:00:00.000Z
lesson_id_801,group_id_18,2022-03-06T20:00:00.000Z
lesson_id_802,group_id_9,2022-03-07T15:00:00.000Z
lesson_id_803,group_id_3,2022-03-07T12:00:00.000Z
lesson_id_804,group_id_16,2022-03-07T12:30:00.000Z
lesson_id_805,group_id_10,2022-03-07T09:00:00.000Z
lesson_id_806,group_id_7,2022-03-07T20:00:00.000Z
lesson_id_807,group_id_16,2022-03-07T12:00:00.000Z
lesson_id_808,group_id_8,2022-03-08T17:30:00.000Z
lesson_id_809,group_id_10,2022-03-08T15:30:00.000Z
lesson_id_810,group_id_18,2022-03-08T19:30:00.000Z
lesson_id_811,group_id_10,2022-03-08T13:30:00.000Z
lesson_id_812,group_id_17,2022-03-08T16:30:00.000Z
lesson_id_813,group_id_4,2022-03-08T21:30:00.000Z
lesson_id_814,group_id_11,2022-03-08T12:30:00.000Z
lesson_id_815,group_id_11,2022-03-08T15:00:00.000Z
lesson_id_816,group_id_19,2022-03-08T12:00:00.000Z
lesson_id_817,group_id_9,2022-03-09T17:30:00.000Z
lesson_id_818,group_id_10,2022-03-09T11:00:00.000Z
lesson_id_819,group_id_11,2022-03-09T12:30:00.000Z
lesson_id_820,group_id_19,2022-03-09T12:30:00.000Z
lesson_id_821,group_id_18,2022-03-09T19:30:00.000Z
lesson_id_822,group_id_9,2022-03-09T21:30:00.000Z
lesson_id_823,group_id_15,2022-03-10T11:30:00.000Z
lesson_id_824,group_id_6,2022-03-10T11:30:00.000Z
lesson_id_825,group_id_6,2022-03-10T17:00:00.000Z
lesson_id_826,group_id_17,2022-03-10T09:00:00.000Z
lesson_id_827,group_id_2,2022-03-10T21:00:00.000Z
lesson_id_828,group_id_14,2022-03-10T11:00:00.000Z
lesson_id_829,group_id_3,2022-03-10T20:00:00.000Z
lesson_id_830,group_id_1,2022-03-10T12:30:00.000Z
lesson_id_831,group_id_12,2022-03-10T09:30:00.000Z
lesson_id_832,group_id_1,2022-03-11T09:30:00.000Z
lesson_id_833,group_id_1,2022-03-11T09:30:00.000Z
lesson_id_834,group_id_18,2022-03-11T13:00:00.000Z
lesson_id_835,group_id_17,2022-03-11T20:30:00.000Z
lesson_id_836,group_id_6,2022-03-11T10:00:00.000Z
lesson_id_837,group_id_17,2022-03-11T11:00:00.000Z
lesson_id_838,group_id_7,2022-03-11T18:30:00.000Z
lesson_id_839,group_id_12,2022-03-11T13:30:00.000Z
lesson_id_840,group_id_3,2022-03-11T14:30:00.000Z
lesson_id_841,group_id_19,2022-03-12T12:00:00.000Z
lesson_id_842,group_id_10,2022-03-12T19:00:00.000Z
lesson_id_843,group_id_2,2022-03-12T10:30:00.000Z
lesson_id_844,group_id_13,2022-03-12T15:30:00.000Z
lesson_id_845,group_id_2,2022-03-12T19:00:00.000Z
lesson_id_846,group_id_6,2022-03-12T10:30:00.000Z
lesson_id_847,group_id_14,2022-03-12T19:30:00.000Z
lesson_id_848,group_id_19,2022-03-12T10:00:00.000Z
lesson_id_849,group_id_8,2022-03-12T12:30:00.000Z
lesson_id_850,group_id_2,2022-03-13T10:30:00.000Z
lesson_id_851,group_id_18,2022-03-13T18:00:00.000Z
lesson_id_852,group_id_6,2022-03-13T14:00:00.000Z
lesson_id_853,group_id_7,2022-03-13T18:00:00.000Z
lesson_id_854,group_id_13,2022-03-13T10:30:00.000Z
lesson_id_855,group_id_6,2022-03-13T18:00:00.000Z
lesson_id_856,group_id_19,2022-03-13T15:30:00.000Z
lesson_id_857,group_id_13,2022-03-13T21:00:00.000Z
lesson_id_858,group_id_17,2022-03-14T20:30:00.000Z
lesson_id_859,group_id_2,2022-03-14T10:30:00.000Z
lesson_id_860,group_id_8,2022-03-14T10:30:00.000Z
lesson_id_861,group_id_20,2022-03-14T21:30:00.000Z
lesson_id_862,group_id_11,2022-03-14T09:30:00.000Z
lesson_id_863,group_id_15,2022-03-14T16:00:00.000Z
lesson_id_864,group_id_18,2022-03-15T15:30:00.000Z
lesson_id_865,group_id_6,2022-03-15T19:30:00.000Z
lesson_id_866,group_id_3,2022-03-15T21:30:00.000Z
lesson_id_867,group_id_8,2022-03-15T20:00:00.000Z
lesson_id_868,group_id_3,2022-03-15T13:00:00.000Z
lesson_id_869,group_id_13,2022-03-15T20:00:00.000Z
lesson_id_870,group_id_13,2022-03-15T14:30:00.000Z
lesson_id_871,group_id_4,2022-03-15T10:00:00.000Z
lesson_id_872,group_id_15,2022-03-16T14:30:00.000Z
lesson_id_873,group_id_4,2022-03-16T11:00:00.000Z
lesson_id_874,group_id_6,2022-03-16T15:30:00.000Z
lesson_id_875,group_id_18,2022-03-16T17:30:00.000Z
lesson_id_876,group_id_4,2022-03-16T09:00:00.000Z
lesson_id_877,group_id_12,2022-03-16T17:00:00.000Z
lesson_id_878,group_id_20,2022-03-16T18:30:00.000Z
lesson_id_879,group_id_13,2022-03-16T09:30:00.000Z
lesson_id_880,group_id_13,2022-03-17T21:00:00.000Z
lesson_id_881,group_id_18,2022-03-17T12:00:00.000Z
lesson_id_882,group_id_13,2022-03-17T11:00:00.000Z
lesson_id_883,group_id_9,2022-03-17T13:30:00.000Z
lesson_id_884,group_id_16,2022-03-17T11:00:00.000Z
lesson_id_885,group_id_6,2022-03-17T15:30:00.000Z
lesson_id_886,group_id_14,2022-03-17T13:30:00.000Z
lesson_id_887,group_id_3,2022-03-17T14:30:00.000Z
lesson_id_888,group_id_8,2022-03-17T20:30:00.000Z
lesson_id_889,group_id_20,2022-03-18T12:30:00.000Z
lesson_id_890,group_id_4,2022-03-18T11:30:00.000Z
lesson_id_891,group_id_1,2022-03-18T15:30:00.000Z
lesson_id_892,group_id_20,2022-03-18T15:30:00.000Z
lesson_id_893,group_id_15,2022-03-18T14:30:00.000Z
lesson_id_894,group_id_20,2022-03-18T11:30:00.000Z
lesson_id_895,group_id_11,2022-03-18T18:00:00.000Z
lesson_id_896,group_id_16,2022-03-18T14:00:00.000Z
lesson_id_897,group_id_13,2022-03-18T14:30:00.000Z
lesson_id_898,group_id_16,2022-03-18T18:00:00.000Z
lesson_id_899,group_id_13,2022-03-19T13:30:00.000Z
lesson_id_900,group_id_12,2022-03-19T10:00:00.000Z
lesson_id_901,group_id_19,2022-03-19T17:00:00.000Z
lesson_id_902,group_id_18,2022-03-19T09:30:00.000Z
lesson_id_903,group_id_7,2022-03-19T16:30:00.000Z
lesson_id_904,group_id_3,2022-03-19T21:30:00.000Z
lesson_id_905,group_id_16,2022-03-19T11:30:00.000Z
lesson_id_906,group_id_8,2022-03-19T13:00:00.000Z
lesson_id_907,group_id_13,2022-03-20T10:30:00.000Z
lesson_id_908,group_id_20,2022-03-20T16:30:00.000Z
lesson_id_909,group_id_18,2022-03-20T17:30:00.000Z
lesson_id_910,group_id_18,2022-03-20T09:30:00.000Z
lesson_id_911,group_id_18,2022-03-20T18:00:00.000Z
lesson_id_912,group_id_4,2022-03-20T21:00:00.000Z
lesson_id_913,group_id_12,2022-03-20T11:00:00.000Z
lesson_id_914,group_id_19,2022-03-20T19:30:00.000Z
lesson_id_915,group_id_11,2022-03-20T21:30:00.000Z
lesson_id_916,group_id_1,2022-03-21T10:30:00.000Z
lesson_id_917,group_id_8,2022-03-21T17:00:00.000Z
lesson_id_918,group_id_15,2022-03-21T14:30:00.000Z
lesson_id_919,group_id_15,2022-03-21T21:00:00.000Z
lesson_id_920,group_id_12,2022-03-21T09:30:00.000Z
lesson_id_921,group_id_4,2022-03-21T13:30:00.000Z
lesson_id_922,group_id_4,2022-03-22T20:00:00.000Z
lesson_id_923,group_id_12,2022-03-22T13:30:00.000Z
lesson_id_924,group_id_15,2022-03-22T21:00:00.000Z
lesson_id_925,group_id_17,2022-03-22T16:30:00.000Z
lesson_id_926,group_id_16,2022-03-22T10:30:00.000Z
lesson_id_927,group_id_15,2022-03-22T14:00:00.000Z
lesson_id_928,group_id_2,2022-03-23T21:00:00.000Z
lesson_id_929,group_id_1,2022-03-23T14:00:00.000Z
lesson_id_930,group_id_6,2022-03-23T20:00:00.000Z
lesson_id_931,group_id_17,2022-03-23T11:00:00.000Z
lesson_id_932,group_id_11,2022-03-23T17:30:00.000Z
lesson_id_933,group_id_15,2022-03-23T12:30:00.000Z
lesson_id_934,group_id_6,2022-03-23T11:30:00.000Z
lesson_id_935,group_id_13,2022-03-23T09:00:00.000Z
lesson_id_936,group_id_19,2022-03-24T15:30:00.000Z
lesson_id_937,group_id_1,2022-03-24T20:00:00.000Z
lesson_id_938,group_id_7,2022-03-24T13:00:00.000Z
lesson_id_939,group_id_19,2022-03-24T10:00:00.000Z
lesson_id_940,group_id_12,2022-03-24T14:00:00.000Z
lesson_id_941,group_id_15,2022-03-24T10:30:00.000Z
lesson_id_942,group_id_16,2022-03-24T17:30:00.000Z
lesson_id_943,group_id_20,2022-03-24T15:30:00.000Z
lesson_id_944,group_id_19,2022-03-24T10:30:00.000Z
lesson_id_945,group_id_15,2022-03-25T18:00:00.000Z
lesson_id_946,group_id_10,2022-03-25T18:00:00.000Z
lesson_id_947,group_id_5,2022-03-25T14:00:00.000Z
lesson_id_948,group_id_8,2022-03-25T13:00:00.000Z
lesson_id_949,group_id_6,2022-03-25T14:00:00.000Z
lesson_id_950,group_id_17,2022-03-25T15:30:00.000Z
lesson_id_951,group_id_20,2022-03-25T11:30:00.000Z
lesson_id_952,group_id_14,2022-03-25T11:30:00.000Z
lesson_id_953,group_id_6,2022-03-26T17:00:00.000Z
lesson_id_954,group_id_16,2022-03-26T13:00:00.000Z
lesson_id_955,group_id_6,2022-03-26T14:30:00.000Z
lesson_id_956,group_id_20,2022-03-26T09:30:00.000Z
lesson_id_957,group_id_1,2022-03-26T16:00:00.000Z
lesson_id_958,group_id_7,2022-03-26T15:30:00.000Z
lesson_id_959,group_id_14,2022-03-26T19:30:00.000Z
lesson_id_960,group_id_14,2022-03-26T20:30:00.000Z
lesson_id_961,group_id_16,2022-03-26T11:00:00.000Z
lesson_id_962,group_id_19,2022-03-26T09:00:00.000Z
lesson_id_963,group_id_2,2022-03-27T13:00:00.000Z
lesson_id_964,group_id_18,2022-03-27T13:00:00.000Z
lesson_id_965,group_id_15,2022-03-27T18:30:00.000Z
lesson_id_966,group_id_18,2022-03-27T17:00:00.000Z
lesson_id_967,group_id_19,2022-03-27T10:30:00.000Z
lesson_id_968,group_id_18,2022-03-27T14:00:00.000Z
lesson_id_969,group_id_15,2022-03-27T17:00:00.000Z
lesson_id_970,group_id_14,2022-03-27T10:00:00.000Z
lesson_id_971,group_id_2,2022-03-28T16:30:00.000Z
lesson_id_972,group_id_12,2022-03-28T10:30:00.000Z
lesson_id_973,group_id_4,2022-03-28T21:00:00.000Z
lesson_id_974,group_id_7,2022-03-28T21:30:00.000Z
lesson_id_975,group_id_20,2022-03-28T19:30:00.000Z
lesson_id_976,group_id_6,2022-03-28T18:00:00.000Z
lesson_id_977,group_id_7,2022-03-28T12:00:00.000Z
lesson_id_978,group_id_19,2022-03-28T14:30:00.000Z
lesson_id_979,group_id_18,2022-03-29T11:30:00.000Z
lesson_id_980,group_id_10,2022-03-29T13:30:00.000Z
lesson_id_981,group_id_17,2022-03-29T19:00:00.000Z
lesson_id_982,group_id_5,2022-03-29T21:30:00.000Z
lesson_id_983,group_id_2,2022-03-29T13:00:00.000Z
lesson_id_984,group_id_5,2022-03-29T12:00:00.000Z
lesson_id_985,group_id_11,2022-03-29T12:30:00.000Z
lesson_id_986,group_id_16,2022-03-29T11:30:00.000Z
lesson_id_987,group_id_14,2022-03-29T15:30:00.000Z
lesson_id_988,group_id_3,2022-03-29T19:00:00.000Z
lesson_id_989,group_id_17,2022-03-30T20:30:00.000Z
lesson_id_990,group_id_12,2022-03-30T16:30:00.000Z
lesson_id_991,group_id_11,2022-03-30T18:00:00.000Z
lesson_id_992,group_id_3,2022-03-30T20:30:00.000Z
lesson_id_993,group_id_12,2022-03-30T10:30:00.000Z
lesson_id_994,group_id_7,2022-03-30T15:00:00.000Z
lesson_id_995,group_id_16,2022-03-30T13:30:00.000Z
lesson_id_996,group_id_10,2022-03-30T14:00:00.000Z
lesson_id_997,group_id_19,2022-03-30T16:30:00.000Z
lesson_id_998,group_id_2,2022-03-31T10:30:00.000Z
lesson_id_999,group_id_1,2022-03-31T10:00:00.000Z
lesson_id_1000,group_id_15,2022-03-31T16:00:00.000Z
lesson_id_1001,group_id_14,2022-03-31T12:00:00.000Z
lesson_id_1002,group_id_10,2022-03-31T11:30:00.000Z
lesson_id_1003,group_id_3,2022-03-31T19:30:00.000Z
lesson_id_1004,group_id_3,2022-04-01T14:00:00.000Z
lesson_id_1005,group_id_2,2022-04-01T15:30:00.000Z
lesson_id_1006,group_id_8,2022-04-01T15:00:00.000Z
lesson_id_1007,group_id_4,2022-04-01T09:00:00.000Z
lesson_id_1008,group_id_16,2022-04-01T10:00:00.000Z
lesson_id_1009,group_id_19,2022-04-01T12:30:00.000Z
lesson_id_1010,group_id_1,2022-04-01T09:30:00.000Z
lesson_id_1011,group_id_4,2022-04-01T15:00:00.000Z
lesson_id_1012,group_id_3,2022-04-02T12:30:00.000Z
lesson_id_1013,group_id_3,2022-04-02T20:00:00.000Z
lesson_id_1014,group_id_4,2022-04-02T14:30:00.000Z
lesson_id_1015,group_id_10,2022-04-02T11:30:00.000Z
lesson_id_1016,group_id_5,2022-04-02T19:00:00.000Z
lesson_id_1017,group_id_3,2022-04-02T17:00:00.000Z
lesson_id_1018,group_id_20,2022-04-02T19:00:00.000Z
lesson_id_1019,group_id_15,2022-04-02T14:00:00.000Z
lesson_id_1020,group_id_5,2022-04-02T15:30:00.000Z
lesson_id_1021,group_id_3,2022-04-03T10:00:00.000Z
lesson_id_1022,group_id_4,2022-04-03T18:30:00.000Z
lesson_id_1023,group_id_12,2022-04-03T15:30:00.000Z
lesson_id_1024,group_id_5,2022-04-03T12:30:00.000Z
lesson_id_1025,group_id_3,2022-04-03T12:30:00.000Z
lesson_id_1026,group_id_1,2022-04-03T19:30:00.000Z
lesson_id_1027,group_id_7,2022-04-03T17:00:00.000Z
lesson_id_1028,group_id_10,2022-04-04T19:00:00.000Z
lesson_id_1029,group_id_8,2022-04-04T16:30:00.000Z
lesson_id_1030,group_id_4,2022-04-04T12:30:00.000Z
lesson_id_1031,group_id_20,2022-04-04T10:00:00.000Z
lesson_id_1032,group_id_12,2022-04-04T14:00:00.000Z
lesson_id_1033,group_id_13,2022-04-04T18:30:00.000Z
lesson_id_1034,group_id_12,2022-04-04T17:00:00.000Z
lesson_id_1035,group_id_16,2022-04-04T21:00:00.000Z
lesson_id_1036,group_id_1,2022-04-04T18:00:00.000Z
lesson_id_1037,group_id_9,2022-04-05T12:00:00.000Z
lesson_id_1038,group_id_2,2022-04-05T21:30:00.000Z
lesson_id_1039,group_id_17,2022-04-05T13:30:00.000Z
lesson_id_1040,group_id_14,2022-04-05T20:30:00.000Z
lesson_id_1041,group_id_3,2022-04-05T19:00:00.000Z
lesson_id_1042,group_id_9,2022-04-05T10:30:00.000Z
lesson_id_1043,group_id_17,2022-04-06T12:00:00.000Z
lesson_id_1044,group_id_18,2022-04-06T14:30:00.000Z
lesson_id_1045,group_id_19,2022-04-06T19:00:00.000Z
lesson_id_1046,group_id_10,2022-04-06T20:30:00.000Z
lesson_id_1047,group_id_8,2022-04-06T09:00:00.000Z
lesson_id_1048,group_id_3,2022-04-06T15:00:00.000Z
lesson_id_1049,group_id_20,2022-04-07T18:00:00.000Z
lesson_id_1050,group_id_10,2022-04-07T19:00:00.000Z
lesson_id_1051,group_id_4,2022-04-07T09:00:00.000Z
lesson_id_1052,group_id_1,2022-04-07T11:30:00.000Z
lesson_id_1053,group_id_12,2022-04-07T17:30:00.000Z
lesson_id_1054,group_id_6,2022-04-07T14:00:00.000Z
lesson_id_1055,group_id_9,2022-04-07T20:00:00.000Z
lesson_id_1056,group_id_1,2022-04-07T14:30:00.000Z
lesson_id_1057,group_id_9,2022-04-07T17:00:00.000Z
lesson_id_1058,group_id_19,2022-04-08T19:00:00.000Z
lesson_id_1059,group_id_16,2022-04-08T16:30:00.000Z
lesson_id_1060,group_id_2,2022-04-08T16:00:00.000Z
lesson_id_1061,group_id_12,2022-04-08T11:30:00.000Z
lesson_id_1062,group_id_4,2022-04-08T18:00:00.000Z
lesson_id_1063,group_id_8,2022-04-08T20:00:00.000Z
lesson_id_1064,group_id_2,2022-04-08T09:00:00.000Z
lesson_id_1065,group_id_2,2022-04-08T16:30:00.000Z
lesson_id_1066,group_id_5,2022-04-09T11:00:00.000Z
lesson_id_1067,group_id_18,2022-04-09T21:30:00.000Z
lesson_id_1068,group_id_8,2022-04-09T14:00:00.000Z
lesson_id_1069,group_id_14,2022-04-09T20:30:00.000Z
lesson_id_1070,group_id_9,2022-04-09T10:30:00.000Z
lesson_id_1071,group_id_4,2022-04-09T17:00:00.000Z
lesson_id_1072,group_id_6,2022-04-09T12:00:00.000Z
lesson_id_1073,group_id_13,2022-04-09T10:30:00.000Z
lesson_id_1074,group_id_10,2022-04-09T21:30:00.000Z
lesson_id_1075,group_id_3,2022-04-10T17:30:00.000Z
lesson_id_1076,group_id_1,2022-04-10T14:00:00.000Z
lesson_id_1077,group_id_10,2022-04-10T18:30:00.000Z
lesson_id_1078,group_id_20,2022-04-10T12:30:00.000Z
lesson_id_1079,group_id_12,2022-04-10T18:30:00.000Z
lesson_id_1080,group_id_7,2022-04-10T20:00:00.000Z
lesson_id_1081,group_id_5,2022-04-10T09:30:00.000Z
lesson_id_1082,group_id_1,2022-04-10T12:30:00.000Z
lesson_id_1083,group_id_11,2022-04-11T09:30:00.000Z
lesson_id_1084,group_id_10,2022-04-11T10:00:00.000Z
lesson_id_1085,group_id_17,2022-04-11T12:30:00.000Z
lesson_id_1086,group_id_16,2022-04-11T09:00:00.000Z
lesson_id_1087,group_id_9,2022-04-11T10:00:00.000Z
lesson_id_1088,group_id_8,2022-04-11T17:30:00.000Z
lesson_id_1089,group_id_15,2022-04-12T20:00:00.000Z
lesson_id_1090,group_id_19,2022-04-12T10:00:00.000Z
lesson_id_1091,group_id_13,2022-04-12T10:00:00.000Z
lesson_id_1092,group_id_14,2022-04-12T19:00:00.000Z
lesson_id_1093,group_id_8,2022-04-12T13:30:00.000Z
lesson_id_1094,group_id_11,2022-04-12T21:30:00.000Z
lesson_id_1095,group_id_11,2022-04-12T14:30:00.000Z
lesson_id_1096,group_id_9,2022-04-12T12:00:00.000Z
lesson_id_1097,group_id_5,2022-04-13T21:00:00.000Z
lesson_id_1098,group_id_5,2022-04-13T10:00:00.000Z
lesson_id_1099,group_id_15,2022-04-13T16:30:00.000Z
lesson_id_1100,group_id_14,2022-04-13T10:30:00.000Z
lesson_id_1101,group_id_7,2022-04-13T16:30:00.000Z
lesson_id_1102,group_id_15,2022-04-13T13:00:00.000Z
lesson_id_1103,group_id_3,2022-04-13T11:30:00.000Z
lesson_id_1104,group_id_2,2022-04-14T12:30:00.000Z
lesson_id_1105,group_id_5,2022-04-14T10:00:00.000Z
lesson_id_1106,group_id_12,2022-04-14T15:00:00.000Z
lesson_id_1107,group_id_10,2022-04-14T13:00:00.000Z
lesson_id_1108,group_id_1,2022-04-14T15:30:00.000Z
lesson_id_1109,group_id_18,2022-04-14T20:00:00.000Z
lesson_id_1110,group_id_4,2022-04-14T16:00:00.000Z
lesson_id_1111,group_id_5,2022-04-14T10:00:00.000Z
lesson_id_1112,group_id_2,2022-04-14T21:00:00.000Z
lesson_id_1113,group_id_5,2022-04-14T12:30:00.000Z
lesson_id_1114,group_id_3,2022-04-15T18:30:00.000Z
lesson_id_1115,group_id_3,2022-04-15T09:00:00.000Z
lesson_id_1116,group_id_7,2022-04-15T19:30:00.000Z
lesson_id_1117,group_id_5,2022-04-15T10:30:00.000Z
lesson_id_1118,group_id_4,2022-04-15T09:30:00.000Z
lesson_id_1119,group_id_2,2022-04-15T11:30:00.000Z
lesson_id_1120,group_id_13,2022-04-15T16:00:00.000Z
lesson_id_1121,group_id_13,2022-04-15T19:30:00.000Z
lesson_id_1122,group_id_12,2022-04-16T12:00:00.000Z
lesson_id_1123,group_id_9,2022-04-16T13:30:00.000Z
lesson_id_1124,group_id_5,2022-04-16T09:00:00.000Z
lesson_id_1125,group_id_10,2022-04-16T16:30:00.000Z
lesson_id_1126,group_id_18,2022-04-16T16:00:00.000Z
lesson_id_1127,group_id_3,2022-04-16T13:30:00.000Z
lesson_id_1128,group_id_5,2022-04-16T15:00:00.000Z
lesson_id_1129,group_id_8,2022-04-17T19:00:00.000Z
lesson_id_1130,group_id_13,2022-04-17T21:30:00.000Z
lesson_id_1131,group_id_16,2022-04-17T17:30:00.000Z
lesson_id_1132,group_id_12,2022-04-17T18:30:00.000Z
lesson_id_1133,group_id_13,2022-04-17T13:00:00.000Z
lesson_id_1134,group_id_1,2022-04-17T14:00:00.000Z
lesson_id_1135,group_id_1,2022-04-17T21:30:00.000Z
lesson_id_1136,group_id_2,2022-04-17T21:30:00.000Z
lesson_id_1137,group_id_17,2022-04-17T14:00:00.000Z
lesson_id_1138,group_id_6,2022-04-17T10:00:00.000Z
lesson_id_1139,group_id_9,2022-04-18T17:00:00.000Z
lesson_id_1140,group_id_8,2022-04-18T18:30:00.000Z
lesson_id_1141,group_id_12,2022-04-18T11:00:00.000Z
lesson_id_1142,group_id_8,2022-04-18T18:30:00.000Z
lesson_id_1143,group_id_12,2022-04-18T18:00:00.000Z
lesson_id_1144,group_id_12,2022-04-18T18:00:00.000Z
lesson_id_1145,group_id_19,2022-04-18T12:30:00.000Z
lesson_id_1146,group_id_10,2022-04-19T11:30:00.000Z
lesson_id_1147,group_id_2,2022-04-19T10:00:00.000Z
lesson_id_1148,group_id_8,2022-04-19T18:00:00.000Z
lesson_id_1149,group_id_1,2022-04-19T17:30:00.000Z
lesson_id_1150,group_id_1,2022-04-19T14:00:00.000Z
lesson_id_1151,group_id_5,2022-04-19T14:00:00.000Z
lesson_id_1152,group_id_11,2022-04-19T09:00:00.000Z
lesson_id_1153,group_id_5,2022-04-19T18:00:00.000Z
lesson_id_1154,group_id_4,2022-04-19T17:30:00.000Z
lesson_id_1155,group_id_3,2022-04-19T14:30:00.000Z
lesson_id_1156,group_id_4,2022-04-20T14:30:00.000Z
lesson_id_1157,group_id_11,2022-04-20T11:00:00.000Z
lesson_id_1158,group_id_14,2022-04-20T21:30:00.000Z
lesson_id_1159,group_id_11,2022-04-20T11:30:00.000Z
lesson_id_1160,group_id_8,2022-04-20T19:00:00.000Z
lesson_id_1161,group_id_13,2022-04-20T13:30:00.000Z
lesson_id_1162,group_id_5,2022-04-20T11:00:00.000Z
lesson_id_1163,group_id_19,2022-04-20T15:00:00.000Z
lesson_id_1164,group_id_6,2022-04-20T18:30:00.000Z
lesson_id_1165,group_id_20,2022-04-20T12:00:00.000Z
lesson_id_1166,group_id_5,2022-04-21T14:00:00.000Z
lesson_id_1167,group_id_8,2022-04-21T14:30:00.000Z
lesson_id_1168,group_id_6,2022-04-21T19:00:00.000Z
lesson_id_1169,group_id_11,2022-04-21T16:00:00.000Z
lesson_id_1170,group_id_9,2022-04-21T12:00:00.000Z
lesson_id_1171,group_id_3,2022-04-21T14:30:00.000Z
lesson_id_1172,group_id_4,2022-04-21T20:00:00.000Z
lesson_id_1173,group_id_2,2022-04-21T15:30:00.000Z
lesson_id_1174,group_id_14,2022-04-21T11:30:00.000Z
lesson_id_1175,group_id_13,2022-04-22T14:30:00.000Z
lesson_id_1176,group_id_4,2022-04-22T16:00:00.000Z
lesson_id_1177,group_id_6,2022-04-22T16:00:00.000Z
lesson_id_1178,group_id_2,2022-04-22T13:00:00.000Z
lesson_id_1179,group_id_11,2022-04-22T13:00:00.000Z
lesson_id_1180,group_id_3,2022-04-22T14:00:00.000Z
lesson_id_1181,group_id_13,2022-04-22T11:00:00.000Z
lesson_id_1182,group_id_18,2022-04-22T10:30:00.000Z
lesson_id_1183,group_id_20,2022-04-22T18:30:00.000Z
lesson_id_1184,group_id_14,2022-04-23T19:00:00.000Z
lesson_id_1185,group_id_20,2022-04-23T15:00:00.000Z
lesson_id_1186,group_id_2,2022-04-23T10:30:00.000Z
lesson_id_1187,group_id_7,2022-04-23T12:30:00.000Z
lesson_id_1188,group_id_18,2022-04-23T20:30:00.000Z
lesson_id_1189,group_id_10,2022-04-23T13:00:00.000Z
lesson_id_1190,group_id_2,2022-04-24T15:30:00.000Z
lesson_id_1191,group_id_5,2022-04-24T09:30:00.000Z
lesson_id_1192,group_id_1,2022-04-24T15:00:00.000Z
lesson_id_1193,group_id_10,2022-04-24T19:30:00.000Z
lesson_id_1194,group_id_7,2022-04-24T10:00:00.000Z
lesson_id_1195,group_id_7,2022-04-24T11:30:00.000Z
lesson_id_1196,group_id_16,2022-04-25T10:30:00.000Z
lesson_id_1197,group_id_13,2022-04-25T16:30:00.000Z
lesson_id_1198,group_id_9,2022-04-25T10:30:00.000Z
lesson_id_1199,group_id_6,2022-04-25T14:30:00.000Z
lesson_id_1200,group_id_12,2022-04-25T11:30:00.000Z
lesson_id_1201,group_id_2,2022-04-25T13:30:00.000Z
lesson_id_1202,group_id_9,2022-04-26T12:30:00.000Z
lesson_id_1203,group_id_19,2022-04-26T09:00:00.000Z
lesson_id_1204,group_id_4,2022-04-26T10:30:00.000Z
lesson_id_1205,group_id_18,2022-04-26T15:00:00.000Z
lesson_id_1206,group_id_18,2022-04-26T09:30:00.000Z
lesson_id_1207,group_id_17,2022-04-26T15:30:00.000Z
lesson_id_1208,group_id_19,2022-04-26T12:30:00.000Z
lesson_id_1209,group_id_10,2022-04-26T10:30:00.000Z
lesson_id_1210,group_id_2,2022-04-26T17:00:00.000Z
lesson_id_1211,group_id_15,2022-04-27T11:00:00.000Z
lesson_id_1212,group_id_7,2022-04-27T21:00:00.000Z
lesson_id_1213,group_id_5,2022-04-27T09:30:00.000Z
lesson_id_1214,group_id_3,2022-04-27T19:30:00.000Z
lesson_id_1215,group_id_7,2022-04-27T19:00:00.000Z
lesson_id_1216,group_id_20,2022-04-27T13:30:00.000Z
lesson_id_1217,group_id_3,2022-04-28T15:30:00.000Z
lesson_id_1218,group_id_18,2022-04-28T14:30:00.000Z
lesson_id_1219,group_id_17,2022-04-28T16:00:00.000Z
lesson_id_1220,group_id_20,2022-04-28T18:30:00.000Z
lesson_id_1221,group_id_4,2022-04-28T15:00:00.000Z
lesson_id_1222,group_id_5,2022-04-28T18:00:00.000Z
lesson_id_1223,group_id_19,2022-04-29T21:00:00.000Z
lesson_id_1224,group_id_10,2022-04-29T17:30:00.000Z
lesson_id_1225,group_id_14,2022-04-29T13:30:00.000Z
lesson_id_1226,group_id_16,2022-04-29T18:30:00.000Z
lesson_id_1227,group_id_2,2022-04-29T11:30:00.000Z
lesson_id_1228,group_id_13,2022-04-29T11:30:00.000Z
lesson_id_1229,group_id_13,2022-04-30T14:00:00.000Z
lesson_id_1230,group_id_2,2022-04-30T20:30:00.000Z
lesson_id_1231,group_id_9,2022-04-30T14:00:00.000Z
lesson_id_1232,group_id_11,2022-04-30T21:30:00.000Z
lesson_id_1233,group_id_10,2022-04-30T13:30:00.000Z
lesson_id_1234,group_id_4,2022-04-30T12:00:00.000Z
lesson_id_1235,group_id_15,2022-05-01T21:30:00.000Z
lesson_id_1236,group_id_9,2022-05-01T20:30:00.000Z
lesson_id_1237,group_id_20,2022-05-01T19:00:00.000Z
lesson_id_1238,group_id_7,2022-05-01T16:00:00.000Z
lesson_id_1239,group_id_14,2022-05-01T20:30:00.000Z
lesson_id_1240,group_id_17,2022-05-01T14:00:00.000Z
lesson_id_1241,group_id_17,2022-05-01T21:00:00.000Z
lesson_id_1242,group_id_10,2022-05-02T20:30:00.000Z
lesson_id_1243,group_id_5,2022-05-02T21:00:00.000Z
lesson_id_1244,group_id_6,2022-05-02T12:00:00.000Z
lesson_id_1245,group_id_2,2022-05-02T12:00:00.000Z
lesson_id_1246,group_id_15,2022-05-02T09:30:00.000Z
lesson_id_1247,group_id_9,2022-05-03T14:30:00.000Z
lesson_id_1248,group_id_17,2022-05-03T15:00:00.000Z
lesson_id_1249,group_id_1,2022-05-03T12:30:00.000Z
lesson_id_1250,group_id_16,2022-05-03T18:30:00.000Z
lesson_id_1251,group_id_6,2022-05-03T16:30:00.000Z
lesson_id_1252,group_id_12,2022-05-03T11:30:00.000Z
lesson_id_1253,group_id_10,2022-05-04T09:30:00.000Z
lesson_id_1254,group_id_2,2022-05-04T11:00:00.000Z
lesson_id_1255,group_id_8,2022-05-04T19:00:00.000Z
lesson_id_1256,group_id_7,2022-05-04T13:30:00.000Z
lesson_id_1257,group_id_17,2022-05-04T09:00:00.000Z
lesson_id_1258,group_id_5,2022-05-05T19:00:00.000Z
lesson_id_1259,group_id_20,2022-05-05T21:00:00.000Z
lesson_id_1260,group_id_8,2022-05-05T13:30:00.000Z
lesson_id_1261,group_id_9,2022-05-05T15:30:00.000Z
lesson_id_1262,group_id_12,2022-05-05T16:30:00.000Z
lesson_id_1263,group_id_7,2022-05-05T16:30:00.000Z
lesson_id_1264,group_id_17,2022-05-05T18:30:00.000Z
lesson_id_1265,group_id_19,2022-05-05T10:00:00.000Z
lesson_id_1266,group_id_12,2022-05-06T17:30:00.000Z
lesson_id_1267,group_id_10,2022-05-06T19:00:00.000Z
lesson_id_1268,group_id_16,2022-05-06T10:30:00.000Z
lesson_id_1269,group_id_9,2022-05-06T19:30:00.000Z
lesson_id_1270,group_id_9,2022-05-06T13:30:00.000Z
lesson_id_1271,group_id_7,2022-05-06T11:00:00.000Z
lesson_id_1272,group_id_2,2022-05-06T21:30:00.000Z
lesson_id_1273,group_id_11,2022-05-06T19:00:00.000Z
lesson_id_1274,group_id_1,2022-05-06T19:30:00.000Z
lesson_id_1275,group_id_9,2022-05-07T15:30:00.000Z
lesson_id_1276,group_id_13,2022-05-07T20:00:00.000Z
lesson_id_1277,group_id_19,2022-05-07T20:00:00.000Z
lesson_id_1278,group_id_11,2022-05-07T20:00:00.000Z
lesson_id_1279,group_id_18,2022-05-07T19:30:00.000Z
lesson_id_1280,group_id_12,2022-05-07T17:30:00.000Z
lesson_id_1281,group_id_6,2022-05-07T19:00:00.000Z
lesson_id_1282,group_id_4,2022-05-08T16:00:00.000Z
lesson_id_1283,group_id_9,2022-05-08T20:00:00.000Z
lesson_id_1284,group_id_11,2022-05-08T19:00:00.000Z
lesson_id_1285,group_id_8,2022-05-08T14:00:00.000Z
lesson_id_1286,group_id_10,2022-05-08T15:30:00.000Z
lesson_id_1287,group_id_12,2022-05-08T13:30:00.000Z
lesson_id_1288,group_id_15,2022-05-08T10:30:00.000Z
lesson_id_1289,group_id_19,2022-05-09T18:00:00.000Z
lesson_id_1290,group_id_16,2022-05-09T12:00:00.000Z
lesson_id_1291,group_id_13,2022-05-09T17:30:00.000Z
lesson_id_1292,group_id_14,2022-05-09T09:00:00.000Z
lesson_id_1293,group_id_5,2022-05-09T12:30:00.000Z
lesson_id_1294,group_id_19,2022-05-10T16:00:00.000Z
lesson_id_1295,group_id_11,2022-05-10T20:00:00.000Z
lesson_id_1296,group_id_3,2022-05-10T16:30:00.000Z
lesson_id_1297,group_id_6,2022-05-10T14:00:00.000Z
lesson_id_1298,group_id_1,2022-05-10T16:30:00.000Z
lesson_id_1299,group_id_7,2022-05-10T21:00:00.000Z
lesson_id_1300,group_id_19,2022-05-10T21:00:00.000Z
lesson_id_1301,group_id_16,2022-05-10T21:00:00.000Z
lesson_id_1302,group_id_20,2022-05-11T15:30:00.000Z
lesson_id_1303,group_id_13,2022-05-11T15:30:00.000Z
lesson_id_1304,group_id_13,2022-05-11T09:00:00.000Z
lesson_id_1305,group_id_18,2022-05-11T12:30:00.000Z
lesson_id_1306,group_id_1,2022-05-11T14:00:00.000Z
lesson_id_1307,group_id_1,2022-05-11T19:00:00.000Z
lesson_id_1308,group_id_8,2022-05-12T20:30:00.000Z
lesson_id_1309,group_id_10,2022-05-12T11:00:00.000Z
lesson_id_1310,group_id_13,2022-05-12T17:30:00.000Z
lesson_id_1311,group_id_6,2022-05-12T10:00:00.000Z
lesson_id_1312,group_id_10,2022-05-12T13:30:00.000Z
lesson_id_1313,group_id_17,2022-05-12T18:30:00.000Z
lesson_id_1314,group_id_5,2022-05-13T14:30:00.000Z
lesson_id_1315,group_id_12,2022-05-13T21:00:00.000Z
lesson_id_1316,group_id_6,2022-05-13T21:30:00.000Z
lesson_id_1317,group_id_1,2022-05-13T12:00:00.000Z
lesson_id_1318,group_id_5,2022-05-13T12:00:00.000Z
lesson_id_1319,group_id_19,2022-05-13T17:00:00.000Z
lesson_id_1320,group_id_4,2022-05-13T14:00:00.000Z
lesson_id_1321,group_id_13,2022-05-13T19:30:00.000Z
lesson_id_1322,group_id_20,2022-05-14T09:00:00.000Z
lesson_id_1323,group_id_4,2022-05-14T19:00:00.000Z
lesson_id_1324,group_id_2,2022-05-14T20:00:00.000Z
lesson_id_1325,group_id_14,2022-05-14T16:30:00.000Z
lesson_id_1326,group_id_4,2022-05-14T17:30:00.000Z
lesson_id_1327,group_id_16,2022-05-14T20:00:00.000Z
lesson_id_1328,group_id_7,2022-05-14T20:00:00.000Z
lesson_id_1329,group_id_10,2022-05-14T15:00:00.000Z
lesson_id_1330,group_id_17,2022-05-14T13:00:00.000Z
lesson_id_1331,group_id_4,2022-05-15T17:00:00.000Z
lesson_id_1332,group_id_10,2022-05-15T10:00:00.000Z
lesson_id_1333,group_id_16,2022-05-15T12:00:00.000Z
lesson_id_1334,group_id_9,2022-05-15T17:00:00.000Z
lesson_id_1335,group_id_12,2022-05-15T20:30:00.000Z
lesson_id_1336,group_id_10,2022-05-15T11:00:00.000Z
lesson_id_1337,group_id_18,2022-05-15T16:00:00.000Z
lesson_id_1338,group_id_16,2022-05-15T14:00:00.000Z
lesson_id_1339,group_id_1,2022-05-16T19:00:00.000Z
lesson_id_1340,group_id_4,2022-05-16T18:30:00.000Z
lesson_id_1341,group_id_5,2022-05-16T10:00:00.000Z
lesson_id_1342,group_id_4,2022-05-16T13:00:00.000Z
lesson_id_1343,group_id_15,2022-05-16T13:30:00.000Z
lesson_id_1344,group_id_2,2022-05-17T10:00:00.000Z
lesson_id_1345,group_id_2,2022-05-17T13:30:00.000Z
lesson_id_1346,group_id_11,2022-05-17T15:00:00.000Z
lesson_id_1347,group_id_4,2022-05-17T21:00:00.000Z
lesson_id_1348,group_id_1,2022-05-17T11:00:00.000Z
lesson_id_1349,group_id_11,2022-05-17T14:30:00.000Z
lesson_id_1350,group_id_20,2022-05-17T13:00:00.000Z
lesson_id_1351,group_id_12,2022-05-17T14:00:00.000Z
lesson_id_1352,group_id_13,2022-05-18T15:30:00.000Z
lesson_id_1353,group_id_9,2022-05-18T15:30:00.000Z
lesson_id_1354,group_id_14,2022-05-18T19:00:00.000Z
lesson_id_1355,group_id_4,2022-05-18T11:00:00.000Z
lesson_id_1356,group_id_6,2022-05-18T10:30:00.000Z
lesson_id_1357,group_id_16,2022-05-19T21:30:00.000Z
lesson_id_1358,group_id_6,2022-05-19T18:30:00.000Z
lesson_id_1359,group_id_12,2022-05-19T18:00:00.000Z
lesson_id_1360,group_id_5,2022-05-19T16:30:00.000Z
lesson_id_1361,group_id_4,2022-05-19T15:30:00.000Z
lesson_id_1362,group_id_2,2022-05-19T10:30:00.000Z
lesson_id_1363,group_id_11,2022-05-19T09:00:00.000Z
lesson_id_1364,group_id_11,2022-05-19T17:00:00.000Z
lesson_id_1365,group_id_14,2022-05-19T19:00:00.000Z
lesson_id_1366,group_id_12,2022-05-20T19:30:00.000Z
lesson_id_1367,group_id_5,2022-05-20T17:00:00.000Z
lesson_id_1368,group_id_1,2022-05-20T19:00:00.000Z
lesson_id_1369,group_id_17,2022-05-20T16:30:00.000Z
lesson_id_1370,group_id_6,2022-05-20T10:30:00.000Z
lesson_id_1371,group_id_11,2022-05-20T12:30:00.000Z
lesson_id_1372,group_id_9,2022-05-20T09:00:00.000Z
lesson_id_1373,group_id_18,2022-05-20T19:30:00.000Z
lesson_id_1374,group_id_8,2022-05-21T10:30:00.000Z
lesson_id_1375,group_id_15,2022-05-21T21:30:00.000Z
lesson_id_1376,group_id_3,2022-05-21T16:30:00.000Z
lesson_id_1377,group_id_11,2022-05-21T10:30:00.000Z
lesson_id_1378,group_id_1,2022-05-21T10:30:00.000Z
lesson_id_1379,group_id_14,2022-05-21T09:00:00.000Z
lesson_id_1380,group_id_3,2022-05-21T21:30:00.000Z
lesson_id_1381,group_id_17,2022-05-21T17:00:00.000Z
lesson_id_1382,group_id_11,2022-05-22T14:00:00.000Z
lesson_id_1383,group_id_8,2022-05-22T16:30:00.000Z
lesson_id_1384,group_id_18,2022-05-22T21:30:00.000Z
lesson_id_1385,group_id_12,2022-05-22T20:30:00.000Z
lesson_id_1386,group_id_4,2022-05-22T10:00:00.000Z
lesson_id_1387,group_id_1,2022-05-22T14:30:00.000Z
lesson_id_1388,group_id_10,2022-05-22T17:30:00.000Z
lesson_id_1389,group_id_4,2022-05-22T09:00:00.000Z
lesson_id_1390,group_id_5,2022-05-23T20:30:00.000Z
lesson_id_1391,group_id_4,2022-05-23T13:00:00.000Z
lesson_id_1392,group_id_7,2022-05-23T10:30:00.000Z
lesson_id_1393,group_id_7,2022-05-23T16:00:00.000Z
lesson_id_1394,group_id_11,2022-05-23T10:30:00.000Z
lesson_id_1395,group_id_2,2022-05-23T19:00:00.000Z
lesson_id_1396,group_id_15,2022-05-23T16:00:00.000Z
lesson_id_1397,group_id_16,2022-05-23T09:00:00.000Z
lesson_id_1398,group_id_14,2022-05-24T18:30:00.000Z
lesson_id_1399,group_id_17,2022-05-24T21:00:00.000Z
lesson_id_1400,group_id_19,2022-05-24T11:00:00.000Z
lesson_id_1401,group_id_4,2022-05-24T15:30:00.000Z
lesson_id_1402,group_id_17,2022-05-24T15:30:00.000Z
lesson_id_1403,group_id_20,2022-05-24T20:00:00.000Z
lesson_id_1404,group_id_9,2022-05-24T15:30:00.000Z
lesson_id_1405,group_id_10,2022-05-24T16:00:00.000Z
lesson_id_1406,group_id_5,2022-05-24T15:30:00.000Z
lesson_id_1407,group_id_11,2022-05-25T20:00:00.000Z
lesson_id_1408,group_id_7,2022-05-25T12:30:00.000Z
lesson_id_1409,group_id_12,2022-05-25T19:00:00.000Z
lesson_id_1410,group_id_6,2022-05-25T17:30:00.000Z
lesson_id_1411,group_id_4,2022-05-25T21:30:00.000Z
lesson_id_1412,group_id_18,2022-05-25T16:30:00.000Z
lesson_id_1413,group_id_18,2022-05-25T13:30:00.000Z
lesson_id_1414,group_id_1,2022-05-25T17:00:00.000Z
lesson_id_1415,group_id_1,2022-05-25T15:00:00.000Z
lesson_id_1416,group_id_2,2022-05-26T12:30:00.000Z
lesson_id_1417,group_id_6,2022-05-26T13:30:00.000Z
lesson_id_1418,group_id_5,2022-05-26T09:30:00.000Z
lesson_id_1419,group_id_7,2022-05-26T21:00:00.000Z
lesson_id_1420,group_id_12,2022-05-26T16:00:00.000Z
lesson_id_1421,group_id_18,2022-05-27T12:30:00.000Z
lesson_id_1422,group_id_8,2022-05-27T17:30:00.000Z
lesson_id_1423,group_id_2,2022-05-27T15:30:00.000Z
lesson_id_1424,group_id_14,2022-05-27T21:30:00.000Z
lesson_id_1425,group_id_18,2022-05-27T09:00:00.000Z
lesson_id_1426,group_id_9,2022-05-27T12:30:00.000Z
lesson_id_1427,group_id_8,2022-05-27T19:30:00.000Z
lesson_id_1428,group_id_19,2022-05-27T17:00:00.000Z
lesson_id_1429,group_id_7,2022-05-27T13:30:00.000Z
lesson_id_1430,group_id_3,2022-05-28T11:00:00.000Z
lesson_id_1431,group_id_17,2022-05-28T10:30:00.000Z
lesson_id_1432,group_id_2,2022-05-28T15:30:00.000Z
lesson_id_1433,group_id_18,2022-05-28T13:00:00.000Z
lesson_id_1434,group_id_6,2022-05-28T18:30:00.000Z
lesson_id_1435,group_id_1,2022-05-28T14:30:00.000Z
lesson_id_1436,group_id_2,2022-05-29T11:30:00.000Z
lesson_id_1437,group_id_20,2022-05-29T09:30:00.000Z
lesson_id_1438,group_id_16,2022-05-29T21:30:00.000Z
lesson_id_1439,group_id_3,2022-05-29T21:30:00.000Z
lesson_id_1440,group_id_17,2022-05-29T12:00:00.000Z
lesson_id_1441,group_id_17,2022-05-29T10:00:00.000Z
lesson_id_1442,group_id_18,2022-05-30T17:30:00.000Z
lesson_id_1443,group_id_3,2022-05-30T14:00:00.000Z
lesson_id_1444,group_id_7,2022-05-30T19:30:00.000Z
lesson_id_1445,group_id_11,2022-05-30T14:30:00.000Z
lesson_id_1446,group_id_7,2022-05-30T21:30:00.000Z
lesson_id_1447,group_id_18,2022-05-30T21:00:00.000Z
lesson_id_1448,group_id_4,2022-05-30T19:30:00.000Z
lesson_id_1449,group_id_15,2022-05-30T12:00:00.000Z
lesson_id_1450,group_id_11,2022-05-31T15:00:00.000Z
lesson_id_1451,group_id_13,2022-05-31T13:30:00.000Z
lesson_id_1452,group_id_1,2022-05-31T17:30:00.000Z
lesson_id_1453,group_id_17,2022-05-31T21:30:00.000Z
lesson_id_1454,group_id_16,2022-05-31T09:30:00.000Z
lesson_id_1455,group_id_11,2022-06-01T17:00:00.000Z
lesson_id_1456,group_id_4,2022-06-01T11:00:00.000Z
lesson_id_1457,group_id_7,2022-06-02T19:00:00.000Z
lesson_id_1458,group_id_4,2022-06-03T12:30:00.000Z
lesson_id_1459,group_id_3,2022-06-03T20:00:00.000Z
lesson_id_1460,group_id_1,2022-06-03T16:30:00.000Z
lesson_id_1461,group_id_2,2022-06-03T10:00:00.000Z
lesson_id_1462,group_id_6,2022-06-04T21:30:00.000Z
lesson_id_1463,group_id_3,2022-06-05T18:00:00.000Z
lesson_id_1464,group_id_9,2022-06-05T15:30:00.000Z
lesson_id_1465,group_id_15,2022-06-05T19:30:00.000Z
lesson_id_1466,group_id_14,2022-06-05T14:00:00.000Z
lesson_id_1467,group_id_13,2022-06-05T19:00:00.000Z
lesson_id_1468,group_id_1,2022-06-06T19:00:00.000Z
lesson_id_1469,group_id_19,2022-06-06T09:00:00.000Z
lesson_id_1470,group_id_12,2022-06-06T17:00:00.000Z
lesson_id_1471,group_id_10,2022-06-06T21:30:00.000Z
lesson_id_1472,group_id_20,2022-06-06T10:30:00.000Z
lesson_id_1473,group_id_13,2022-06-07T15:00:00.000Z
lesson_id_1474,group_id_16,2022-06-07T11:00:00.000Z
lesson_id_1475,group_id_5,2022-06-07T20:30:00.000Z
lesson_id_1476,group_id_18,2022-06-07T13:00:00.000Z
lesson_id_1477,group_id_12,2022-06-08T09:00:00.000Z
lesson_id_1478,group_id_4,2022-06-08T09:00:00.000Z
lesson_id_1479,group_id_19,2022-06-08T18:30:00.000Z
lesson_id_1480,group_id_18,2022-06-09T10:30:00.000Z
lesson_id_1481,group_id_7,2022-06-09T20:30:00.000Z
lesson_id_1482,group_id_7,2022-06-09T15:00:00.000Z
lesson_id_1483,group_id_6,2022-06-09T11:00:00.000Z
lesson_id_1484,group_id_20,2022-06-09T13:00:00.000Z
lesson_id_1485,group_id_6,2022-06-10T19:00:00.000Z
lesson_id_1486,group_id_15,2022-06-11T19:00:00.000Z
lesson_id_1487,group_id_10,2022-06-11T19:00:00.000Z
lesson_id_1488,group_id_9,2022-06-11T10:00:00.000Z
lesson_id_1489,group_id_19,2022-06-11T16:30:00.000Z
lesson_id_1490,group_id_12,2022-06-11T11:00:00.000Z
lesson_id_1491,group_id_10,2022-06-12T18:00:00.000Z
lesson_id_1492,group_id_11,2022-06-13T16:30:00.000Z
lesson_id_1493,group_id_11,2022-06-13T18:30:00.000Z
lesson_id_1494,group_id_5,2022-06-14T18:30:00.000Z
lesson_id_1495,group_id_11,2022-06-14T15:00:00.000Z
lesson_id_1496,group_id_1,2022-06-14T14:00:00.000Z
lesson_id_1497,group_id_8,2022-06-14T20:30:00.000Z
lesson_id_1498,group_id_9,2022-06-14T14:00:00.000Z
lesson_id_1499,group_id_16,2022-06-15T16:30:00.000Z
lesson_id_1500,group_id_12,2022-06-15T21:30:00.000Z
lesson_id_1501,group_id_16,2022-06-15T17:00:00.000Z
lesson_id_1502,group_id_20,2022-06-16T10:30:00.000Z
lesson_id_1503,group_id_5,2022-06-16T17:00:00.000Z
lesson_id_1504,group_id_3,2022-06-17T20:00:00.000Z
lesson_id_1505,group_id_1,2022-06-17T17:00:00.000Z
lesson_id_1506,group_id_19,2022-06-17T18:30:00.000Z
lesson_id_1507,group_id_7,2022-06-18T09:30:00.000Z
lesson_id_1508,group_id_18,2022-06-18T17:30:00.000Z
lesson_id_1509,group_id_5,2022-06-18T14:30:00.000Z
lesson_id_1510,group_id_8,2022-06-18T21:30:00.000Z
lesson_id_1511,group_id_5,2022-06-18T16:00:00.000Z
lesson_id_1512,group_id_12,2022-06-19T17:00:00.000Z
lesson_id_1513,group_id_8,2022-06-19T21:00:00.000Z
lesson_id_1514,group_id_17,2022-06-19T11:30:00.000Z
lesson_id_1515,group_id_6,2022-06-19T11:00:00.000Z
lesson_id_1516,group_id_12,2022-06-20T09:00:00.000Z
lesson_id_1517,group_id_16,2022-06-20T12:00:00.000Z
lesson_id_1518,group_id_9,2022-06-20T14:00:00.000Z
lesson_id_1519,group_id_2,2022-06-20T19:00:00.000Z
lesson_id_1520,group_id_12,2022-06-21T15:30:00.000Z
lesson_id_1521,group_id_15,2022-06-21T09:00:00.000Z
lesson_id_1522,group_id_11,2022-06-21T10:30:00.000Z
lesson_id_1523,group_id_9,2022-06-21T18:00:00.000Z
lesson_id_1524,group_id_13,2022-06-21T19:30:00.000Z
lesson_id_1525,group_id_19,2022-06-22T19:00:00.000Z
lesson_id_1526,group_id_17,2022-06-22T13:30:00.000Z
lesson_id_1527,group_id_8,2022-06-22T17:30:00.000Z
lesson_id_1528,group_id_12,2022-06-23T16:30:00.000Z
lesson_id_1529,group_id_20,2022-06-23T09:00:00.000Z
lesson_id_1530,group_id_15,2022-06-23T11:00:00.000Z
lesson_id_1531,group_id_17,2022-06-24T19:30:00.000Z
lesson_id_1532,group_id_5,2022-06-25T11:00:00.000Z
lesson_id_1533,group_id_12,2022-06-25T18:00:00.000Z
lesson_id_1534,group_id_14,2022-06-26T21:30:00.000Z
lesson_id_1535,group_id_4,2022-06-26T16:30:00.000Z
lesson_id_1536,group_id_7,2022-06-27T18:00:00.000Z
lesson_id_1537,group_id_14,2022-06-27T09:00:00.000Z
lesson_id_1538,group_id_2,2022-06-27T11:00:00.000Z
lesson_id_1539,group_id_5,2022-06-27T19:00:00.000Z
lesson_id_1540,group_id_5,2022-06-28T09:00:00.000Z
lesson_id_1541,group_id_9,2022-06-28T11:30:00.000Z
lesson_id_1542,group_id_20,2022-06-28T18:00:00.000Z
lesson_id_1543,group_id_10,2022-06-28T10:00:00.000Z
lesson_id_1544,group_id_15,2022-06-28T18:30:00.000Z
lesson_id_1545,group_id_6,2022-06-29T12:30:00.000Z
lesson_id_1546,group_id_20,2022-06-29T11:00:00.000Z
lesson_id_1547,group_id_20,2022-06-29T19:30:00.000Z
lesson_id_1548,group_id_6,2022-06-29T20:30:00.000Z
lesson_id_1549,group_id_20,2022-06-30T18:00:00.000Z
lesson_id_1550,group_id_8,2022-06-30T15:30:00.000Z
lesson_id_1551,group_id_5,2022-06-30T10:00:00.000Z
lesson_id_1552,group_id_7,2022-06-30T17:30:00.000Z
lesson_id_1553,group_id_20,2022-07-01T10:00:00.000Z
lesson_id_1554,group_id_20,2022-07-02T18:00:00.000Z
lesson_id_1555,group_id_18,2022-07-02T17:00:00.000Z
lesson_id_1556,group_id_3,2022-07-02T16:00:00.000Z
lesson_id_1557,group_id_18,2022-07-03T09:30:00.000Z
lesson_id_1558,group_id_17,2022-07-03T15:30:00.000Z
lesson_id_1559,group_id_2,2022-07-03T20:30:00.000Z
lesson_id_1560,group_id_8,2022-07-03T21:30:00.000Z
lesson_id_1561,group_id_12,2022-07-04T18:00:00.000Z
lesson_id_1562,group_id_14,2022-07-04T11:30:00.000Z
lesson_id_1563,group_id_16,2022-07-04T21:00:00.000Z
lesson_id_1564,group_id_10,2022-07-05T18:30:00.000Z
lesson_id_1565,group_id_7,2022-07-06T09:00:00.000Z
lesson_id_1566,group_id_19,2022-07-06T17:00:00.000Z
lesson_id_1567,group_id_1,2022-07-07T15:00:00.000Z
lesson_id_1568,group_id_11,2022-07-07T15:30:00.000Z
lesson_id_1569,group_id_4,2022-07-07T11:30:00.000Z
lesson_id_1570,group_id_19,2022-07-07T13:30:00.000Z
lesson_id_1571,group_id_14,2022-07-08T18:30:00.000Z
lesson_id_1572,group_id_20,2022-07-08T13:30:00.000Z
lesson_id_1573,group_id_7,2022-07-08T15:30:00.000Z
lesson_id_1574,group_id_6,2022-07-08T14:30:00.000Z
lesson_id_1575,group_id_10,2022-07-09T18:30:00.000Z
lesson_id_1576,group_id_13,2022-07-09T20:00:00.000Z
lesson_id_1577,group_id_8,2022-07-10T16:00:00.000Z
lesson_id_1578,group_id_7,2022-07-11T17:30:00.000Z
lesson_id_1579,group_id_18,2022-07-12T18:00:00.000Z
lesson_id_1580,group_id_6,2022-07-12T15:00:00.000Z
lesson_id_1581,group_id_5,2022-07-13T16:30:00.000Z
lesson_id_1582,group_id_3,2022-07-14T13:00:00.000Z
lesson_id_1583,group_id_3,2022-07-15T18:00:00.000Z
lesson_id_1584,group_id_13,2022-07-15T15:30:00.000Z
lesson_id_1585,group_id_2,2022-07-16T21:00:00.000Z
lesson_id_1586,group_id_16,2022-07-16T16:00:00.000Z
lesson_id_1587,group_id_7,2022-07-16T19:30:00.000Z
lesson_id_1588,group_id_7,2022-07-16T09:00:00.000Z
lesson_id_1589,group_id_6,2022-07-17T19:00:00.000Z
lesson_id_1590,group_id_12,2022-07-17T12:00:00.000Z
lesson_id_1591,group_id_6,2022-07-17T10:30:00.000Z
lesson_id_1592,group_id_13,2022-07-17T14:30:00.000Z
lesson_id_1593,group_id_19,2022-07-18T12:00:00.000Z
lesson_id_1594,group_id_3,2022-07-18T10:30:00.000Z
lesson_id_1595,group_id_18,2022-07-18T18:30:00.000Z
lesson_id_1596,group_id_9,2022-07-19T12:00:00.000Z
lesson_id_1597,group_id_15,2022-07-19T15:00:00.000Z
lesson_id_1598,group_id_6,2022-07-20T15:00:00.000Z
lesson_id_1599,group_id_18,2022-07-20T10:30:00.000Z
lesson_id_1600,group_id_4,2022-07-21T21:30:00.000Z
lesson_id_1601,group_id_18,2022-07-21T21:30:00.000Z
lesson_id_1602,group_id_13,2022-07-22T18:30:00.000Z
lesson_id_1603,group_id_8,2022-07-22T21:30:00.000Z
lesson_id_1604,group_id_15,2022-07-22T19:30:00.000Z
lesson_id_1605,group_id_1,2022-07-23T16:00:00.000Z
lesson_id_1606,group_id_9,2022-07-23T10:30:00.000Z
lesson_id_1607,group_id_8,2022-07-23T19:00:00.000Z
lesson_id_1608,group_id_11,2022-07-23T15:30:00.000Z
lesson_id_1609,group_id_18,2022-07-24T09:30:00.000Z
lesson_id_1610,group_id_8,2022-07-24T13:00:00.000Z
lesson_id_1611,group_id_13,2022-07-24T19:30:00.000Z
lesson_id_1612,group_id_3,2022-07-24T17:00:00.000Z
lesson_id_1613,group_id_11,2022-07-25T14:00:00.000Z
lesson_id_1614,group_id_19,2022-07-25T13:00:00.000Z
lesson_id_1615,group_id_7,2022-07-25T16:00:00.000Z
lesson_id_1616,group_id_8,2022-07-26T13:00:00.000Z
lesson_id_1617,group_id_7,2022-07-27T12:30:00.000Z
lesson_id_1618,group_id_4,2022-07-28T10:00:00.000Z
lesson_id_1619,group_id_20,2022-07-29T09:00:00.000Z
lesson_id_1620,group_id_16,2022-07-29T14:30:00.000Z
lesson_id_1621,group_id_16,2022-07-29T18:30:00.000Z
lesson_id_1622,group_id_6,2022-07-30T21:30:00.000Z
lesson_id_1623,group_id_13,2022-07-30T12:00:00.000Z
lesson_id_1624,group_id_2,2022-07-30T17:30:00.000Z
lesson_id_1625,group_id_18,2022-07-31T09:30:00.000Z
lesson_id_1626,group_id_13,2022-07-31T19:00:00.000Z
lesson_id_1627,group_id_15,2022-07-31T10:30:00.000Z
lesson_id_1628,group_id_1,2022-08-01T09:00:00.000Z
lesson_id_1629,group_id_13,2022-08-01T18:00:00.000Z
lesson_id_1630,group_id_11,2022-08-01T14:30:00.000Z
lesson_id_1631,group_id_6,2022-08-01T17:30:00.000Z
lesson_id_1632,group_id_9,2022-08-02T16:30:00.000Z
lesson_id_1633,group_id_12,2022-08-02T11:30:00.000Z
lesson_id_1634,group_id_14,2022-08-02T12:30:00.000Z
lesson_id_1635,group_id_12,2022-08-03T15:30:00.000Z
lesson_id_1636,group_id_15,2022-08-03T11:00:00.000Z
lesson_id_1637,group_id_19,2022-08-03T19:00:00.000Z
lesson_id_1638,group_id_4,2022-08-03T20:30:00.000Z
lesson_id_1639,group_id_18,2022-08-04T15:30:00.000Z
lesson_id_1640,group_id_7,2022-08-04T11:00:00.000Z
lesson_id_1641,group_id_16,2022-08-04T21:00:00.000Z
lesson_id_1642,group_id_14,2022-08-05T16:00:00.000Z
lesson_id_1643,group_id_17,2022-08-05T17:30:00.000Z
lesson_id_1644,group_id_16,2022-08-05T13:30:00.000Z
lesson_id_1645,group_id_19,2022-08-06T09:30:00.000Z
lesson_id_1646,group_id_4,2022-08-06T20:00:00.000Z
lesson_id_1647,group_id_2,2022-08-06T12:30:00.000Z
lesson_id_1648,group_id_16,2022-08-06T19:00:00.000Z
lesson_id_1649,group_id_15,2022-08-06T20:30:00.000Z
lesson_id_1650,group_id_9,2022-08-06T14:30:00.000Z
lesson_id_1651,group_id_18,2022-08-07T21:30:00.000Z
lesson_id_1652,group_id_12,2022-08-07T09:30:00.000Z
lesson_id_1653,group_id_4,2022-08-07T14:00:00.000Z
lesson_id_1654,group_id_19,2022-08-07T18:00:00.000Z
lesson_id_1655,group_id_10,2022-08-07T14:30:00.000Z
lesson_id_1656,group_id_17,2022-08-07T16:30:00.000Z
lesson_id_1657,group_id_13,2022-08-08T18:30:00.000Z
lesson_id_1658,group_id_15,2022-08-08T19:00:00.000Z
lesson_id_1659,group_id_11,2022-08-09T15:30:00.000Z
lesson_id_1660,group_id_3,2022-08-09T10:00:00.000Z
lesson_id_1661,group_id_11,2022-08-09T12:30:00.000Z
lesson_id_1662,group_id_10,2022-08-10T20:30:00.000Z
lesson_id_1663,group_id_20,2022-08-10T19:30:00.000Z
lesson_id_1664,group_id_9,2022-08-10T16:30:00.000Z
lesson_id_1665,group_id_19,2022-08-10T17:30:00.000Z
lesson_id_1666,group_id_6,2022-08-11T11:00:00.000Z
lesson_id_1667,group_id_5,2022-08-11T20:00:00.000Z
lesson_id_1668,group_id_9,2022-08-11T20:00:00.000Z
lesson_id_1669,group_id_7,2022-08-11T11:30:00.000Z
lesson_id_1670,group_id_4,2022-08-11T10:00:00.000Z
lesson_id_1671,group_id_18,2022-08-12T09:00:00.000Z
lesson_id_1672,group_id_13,2022-08-12T17:00:00.000Z
lesson_id_1673,group_id_4,2022-08-12T13:00:00.000Z
lesson_id_1674,group_id_3,2022-08-12T19:30:00.000Z
lesson_id_1675,group_id_10,2022-08-12T12:00:00.000Z
lesson_id_1676,group_id_15,2022-08-13T19:00:00.000Z
lesson_id_1677,group_id_5,2022-08-13T17:00:00.000Z
lesson_id_1678,group_id_1,2022-08-13T09:30:00.000Z
lesson_id_1679,group_id_11,2022-08-13T16:30:00.000Z
lesson_id_1680,group_id_9,2022-08-14T17:30:00.000Z
lesson_id_1681,group_id_5,2022-08-14T20:00:00.000Z
lesson_id_1682,group_id_19,2022-08-14T18:30:00.000Z
lesson_id_1683,group_id_19,2022-08-14T15:30:00.000Z
lesson_id_1684,group_id_12,2022-08-14T16:00:00.000Z
lesson_id_1685,group_id_3,2022-08-14T16:30:00.000Z
lesson_id_1686,group_id_14,2022-08-15T13:00:00.000Z
lesson_id_1687,group_id_10,2022-08-15T09:00:00.000Z
lesson_id_1688,group_id_17,2022-08-15T21:00:00.000Z
lesson_id_1689,group_id_12,2022-08-15T13:30:00.000Z
lesson_id_1690,group_id_1,2022-08-16T20:30:00.000Z
lesson_id_1691,group_id_16,2022-08-16T13:00:00.000Z
lesson_id_1692,group_id_14,2022-08-16T21:30:00.000Z
lesson_id_1693,group_id_20,2022-08-16T12:00:00.000Z
lesson_id_1694,group_id_18,2022-08-16T14:00:00.000Z
lesson_id_1695,group_id_14,2022-08-16T17:30:00.000Z
lesson_id_1696,group_id_8,2022-08-17T11:30:00.000Z
lesson_id_1697,group_id_13,2022-08-17T12:30:00.000Z
lesson_id_1698,group_id_3,2022-08-17T15:00:00.000Z
lesson_id_1699,group_id_17,2022-08-17T21:30:00.000Z
lesson_id_1700,group_id_10,2022-08-17T19:30:00.000Z
lesson_id_1701,group_id_7,2022-08-18T10:00:00.000Z
lesson_id_1702,group_id_5,2022-08-18T13:00:00.000Z
lesson_id_1703,group_id_15,2022-08-18T18:30:00.000Z
lesson_id_1704,group_id_9,2022-08-18T20:30:00.000Z
lesson_id_1705,group_id_7,2022-08-18T14:00:00.000Z
lesson_id_1706,group_id_2,2022-08-19T17:00:00.000Z
lesson_id_1707,group_id_6,2022-08-19T10:30:00.000Z
lesson_id_1708,group_id_9,2022-08-19T11:30:00.000Z
lesson_id_1709,group_id_8,2022-08-20T10:00:00.000Z
lesson_id_1710,group_id_1,2022-08-20T16:00:00.000Z
lesson_id_1711,group_id_14,2022-08-21T13:30:00.000Z
lesson_id_1712,group_id_12,2022-08-21T16:00:00.000Z
lesson_id_1713,group_id_11,2022-08-21T10:00:00.000Z
lesson_id_1714,group_id_2,2022-08-21T13:30:00.000Z
lesson_id_1715,group_id_18,2022-08-22T16:00:00.000Z
lesson_id_1716,group_id_7,2022-08-22T13:30:00.000Z
lesson_id_1717,group_id_4,2022-08-23T21:00:00.000Z
lesson_id_1718,group_id_13,2022-08-23T21:30:00.000Z
lesson_id_1719,group_id_2,2022-08-24T12:30:00.000Z
lesson_id_1720,group_id_4,2022-08-24T17:00:00.000Z
lesson_id_1721,group_id_16,2022-08-24T15:30:00.000Z
lesson_id_1722,group_id_6,2022-08-25T19:00:00.000Z
lesson_id_1723,group_id_18,2022-08-25T17:00:00.000Z
lesson_id_1724,group_id_9,2022-08-25T16:30:00.000Z
lesson_id_1725,group_id_7,2022-08-25T14:00:00.000Z
lesson_id_1726,group_id_4,2022-08-26T12:30:00.000Z
lesson_id_1727,group_id_11,2022-08-26T09:00:00.000Z
lesson_id_1728,group_id_9,2022-08-26T18:00:00.000Z
lesson_id_1729,group_id_8,2022-08-27T09:00:00.000Z
lesson_id_1730,group_id_19,2022-08-27T21:30:00.000Z
lesson_id_1731,group_id_20,2022-08-27T11:30:00.000Z
lesson_id_1732,group_id_3,2022-08-27T12:00:00.000Z
lesson_id_1733,group_id_16,2022-08-27T10:30:00.000Z
lesson_id_1734,group_id_2,2022-08-28T14:00:00.000Z
lesson_id_1735,group_id_18,2022-08-28T21:00:00.000Z
lesson_id_1736,group_id_16,2022-08-29T12:30:00.000Z
lesson_id_1737,group_id_18,2022-08-29T21:30:00.000Z
lesson_id_1738,group_id_15,2022-08-29T20:00:00.000Z
lesson_id_1739,group_id_13,2022-08-30T14:00:00.000Z
lesson_id_1740,group_id_9,2022-08-30T09:30:00.000Z
lesson_id_1741,group_id_18,2022-08-31T13:30:00.000Z
lesson_id_1742,group_id_7,2022-08-31T18:00:00.000Z
lesson_id_1743,group_id_18,2022-08-31T14:30:00.000Z
lesson_id_1744,group_id_15,2022-08-31T13:00:00.000Z
lesson_id_1745,group_id_3,2022-08-31T17:00:00.000Z
lesson_id_1746,group_id_10,2022-09-01T13:30:00.000Z
lesson_id_1747,group_id_15,2022-09-01T09:30:00.000Z
lesson_id_1748,group_id_6,2022-09-01T09:30:00.000Z
lesson_id_1749,group_id_20,2022-09-01T12:30:00.000Z
lesson_id_1750,group_id_3,2022-09-01T19:30:00.000Z
lesson_id_1751,group_id_7,2022-09-01T17:30:00.000Z
lesson_id_1752,group_id_18,2022-09-01T11:30:00.000Z
lesson_id_1753,group_id_11,2022-09-01T15:30:00.000Z
lesson_id_1754,group_id_4,2022-09-01T10:00:00.000Z
lesson_id_1755,group_id_2,2022-09-01T11:00:00.000Z
lesson_id_1756,group_id_2,2022-09-01T12:00:00.000Z
lesson_id_1757,group_id_16,2022-09-01T12:00:00.000Z
lesson_id_1758,group_id_2,2022-09-01T18:30:00.000Z
lesson_id_1759,group_id_16,2022-09-01T17:30:00.000Z
lesson_id_1760,group_id_12,2022-09-02T12:00:00.000Z
lesson_id_1761,group_id_1,2022-09-02T12:30:00.000Z
lesson_id_1762,group_id_3,2022-09-02T16:00:00.000Z
lesson_id_1763,group_id_12,2022-09-02T17:30:00.000Z
lesson_id_1764,group_id_12,2022-09-02T21:00:00.000Z
lesson_id_1765,group_id_20,2022-09-02T13:00:00.000Z
lesson_id_1766,group_id_3,2022-09-02T13:00:00.000Z
lesson_id_1767,group_id_7,2022-09-02T17:00:00.000Z
lesson_id_1768,group_id_4,2022-09-02T20:00:00.000Z
lesson_id_1769,group_id_18,2022-09-02T15:00:00.000Z
lesson_id_1770,group_id_7,2022-09-02T17:00:00.000Z
lesson_id_1771,group_id_6,2022-09-03T17:30:00.000Z
lesson_id_1772,group_id_4,2022-09-03T21:30:00.000Z
lesson_id_1773,group_id_15,2022-09-03T20:30:00.000Z
lesson_id_1774,group_id_4,2022-09-03T11:00:00.000Z
lesson_id_1775,group_id_18,2022-09-03T15:30:00.000Z
lesson_id_1776,group_id_6,2022-09-03T17:30:00.000Z
lesson_id_1777,group_id_12,2022-09-03T14:30:00.000Z
lesson_id_1778,group_id_12,2022-09-03T15:30:00.000Z
lesson_id_1779,group_id_11,2022-09-03T18:00:00.000Z
lesson_id_1780,group_id_19,2022-09-03T17:00:00.000Z
lesson_id_1781,group_id_13,2022-09-03T21:30:00.000Z
lesson_id_1782,group_id_12,2022-09-03T16:30:00.000Z
lesson_id_1783,group_id_13,2022-09-03T09:00:00.000Z
lesson_id_1784,group_id_10,2022-09-03T18:00:00.000Z
lesson_id_1785,group_id_17,2022-09-03T11:30:00.000Z
lesson_id_1786,group_id_10,2022-09-04T12:00:00.000Z
lesson_id_1787,group_id_11,2022-09-04T09:30:00.000Z
lesson_id_1788,group_id_18,2022-09-04T17:00:00.000Z
lesson_id_1789,group_id_4,2022-09-04T09:30:00.000Z
lesson_id_1790,group_id_12,2022-09-04T11:00:00.000Z
lesson_id_1791,group_id_9,2022-09-04T14:00:00.000Z
lesson_id_1792,group_id_8,2022-09-04T13:30:00.000Z
lesson_id_1793,group_id_3,2022-09-04T18:30:00.000Z
lesson_id_1794,group_id_19,2022-09-04T12:00:00.000Z
lesson_id_1795,group_id_11,2022-09-04T21:30:00.000Z
lesson_id_1796,group_id_6,2022-09-04T16:00:00.000Z
lesson_id_1797,group_id_10,2022-09-05T09:30:00.000Z
lesson_id_1798,group_id_3,2022-09-05T21:00:00.000Z
lesson_id_1799,group_id_11,2022-09-05T14:30:00.000Z
lesson_id_1800,group_id_14,2022-09-05T10:00:00.000Z
lesson_id_1801,group_id_20,2022-09-05T09:30:00.000Z
lesson_id_1802,group_id_2,2022-09-05T13:00:00.000Z
lesson_id_1803,group_id_11,2022-09-05T17:00:00.000Z
lesson_id_1804,group_id_11,2022-09-05T17:00:00.000Z
lesson_id_1805,group_id_5,2022-09-05T09:30:00.000Z
lesson_id_1806,group_id_15,2022-09-05T21:00:00.000Z
lesson_id_1807,group_id_8,2022-09-05T15:30:00.000Z
lesson_id_1808,group_id_13,2022-09-05T11:00:00.000Z
lesson_id_1809,group_id_11,2022-09-05T10:30:00.000Z
lesson_id_1810,group_id_19,2022-09-05T20:00:00.000Z
lesson_id_1811,group_id_18,2022-09-05T15:30:00.000Z
lesson_id_1812,group_id_13,2022-09-06T17:30:00.000Z
lesson_id_1813,group_id_5,2022-09-06T21:00:00.000Z
lesson_id_1814,group_id_16,2022-09-06T17:00:00.000Z
lesson_id_1815,group_id_16,2022-09-06T15:00:00.000Z
lesson_id_1816,group_id_18,2022-09-06T18:00:00.000Z
lesson_id_1817,group_id_8,2022-09-06T10:30:00.000Z
lesson_id_1818,group_id_14,2022-09-06T14:00:00.000Z
lesson_id_1819,group_id_4,2022-09-06T19:30:00.000Z
lesson_id_1820,group_id_14,2022-09-06T14:30:00.000Z
lesson_id_1821,group_id_7,2022-09-06T14:30:00.000Z
lesson_id_1822,group_id_20,2022-09-06T19:00:00.000Z
lesson_id_1823,group_id_6,2022-09-07T14:30:00.000Z
lesson_id_1824,group_id_20,2022-09-07T11:30:00.000Z
lesson_id_1825,group_id_2,2022-09-07T12:00:00.000Z
lesson_id_1826,group_id_12,2022-09-07T11:00:00.000Z
lesson_id_1827,group_id_4,2022-09-07T20:00:00.000Z
lesson_id_1828,group_id_8,2022-09-07T18:00:00.000Z
lesson_id_1829,group_id_10,2022-09-07T09:30:00.000Z
lesson_id_1830,group_id_4,2022-09-07T13:30:00.000Z
lesson_id_1831,group_id_16,2022-09-07T09:30:00.000Z
lesson_id_1832,group_id_7,2022-09-07T20:00:00.000Z
lesson_id_1833,group_id_7,2022-09-07T17:30:00.000Z
lesson_id_1834,group_id_18,2022-09-07T16:00:00.000Z
lesson_id_1835,group_id_1,2022-09-07T15:00:00.000Z
lesson_id_1836,group_id_6,2022-09-08T09:30:00.000Z
lesson_id_1837,group_id_7,2022-09-08T21:30:00.000Z
lesson_id_1838,group_id_2,2022-09-08T16:00:00.000Z
lesson_id_1839,group_id_3,2022-09-08T15:30:00.000Z
lesson_id_1840,group_id_12,2022-09-08T10:00:00.000Z
lesson_id_1841,group_id_10,2022-09-08T19:30:00.000Z
lesson_id_1842,group_id_8,2022-09-08T15:00:00.000Z
lesson_id_1843,group_id_11,2022-09-08T16:00:00.000Z
lesson_id_1844,group_id_6,2022-09-08T12:30:00.000Z
lesson_id_1845,group_id_18,2022-09-08T20:00:00.000Z
lesson_id_1846,group_id_2,2022-09-08T12:30:00.000Z
lesson_id_1847,group_id_11,2022-09-08T16:30:00.000Z
lesson_id_1848,group_id_6,2022-09-08T09:30:00.000Z
lesson_id_1849,group_id_12,2022-09-09T19:30:00.000Z
lesson_id_1850,group_id_8,2022-09-09T17:30:00.000Z
lesson_id_1851,group_id_2,2022-09-09T19:30:00.000Z
lesson_id_1852,group_id_13,2022-09-09T09:30:00.000Z
lesson_id_1853,group_id_8,2022-09-09T11:30:00.000Z
lesson_id_1854,group_id_13,2022-09-09T19:00:00.000Z
lesson_id_1855,group_id_3,2022-09-09T20:30:00.000Z
lesson_id_1856,group_id_17,2022-09-09T19:00:00.000Z
lesson_id_1857,group_id_14,2022-09-09T12:00:00.000Z
lesson_id_1858,group_id_14,2022-09-09T13:30:00.000Z
lesson_id_1859,group_id_15,2022-09-09T17:00:00.000Z
lesson_id_1860,group_id_7,2022-09-09T19:00:00.000Z
lesson_id_1861,group_id_19,2022-09-09T17:00:00.000Z
lesson_id_1862,group_id_10,2022-09-10T20:00:00.000Z
lesson_id_1863,group_id_14,2022-09-10T21:00:00.000Z
lesson_id_1864,group_id_19,2022-09-10T11:30:00.000Z
lesson_id_1865,group_id_3,2022-09-10T17:00:00.000Z
lesson_id_1866,group_id_6,2022-09-10T14:00:00.000Z
lesson_id_1867,group_id_1,2022-09-10T21:30:00.000Z
lesson_id_1868,group_id_14,2022-09-10T15:30:00.000Z
lesson_id_1869,group_id_15,2022-09-10T20:30:00.000Z
lesson_id_1870,group_id_5,2022-09-10T21:00:00.000Z
lesson_id_1871,group_id_4,2022-09-10T11:00:00.000Z
lesson_id_1872,group_id_1,2022-09-10T21:30:00.000Z
lesson_id_1873,group_id_20,2022-09-10T18:00:00.000Z
lesson_id_1874,group_id_8,2022-09-11T12:00:00.000Z
lesson_id_1875,group_id_12,2022-09-11T10:30:00.000Z
lesson_id_1876,group_id_5,2022-09-11T17:30:00.000Z
lesson_id_1877,group_id_12,2022-09-11T11:30:00.000Z
lesson_id_1878,group_id_16,2022-09-11T16:00:00.000Z
lesson_id_1879,group_id_6,2022-09-11T12:00:00.000Z
lesson_id_1880,group_id_2,2022-09-11T15:00:00.000Z
lesson_id_1881,group_id_9,2022-09-11T15:00:00.000Z
lesson_id_1882,group_id_7,2022-09-11T21:00:00.000Z
lesson_id_1883,group_id_3,2022-09-11T11:30:00.000Z
lesson_id_1884,group_id_20,2022-09-11T16:30:00.000Z
lesson_id_1885,group_id_15,2022-09-11T12:30:00.000Z
lesson_id_1886,group_id_13,2022-09-11T21:00:00.000Z
lesson_id_1887,group_id_20,2022-09-11T20:30:00.000Z
lesson_id_1888,group_id_11,2022-09-11T15:00:00.000Z
lesson_id_1889,group_id_4,2022-09-12T16:30:00.000Z
lesson_id_1890,group_id_2,2022-09-12T12:30:00.000Z
lesson_id_1891,group_id_2,2022-09-12T17:30:00.000Z
lesson_id_1892,group_id_17,2022-09-12T21:00:00.000Z
lesson_id_1893,group_id_7,2022-09-12T13:30:00.000Z
lesson_id_1894,group_id_13,2022-09-12T13:30:00.000Z
lesson_id_1895,group_id_15,2022-09-12T11:30:00.000Z
lesson_id_1896,group_id_10,2022-09-12T18:00:00.000Z
lesson_id_1897,group_id_17,2022-09-12T11:30:00.000Z
lesson_id_1898,group_id_15,2022-09-12T10:00:00.000Z
lesson_id_1899,group_id_6,2022-09-12T21:00:00.000Z
lesson_id_1900,group_id_13,2022-09-12T15:30:00.000Z
lesson_id_1901,group_id_15,2022-09-12T09:00:00.000Z
lesson_id_1902,group_id_15,2022-09-12T18:00:00.000Z
lesson_id_1903,group_id_15,2022-09-12T10:30:00.000Z
lesson_id_1904,group_id_6,2022-09-13T20:00:00.000Z
lesson_id_1905,group_id_3,2022-09-13T10:30:00.000Z
lesson_id_1906,group_id_12,2022-09-13T10:30:00.000Z
lesson_id_1907,group_id_17,2022-09-13T18:00:00.000Z
lesson_id_1908,group_id_13,2022-09-13T17:30:00.000Z
lesson_id_1909,group_id_2,2022-09-13T21:00:00.000Z
lesson_id_1910,group_id_11,2022-09-13T18:00:00.000Z
lesson_id_1911,group_id_6,2022-09-13T11:00:00.000Z
lesson_id_1912,group_id_2,2022-09-13T15:30:00.000Z
lesson_id_1913,group_id_10,2022-09-13T20:30:00.000Z
lesson_id_1914,group_id_10,2022-09-13T19:00:00.000Z
lesson_id_1915,group_id_4,2022-09-13T11:00:00.000Z
lesson_id_1916,group_id_1,2022-09-13T18:30:00.000Z
lesson_id_1917,group_id_15,2022-09-14T16:30:00.000Z
lesson_id_1918,group_id_18,2022-09-14T21:00:00.000Z
lesson_id_1919,group_id_20,2022-09-14T16:00:00.000Z
lesson_id_1920,group_id_7,2022-09-14T18:30:00.000Z
lesson_id_1921,group_id_15,2022-09-14T15:30:00.000Z
lesson_id_1922,group_id_3,2022-09-14T18:00:00.000Z
lesson_id_1923,group_id_8,2022-09-14T17:30:00.000Z
lesson_id_1924,group_id_20,2022-09-14T19:00:00.000Z
lesson_id_1925,group_id_2,2022-09-14T11:00:00.000Z
lesson_id_1926,group_id_2,2022-09-14T19:30:00.000Z
lesson_id_1927,group_id_2,2022-09-14T11:00:00.000Z
lesson_id_1928,group_id_20,2022-09-15T13:30:00.000Z
lesson_id_1929,group_id_3,2022-09-15T09:00:00.000Z
lesson_id_1930,group_id_14,2022-09-15T11:00:00.000Z
lesson_id_1931,group_id_10,2022-09-15T18:00:00.000Z
lesson_id_1932,group_id_15,2022-09-15T20:30:00.000Z
lesson_id_1933,group_id_2,2022-09-15T10:30:00.000Z
lesson_id_1934,group_id_11,2022-09-15T14:30:00.000Z
lesson_id_1935,group_id_3,2022-09-15T21:30:00.000Z
lesson_id_1936,group_id_18,2022-09-15T10:30:00.000Z
lesson_id_1937,group_id_16,2022-09-15T11:00:00.000Z
lesson_id_1938,group_id_9,2022-09-15T14:30:00.000Z
lesson_id_1939,group_id_17,2022-09-15T12:00:00.000Z
lesson_id_1940,group_id_20,2022-09-15T09:00:00.000Z
lesson_id_1941,group_id_19,2022-09-15T20:00:00.000Z
lesson_id_1942,group_id_16,2022-09-15T20:30:00.000Z
lesson_id_1943,group_id_20,2022-09-16T14:30:00.000Z
lesson_id_1944,group_id_17,2022-09-16T18:30:00.000Z
lesson_id_1945,group_id_5,2022-09-16T18:30:00.000Z
lesson_id_1946,group_id_17,2022-09-16T20:30:00.000Z
lesson_id_1947,group_id_16,2022-09-16T21:00:00.000Z
lesson_id_1948,group_id_20,2022-09-16T12:30:00.000Z
lesson_id_1949,group_id_7,2022-09-16T09:00:00.000Z
lesson_id_1950,group_id_1,2022-09-16T16:00:00.000Z
lesson_id_1951,group_id_7,2022-09-16T21:30:00.000Z
lesson_id_1952,group_id_14,2022-09-16T09:30:00.000Z
lesson_id_1953,group_id_12,2022-09-16T17:00:00.000Z
lesson_id_1954,group_id_1,2022-09-16T19:00:00.000Z
lesson_id_1955,group_id_10,2022-09-16T13:00:00.000Z
lesson_id_1956,group_id_10,2022-09-16T13:30:00.000Z
lesson_id_1957,group_id_4,2022-09-17T19:30:00.000Z
lesson_id_1958,group_id_11,2022-09-17T15:00:00.000Z
lesson_id_1959,group_id_6,2022-09-17T12:30:00.000Z
lesson_id_1960,group_id_11,2022-09-17T19:30:00.000Z
lesson_id_1961,group_id_16,2022-09-17T21:00:00.000Z
lesson_id_1962,group_id_5,2022-09-17T16:00:00.000Z
lesson_id_1963,group_id_15,2022-09-17T17:30:00.000Z
lesson_id_1964,group_id_15,2022-09-17T21:30:00.000Z
lesson_id_1965,group_id_2,2022-09-17T17:30:00.000Z
lesson_id_1966,group_id_19,2022-09-17T20:30:00.000Z
lesson_id_1967,group_id_18,2022-09-17T17:00:00.000Z
lesson_id_1968,group_id_19,2022-09-18T19:30:00.000Z
lesson_id_1969,group_id_12,2022-09-18T10:00:00.000Z
lesson_id_1970,group_id_9,2022-09-18T09:30:00.000Z
lesson_id_1971,group_id_13,2022-09-18T19:00:00.000Z
lesson_id_1972,group_id_19,2022-09-18T18:30:00.000Z
lesson_id_1973,group_id_6,2022-09-18T18:00:00.000Z
lesson_id_1974,group_id_10,2022-09-18T20:30:00.000Z
lesson_id_1975,group_id_2,2022-09-18T13:30:00.000Z
lesson_id_1976,group_id_3,2022-09-18T16:00:00.000Z
lesson_id_1977,group_id_12,2022-09-18T16:30:00.000Z
lesson_id_1978,group_id_7,2022-09-18T17:30:00.000Z
lesson_id_1979,group_id_6,2022-09-18T10:30:00.000Z
lesson_id_1980,group_id_7,2022-09-19T10:30:00.000Z
lesson_id_1981,group_id_17,2022-09-19T09:30:00.000Z
lesson_id_1982,group_id_17,2022-09-19T11:00:00.000Z
lesson_id_1983,group_id_11,2022-09-19T16:30:00.000Z
lesson_id_1984,group_id_11,2022-09-19T11:00:00.000Z
lesson_id_1985,group_id_17,2022-09-19T19:00:00.000Z
lesson_id_1986,group_id_7,2022-09-19T20:00:00.000Z
lesson_id_1987,group_id_15,2022-09-19T15:00:00.000Z
lesson_id_1988,group_id_1,2022-09-19T13:00:00.000Z
lesson_id_1989,group_id_20,2022-09-19T10:30:00.000Z
lesson_id_1990,group_id_15,2022-09-19T09:00:00.000Z
lesson_id_1991,group_id_10,2022-09-20T09:30:00.000Z
lesson_id_1992,group_id_7,2022-09-20T14:00:00.000Z
lesson_id_1993,group_id_7,2022-09-20T13:30:00.000Z
lesson_id_1994,group_id_18,2022-09-20T14:30:00.000Z
lesson_id_1995,group_id_4,2022-09-20T13:00:00.000Z
lesson_id_1996,group_id_6,2022-09-20T13:00:00.000Z
lesson_id_1997,group_id_1,2022-09-20T18:00:00.000Z
lesson_id_1998,group_id_7,2022-09-20T17:30:00.000Z
lesson_id_1999,group_id_18,2022-09-20T14:30:00.000Z
lesson_id_2000,group_id_5,2022-09-20T20:30:00.000Z
lesson_id_2001,group_id_19,2022-09-20T12:00:00.000Z
lesson_id_2002,group_id_3,2022-09-20T13:30:00.000Z
lesson_id_2003,group_id_18,2022-09-20T16:00:00.000Z
lesson_id_2004,group_id_5,2022-09-20T09:30:00.000Z
lesson_id_2005,group_id_2,2022-09-20T10:30:00.000Z
lesson_id_2006,group_id_3,2022-09-21T15:30:00.000Z
lesson_id_2007,group_id_6,2022-09-21T20:30:00.000Z
lesson_id_2008,group_id_20,2022-09-21T14:30:00.000Z
lesson_id_2009,group_id_11,2022-09-21T12:00:00.000Z
lesson_id_2010,group_id_15,2022-09-21T18:00:00.000Z
lesson_id_2011,group_id_3,2022-09-21T21:30:00.000Z
lesson_id_2012,group_id_4,2022-09-21T16:30:00.000Z
lesson_id_2013,group_id_15,2022-09-21T16:00:00.000Z
lesson_id_2014,group_id_8,2022-09-21T11:30:00.000Z
lesson_id_2015,group_id_12,2022-09-21T15:00:00.000Z
lesson_id_2016,group_id_11,2022-09-21T21:30:00.000Z
lesson_id_2017,group_id_16,2022-09-22T09:00:00.000Z
lesson_id_2018,group_id_16,2022-09-22T10:30:00.000Z
lesson_id_2019,group_id_16,2022-09-22T16:00:00.000Z
lesson_id_2020,group_id_10,2022-09-22T21:30:00.000Z
lesson_id_2021,group_id_20,2022-09-22T18:00:00.000Z
lesson_id_2022,group_id_17,2022-09-22T10:30:00.000Z
lesson_id_2023,group_id_4,2022-09-22T14:00:00.000Z
lesson_id_2024,group_id_10,2022-09-22T17:30:00.000Z
lesson_id_2025,group_id_13,2022-09-22T18:30:00.000Z
lesson_id_2026,group_id_8,2022-09-22T18:00:00.000Z
lesson_id_2027,group_id_18,2022-09-22T11:30:00.000Z
lesson_id_2028,group_id_13,2022-09-22T10:30:00.000Z
lesson_id_2029,group_id_7,2022-09-22T20:30:00.000Z
lesson_id_2030,group_id_14,2022-09-22T18:30:00.000Z
lesson_id_2031,group_id_8,2022-09-23T11:00:00.000Z
lesson_id_2032,group_id_19,2022-09-23T16:00:00.000Z
lesson_id_2033,group_id_19,2022-09-23T18:30:00.000Z
lesson_id_2034,group_id_11,2022-09-23T17:00:00.000Z
lesson_id_2035,group_id_15,2022-09-23T11:30:00.000Z
lesson_id_2036,group_id_13,2022-09-23T10:00:00.000Z
lesson_id_2037,group_id_20,2022-09-23T21:30:00.000Z
lesson_id_2038,group_id_11,2022-09-23T16:00:00.000Z
lesson_id_2039,group_id_3,2022-09-23T12:00:00.000Z
lesson_id_2040,group_id_19,2022-09-23T21:00:00.000Z
lesson_id_2041,group_id_5,2022-09-23T19:00:00.000Z
lesson_id_2042,group_id_15,2022-09-23T17:30:00.000Z
lesson_id_2043,group_id_13,2022-09-23T18:30:00.000Z
lesson_id_2044,group_id_7,2022-09-23T12:30:00.000Z
lesson_id_2045,group_id_10,2022-09-23T18:30:00.000Z
lesson_id_2046,group_id_12,2022-09-24T10:00:00.000Z
lesson_id_2047,group_id_20,2022-09-24T17:30:00.000Z
lesson_id_2048,group_id_5,2022-09-24T13:00:00.000Z
lesson_id_2049,group_id_12,2022-09-24T17:00:00.000Z
lesson_id_2050,group_id_1,2022-09-24T20:30:00.000Z
lesson_id_2051,group_id_4,2022-09-24T13:00:00.000Z
lesson_id_2052,group_id_8,2022-09-24T15:30:00.000Z
lesson_id_2053,group_id_11,2022-09-24T20:30:00.000Z
lesson_id_2054,group_id_13,2022-09-24T15:30:00.000Z
lesson_id_2055,group_id_18,2022-09-24T12:00:00.000Z
lesson_id_2056,group_id_16,2022-09-24T11:00:00.000Z
lesson_id_2057,group_id_18,2022-09-24T15:30:00.000Z
lesson_id_2058,group_id_14,2022-09-24T11:30:00.000Z
lesson_id_2059,group_id_5,2022-09-24T11:00:00.000Z
lesson_id_2060,group_id_1,2022-09-25T11:30:00.000Z
lesson_id_2061,group_id_14,2022-09-25T11:00:00.000Z
lesson_id_2062,group_id_5,2022-09-25T19:30:00.000Z
lesson_id_2063,group_id_15,2022-09-25T21:30:00.000Z
lesson_id_2064,group_id_20,2022-09-25T11:30:00.000Z
lesson_id_2065,group_id_17,2022-09-25T15:30:00.000Z
lesson_id_2066,group_id_13,2022-09-25T14:00:00.000Z
lesson_id_2067,group_id_6,2022-09-25T15:00:00.000Z
lesson_id_2068,group_id_19,2022-09-25T16:00:00.000Z
lesson_id_2069,group_id_17,2022-09-25T13:30:00.000Z
lesson_id_2070,group_id_18,2022-09-25T18:30:00.000Z
lesson_id_2071,group_id_2,2022-09-26T18:30:00.000Z
lesson_id_2072,group_id_12,2022-09-26T10:30:00.000Z
lesson_id_2073,group_id_3,2022-09-26T11:30:00.000Z
lesson_id_2074,group_id_15,2022-09-26T17:00:00.000Z
lesson_id_2075,group_id_17,2022-09-26T18:00:00.000Z
lesson_id_2076,group_id_8,2022-09-26T16:00:00.000Z
lesson_id_2077,group_id_18,2022-09-26T21:30:00.000Z
lesson_id_2078,group_id_20,2022-09-26T09:30:00.000Z
lesson_id_2079,group_id_18,2022-09-26T21:00:00.000Z
lesson_id_2080,group_id_16,2022-09-26T16:30:00.000Z
lesson_id_2081,group_id_19,2022-09-26T20:30:00.000Z
lesson_id_2082,group_id_12,2022-09-27T21:30:00.000Z
lesson_id_2083,group_id_10,2022-09-27T11:00:00.000Z
lesson_id_2084,group_id_20,2022-09-27T20:30:00.000Z
lesson_id_2085,group_id_19,2022-09-27T13:00:00.000Z
lesson_id_2086,group_id_16,2022-09-27T18:00:00.000Z
lesson_id_2087,group_id_19,2022-09-27T09:30:00.000Z
lesson_id_2088,group_id_20,2022-09-27T09:30:00.000Z
lesson_id_2089,group_id_16,2022-09-27T10:00:00.000Z
lesson_id_2090,group_id_17,2022-09-27T10:30:00.000Z
lesson_id_2091,group_id_9,2022-09-27T11:30:00.000Z
lesson_id_2092,group_id_9,2022-09-27T13:00:00.000Z
lesson_id_2093,group_id_4,2022-09-27T18:00:00.000Z
lesson_id_2094,group_id_19,2022-09-27T20:00:00.000Z
lesson_id_2095,group_id_15,2022-09-27T14:00:00.000Z
lesson_id_2096,group_id_8,2022-09-28T16:00:00.000Z
lesson_id_2097,group_id_17,2022-09-28T09:30:00.000Z
lesson_id_2098,group_id_3,2022-09-28T11:00:00.000Z
lesson_id_2099,group_id_16,2022-09-28T21:30:00.000Z
lesson_id_2100,group_id_13,2022-09-28T12:30:00.000Z
lesson_id_2101,group_id_6,2022-09-28T12:30:00.000Z
lesson_id_2102,group_id_2,2022-09-28T19:30:00.000Z
lesson_id_2103,group_id_4,2022-09-28T09:00:00.000Z
lesson_id_2104,group_id_15,2022-09-28T15:30:00.000Z
lesson_id_2105,group_id_10,2022-09-28T16:00:00.000Z
lesson_id_2106,group_id_13,2022-09-28T19:30:00.000Z
lesson_id_2107,group_id_16,2022-09-28T13:00:00.000Z
lesson_id_2108,group_id_17,2022-09-28T15:00:00.000Z
lesson_id_2109,group_id_15,2022-09-29T15:30:00.000Z
lesson_id_2110,group_id_17,2022-09-29T19:00:00.000Z
lesson_id_2111,group_id_4,2022-09-29T17:30:00.000Z
lesson_id_2112,group_id_14,2022-09-29T18:30:00.000Z
lesson_id_2113,group_id_11,2022-09-29T13:30:00.000Z
lesson_id_2114,group_id_4,2022-09-29T13:30:00.000Z
lesson_id_2115,group_id_15,2022-09-29T21:00:00.000Z
lesson_id_2116,group_id_19,2022-09-29T21:00:00.000Z
lesson_id_2117,group_id_17,2022-09-29T14:00:00.000Z
lesson_id_2118,group_id_11,2022-09-29T17:00:00.000Z
lesson_id_2119,group_id_1,2022-09-29T10:00:00.000Z
lesson_id_2120,group_id_14,2022-09-29T10:00:00.000Z
lesson_id_2121,group_id_15,2022-09-29T14:00:00.000Z
lesson_id_2122,group_id_9,2022-09-30T12:00:00.000Z
lesson_id_2123,group_id_1,2022-09-30T18:00:00.000Z
lesson_id_2124,group_id_2,2022-09-30T18:00:00.000Z
lesson_id_2125,group_id_20,2022-09-30T19:00:00.000Z
lesson_id_2126,group_id_4,2022-09-30T10:00:00.000Z
lesson_id_2127,group_id_13,2022-09-30T19:00:00.000Z
lesson_id_2128,group_id_4,2022-09-30T20:00:00.000Z
lesson_id_2129,group_id_9,2022-09-30T13:30:00.000Z
lesson_id_2130,group_id_3,2022-09-30T19:30:00.000Z
lesson_id_2131,group_id_9,2022-09-30T21:30:00.000Z
lesson_id_2132,group_id_11,2022-09-30T13:00:00.000Z
lesson_id_2133,group_id_3,2022-09-30T13:00:00.000Z
lesson_id_2134,group_id_13,2022-09-30T15:30:00.000Z
lesson_id_2135,group_id_9,2022-10-01T13:00:00.000Z
lesson_id_2136,group_id_15,2022-10-01T10:30:00.000Z
lesson_id_2137,group_id_7,2022-10-01T18:30:00.000Z
lesson_id_2138,group_id_6,2022-10-01T19:30:00.000Z
lesson_id_2139,group_id_4,2022-10-01T11:30:00.000Z
lesson_id_2140,group_id_7,2022-10-01T18:00:00.000Z
lesson_id_2141,group_id_15,2022-10-01T20:30:00.000Z
lesson_id_2142,group_id_4,2022-10-01T09:00:00.000Z
lesson_id_2143,group_id_3,2022-10-01T18:30:00.000Z
lesson_id_2144,group_id_15,2022-10-01T09:30:00.000Z
lesson_id_2145,group_id_1,2022-10-02T09:30:00.000Z
lesson_id_2146,group_id_9,2022-10-02T11:30:00.000Z
lesson_id_2147,group_id_13,2022-10-02T18:00:00.000Z
lesson_id_2148,group_id_17,2022-10-02T20:30:00.000Z
lesson_id_2149,group_id_16,2022-10-02T15:30:00.000Z
lesson_id_2150,group_id_3,2022-10-02T17:00:00.000Z
lesson_id_2151,group_id_1,2022-10-02T15:30:00.000Z
lesson_id_2152,group_id_4,2022-10-02T18:30:00.000Z
lesson_id_2153,group_id_11,2022-10-02T19:30:00.000Z
lesson_id_2154,group_id_13,2022-10-02T09:00:00.000Z
lesson_id_2155,group_id_12,2022-10-02T17:30:00.000Z
lesson_id_2156,group_id_15,2022-10-03T21:30:00.000Z
lesson_id_2157,group_id_7,2022-10-03T11:00:00.000Z
lesson_id_2158,group_id_13,2022-10-03T19:00:00.000Z
lesson_id_2159,group_id_10,2022-10-03T20:30:00.000Z
lesson_id_2160,group_id_4,2022-10-03T19:30:00.000Z
lesson_id_2161,group_id_16,2022-10-03T10:30:00.000Z
lesson_id_2162,group_id_7,2022-10-03T11:00:00.000Z
lesson_id_2163,group_id_7,2022-10-03T09:00:00.000Z
lesson_id_2164,group_id_16,2022-10-03T15:00:00.000Z
lesson_id_2165,group_id_18,2022-10-03T19:30:00.000Z
lesson_id_2166,group_id_18,2022-10-04T21:30:00.000Z
lesson_id_2167,group_id_1,2022-10-04T09:30:00.000Z
lesson_id_2168,group_id_2,2022-10-04T14:00:00.000Z
lesson_id_2169,group_id_13,2022-10-04T10:00:00.000Z
lesson_id_2170,group_id_17,2022-10-04T16:00:00.000Z
lesson_id_2171,group_id_19,2022-10-04T12:00:00.000Z
lesson_id_2172,group_id_2,2022-10-04T20:00:00.000Z
lesson_id_2173,group_id_16,2022-10-04T19:00:00.000Z
lesson_id_2174,group_id_16,2022-10-04T18:00:00.000Z
lesson_id_2175,group_id_8,2022-10-04T20:00:00.000Z
lesson_id_2176,group_id_1,2022-10-04T11:00:00.000Z
lesson_id_2177,group_id_10,2022-10-04T21:00:00.000Z
lesson_id_2178,group_id_15,2022-10-04T18:00:00.000Z
lesson_id_2179,group_id_3,2022-10-05T10:00:00.000Z
lesson_id_2180,group_id_16,2022-10-05T18:00:00.000Z
lesson_id_2181,group_id_3,2022-10-05T21:00:00.000Z
lesson_id_2182,group_id_14,2022-10-05T14:30:00.000Z
lesson_id_2183,group_id_11,2022-10-05T10:00:00.000Z
lesson_id_2184,group_id_11,2022-10-05T21:00:00.000Z
lesson_id_2185,group_id_2,2022-10-05T18:00:00.000Z
lesson_id_2186,group_id_11,2022-10-05T10:00:00.000Z
lesson_id_2187,group_id_9,2022-10-05T11:30:00.000Z
lesson_id_2188,group_id_6,2022-10-05T20:30:00.000Z
lesson_id_2189,group_id_18,2022-10-05T11:30:00.000Z
lesson_id_2190,group_id_8,2022-10-05T18:00:00.000Z
lesson_id_2191,group_id_5,2022-10-05T10:30:00.000Z
lesson_id_2192,group_id_6,2022-10-05T09:30:00.000Z
lesson_id_2193,group_id_1,2022-10-06T09:00:00.000Z
lesson_id_2194,group_id_3,2022-10-06T20:30:00.000Z
lesson_id_2195,group_id_14,2022-10-06T20:30:00.000Z
lesson_id_2196,group_id_5,2022-10-06T12:00:00.000Z
lesson_id_2197,group_id_9,2022-10-06T17:30:00.000Z
lesson_id_2198,group_id_14,2022-10-06T12:00:00.000Z
lesson_id_2199,group_id_20,2022-10-06T20:00:00.000Z
lesson_id_2200,group_id_20,2022-10-06T11:30:00.000Z
lesson_id_2201,group_id_20,2022-10-06T10:30:00.000Z
lesson_id_2202,group_id_12,2022-10-06T15:00:00.000Z
lesson_id_2203,group_id_8,2022-10-07T12:00:00.000Z
lesson_id_2204,group_id_17,2022-10-07T10:30:00.000Z
lesson_id_2205,group_id_18,2022-10-07T17:00:00.000Z
lesson_id_2206,group_id_15,2022-10-07T21:00:00.000Z
lesson_id_2207,group_id_9,2022-10-07T09:00:00.000Z
lesson_id_2208,group_id_4,2022-10-07T21:00:00.000Z
lesson_id_2209,group_id_16,2022-10-07T16:00:00.000Z
lesson_id_2210,group_id_6,2022-10-07T19:00:00.000Z
lesson_id_2211,group_id_2,2022-10-07T19:30:00.000Z
lesson_id_2212,group_id_10,2022-10-07T12:30:00.000Z
lesson_id_2213,group_id_9,2022-10-07T14:30:00.000Z
lesson_id_2214,group_id_2,2022-10-07T10:00:00.000Z
lesson_id_2215,group_id_18,2022-10-07T11:00:00.000Z
lesson_id_2216,group_id_1,2022-10-07T16:00:00.000Z
lesson_id_2217,group_id_8,2022-10-08T20:30:00.000Z
lesson_id_2218,group_id_19,2022-10-08T18:30:00.000Z
lesson_id_2219,group_id_14,2022-10-08T12:30:00.000Z
lesson_id_2220,group_id_8,2022-10-08T21:00:00.000Z
lesson_id_2221,group_id_11,2022-10-08T12:00:00.000Z
lesson_id_2222,group_id_8,2022-10-08T20:30:00.000Z
lesson_id_2223,group_id_7,2022-10-08T15:00:00.000Z
lesson_id_2224,group_id_3,2022-10-08T16:30:00.000Z
lesson_id_2225,group_id_2,2022-10-08T15:00:00.000Z
lesson_id_2226,group_id_7,2022-10-08T18:30:00.000Z
lesson_id_2227,group_id_13,2022-10-09T14:00:00.000Z
lesson_id_2228,group_id_15,2022-10-09T20:00:00.000Z
lesson_id_2229,group_id_12,2022-10-09T13:00:00.000Z
lesson_id_2230,group_id_11,2022-10-09T11:00:00.000Z
lesson_id_2231,group_id_19,2022-10-09T09:30:00.000Z
lesson_id_2232,group_id_5,2022-10-09T10:30:00.000Z
lesson_id_2233,group_id_15,2022-10-09T15:00:00.000Z
lesson_id_2234,group_id_11,2022-10-09T12:30:00.000Z
lesson_id_2235,group_id_20,2022-10-09T11:00:00.000Z
lesson_id_2236,group_id_19,2022-10-09T17:00:00.000Z
lesson_id_2237,group_id_3,2022-10-09T15:30:00.000Z
lesson_id_2238,group_id_19,2022-10-10T16:30:00.000Z
lesson_id_2239,group_id_9,2022-10-10T09:30:00.000Z
lesson_id_2240,group_id_8,2022-10-10T12:30:00.000Z
lesson_id_2241,group_id_14,2022-10-10T18:00:00.000Z
lesson_id_2242,group_id_19,2022-10-10T11:00:00.000Z
lesson_id_2243,group_id_14,2022-10-10T09:00:00.000Z
lesson_id_2244,group_id_16,2022-10-10T20:00:00.000Z
lesson_id_2245,group_id_14,2022-10-10T17:30:00.000Z
lesson_id_2246,group_id_16,2022-10-10T21:00:00.000Z
lesson_id_2247,group_id_15,2022-10-10T16:00:00.000Z
lesson_id_2248,group_id_3,2022-10-10T17:00:00.000Z
lesson_id_2249,group_id_7,2022-10-11T11:30:00.000Z
lesson_id_2250,group_id_10,2022-10-11T12:00:00.000Z
lesson_id_2251,group_id_1,2022-10-11T16:30:00.000Z
lesson_id_2252,group_id_6,2022-10-11T20:30:00.000Z
lesson_id_2253,group_id_19,2022-10-11T20:00:00.000Z
lesson_id_2254,group_id_15,2022-10-11T16:00:00.000Z
lesson_id_2255,group_id_13,2022-10-11T11:30:00.000Z
lesson_id_2256,group_id_15,2022-10-11T20:00:00.000Z
lesson_id_2257,group_id_3,2022-10-11T15:30:00.000Z
lesson_id_2258,group_id_17,2022-10-11T09:30:00.000Z
lesson_id_2259,group_id_14,2022-10-11T21:30:00.000Z
lesson_id_2260,group_id_20,2022-10-11T17:00:00.000Z
lesson_id_2261,group_id_3,2022-10-11T18:30:00.000Z
lesson_id_2262,group_id_17,2022-10-12T19:30:00.000Z
lesson_id_2263,group_id_2,2022-10-12T10:30:00.000Z
lesson_id_2264,group_id_12,2022-10-12T16:00:00.000Z
lesson_id_2265,group_id_12,2022-10-12T14:00:00.000Z
lesson_id_2266,group_id_18,2022-10-12T20:00:00.000Z
lesson_id_2267,group_id_18,2022-10-12T20:00:00.000Z
lesson_id_2268,group_id_5,2022-10-12T14:00:00.000Z
lesson_id_2269,group_id_18,2022-10-12T10:30:00.000Z
lesson_id_2270,group_id_19,2022-10-12T20:00:00.000Z
lesson_id_2271,group_id_8,2022-10-12T14:30:00.000Z
lesson_id_2272,group_id_17,2022-10-13T19:30:00.000Z
lesson_id_2273,group_id_9,2022-10-13T09:00:00.000Z
lesson_id_2274,group_id_12,2022-10-13T14:30:00.000Z
lesson_id_2275,group_id_16,2022-10-13T17:00:00.000Z
lesson_id_2276,group_id_16,2022-10-13T20:30:00.000Z
lesson_id_2277,group_id_15,2022-10-13T18:30:00.000Z
lesson_id_2278,group_id_3,2022-10-13T12:30:00.000Z
lesson_id_2279,group_id_3,2022-10-13T10:30:00.000Z
lesson_id_2280,group_id_6,2022-10-13T13:00:00.000Z
lesson_id_2281,group_id_4,2022-10-13T11:30:00.000Z
lesson_id_2282,group_id_4,2022-10-13T20:00:00.000Z
lesson_id_2283,group_id_16,2022-10-13T11:00:00.000Z
lesson_id_2284,group_id_1,2022-10-14T13:30:00.000Z
lesson_id_2285,group_id_18,2022-10-14T11:30:00.000Z
lesson_id_2286,group_id_12,2022-10-14T15:30:00.000Z
lesson_id_2287,group_id_1,2022-10-14T13:00:00.000Z
lesson_id_2288,group_id_3,2022-10-14T09:00:00.000Z
lesson_id_2289,group_id_17,2022-10-14T19:30:00.000Z
lesson_id_2290,group_id_14,2022-10-14T18:30:00.000Z
lesson_id_2291,group_id_11,2022-10-14T16:30:00.000Z
lesson_id_2292,group_id_15,2022-10-14T13:00:00.000Z
lesson_id_2293,group_id_10,2022-10-14T11:30:00.000Z
lesson_id_2294,group_id_8,2022-10-14T16:30:00.000Z
lesson_id_2295,group_id_10,2022-10-14T21:00:00.000Z
lesson_id_2296,group_id_5,2022-10-14T14:30:00.000Z
lesson_id_2297,group_id_15,2022-10-14T11:00:00.000Z
lesson_id_2298,group_id_10,2022-10-15T11:00:00.000Z
lesson_id_2299,group_id_5,2022-10-15T11:00:00.000Z
lesson_id_2300,group_id_4,2022-10-15T09:30:00.000Z
lesson_id_2301,group_id_19,2022-10-15T11:30:00.000Z
lesson_id_2302,group_id_9,2022-10-15T14:00:00.000Z
lesson_id_2303,group_id_7,2022-10-15T17:00:00.000Z
lesson_id_2304,group_id_11,2022-10-15T14:00:00.000Z
lesson_id_2305,group_id_12,2022-10-15T16:00:00.000Z
lesson_id_2306,group_id_18,2022-10-15T13:00:00.000Z
lesson_id_2307,group_id_1,2022-10-15T15:30:00.000Z
lesson_id_2308,group_id_5,2022-10-15T16:30:00.000Z
lesson_id_2309,group_id_5,2022-10-15T09:30:00.000Z
lesson_id_2310,group_id_10,2022-10-15T16:30:00.000Z
lesson_id_2311,group_id_19,2022-10-15T19:00:00.000Z
lesson_id_2312,group_id_15,2022-10-16T14:00:00.000Z
lesson_id_2313,group_id_16,2022-10-16T09:00:00.000Z
lesson_id_2314,group_id_18,2022-10-16T10:30:00.000Z
lesson_id_2315,group_id_1,2022-10-16T15:00:00.000Z
lesson_id_2316,group_id_15,2022-10-16T14:00:00.000Z
lesson_id_2317,group_id_11,2022-10-16T09:00:00.000Z
lesson_id_2318,group_id_19,2022-10-16T17:00:00.000Z
lesson_id_2319,group_id_9,2022-10-16T12:00:00.000Z
lesson_id_2320,group_id_3,2022-10-16T17:30:00.000Z
lesson_id_2321,group_id_3,2022-10-16T17:30:00.000Z
lesson_id_2322,group_id_7,2022-10-16T16:30:00.000Z
lesson_id_2323,group_id_20,2022-10-16T18:00:00.000Z
lesson_id_2324,group_id_12,2022-10-16T15:00:00.000Z
lesson_id_2325,group_id_14,2022-10-16T14:30:00.000Z
lesson_id_2326,group_id_1,2022-10-17T13:30:00.000Z
lesson_id_2327,group_id_12,2022-10-17T13:30:00.000Z
lesson_id_2328,group_id_18,2022-10-17T10:00:00.000Z
lesson_id_2329,group_id_15,2022-10-17T20:30:00.000Z
lesson_id_2330,group_id_15,2022-10-17T13:00:00.000Z
lesson_id_2331,group_id_14,2022-10-17T20:30:00.000Z
lesson_id_2332,group_id_5,2022-10-17T18:00:00.000Z
lesson_id_2333,group_id_5,2022-10-17T12:30:00.000Z
lesson_id_2334,group_id_16,2022-10-17T17:30:00.000Z
lesson_id_2335,group_id_3,2022-10-17T18:30:00.000Z
lesson_id_2336,group_id_3,2022-10-17T09:30:00.000Z
lesson_id_2337,group_id_9,2022-10-17T15:00:00.000Z
lesson_id_2338,group_id_15,2022-10-18T20:00:00.000Z
lesson_id_2339,group_id_7,2022-10-18T11:30:00.000Z
lesson_id_2340,group_id_10,2022-10-18T17:30:00.000Z
lesson_id_2341,group_id_2,2022-10-18T13:30:00.000Z
lesson_id_2342,group_id_16,2022-10-18T17:30:00.000Z
lesson_id_2343,group_id_8,2022-10-18T09:00:00.000Z
lesson_id_2344,group_id_5,2022-10-18T13:30:00.000Z
lesson_id_2345,group_id_16,2022-10-18T10:30:00.000Z
lesson_id_2346,group_id_14,2022-10-18T11:30:00.000Z
lesson_id_2347,group_id_8,2022-10-18T09:00:00.000Z
lesson_id_2348,group_id_9,2022-10-18T16:00:00.000Z
lesson_id_2349,group_id_20,2022-10-18T20:30:00.000Z
lesson_id_2350,group_id_19,2022-10-18T16:30:00.000Z
lesson_id_2351,group_id_9,2022-10-18T19:30:00.000Z
lesson_id_2352,group_id_12,2022-10-19T17:00:00.000Z
lesson_id_2353,group_id_9,2022-10-19T11:00:00.000Z
lesson_id_2354,group_id_5,2022-10-19T14:30:00.000Z
lesson_id_2355,group_id_5,2022-10-19T14:00:00.000Z
lesson_id_2356,group_id_2,2022-10-19T13:30:00.000Z
lesson_id_2357,group_id_14,2022-10-19T19:30:00.000Z
lesson_id_2358,group_id_2,2022-10-19T13:30:00.000Z
lesson_id_2359,group_id_17,2022-10-19T19:00:00.000Z
lesson_id_2360,group_id_17,2022-10-19T12:00:00.000Z
lesson_id_2361,group_id_4,2022-10-19T18:00:00.000Z
lesson_id_2362,group_id_11,2022-10-20T14:30:00.000Z
lesson_id_2363,group_id_9,2022-10-20T19:30:00.000Z
lesson_id_2364,group_id_4,2022-10-20T17:30:00.000Z
lesson_id_2365,group_id_5,2022-10-20T09:00:00.000Z
lesson_id_2366,group_id_17,2022-10-20T13:30:00.000Z
lesson_id_2367,group_id_16,2022-10-20T15:30:00.000Z
lesson_id_2368,group_id_6,2022-10-20T10:00:00.000Z
lesson_id_2369,group_id_5,2022-10-20T17:00:00.000Z
lesson_id_2370,group_id_7,2022-10-20T21:00:00.000Z
lesson_id_2371,group_id_14,2022-10-20T16:00:00.000Z
lesson_id_2372,group_id_4,2022-10-20T11:00:00.000Z
lesson_id_2373,group_id_16,2022-10-20T14:30:00.000Z
lesson_id_2374,group_id_12,2022-10-20T11:30:00.000Z
lesson_id_2375,group_id_20,2022-10-20T17:30:00.000Z
lesson_id_2376,group_id_10,2022-10-21T09:00:00.000Z
lesson_id_2377,group_id_8,2022-10-21T11:00:00.000Z
lesson_id_2378,group_id_8,2022-10-21T13:00:00.000Z
lesson_id_2379,group_id_7,2022-10-21T11:00:00.000Z
lesson_id_2380,group_id_14,2022-10-21T20:00:00.000Z
lesson_id_2381,group_id_3,2022-10-21T09:30:00.000Z
lesson_id_2382,group_id_14,2022-10-21T09:00:00.000Z
lesson_id_2383,group_id_4,2022-10-21T09:00:00.000Z
lesson_id_2384,group_id_16,2022-10-21T10:30:00.000Z
lesson_id_2385,group_id_2,2022-10-21T10:30:00.000Z
lesson_id_2386,group_id_1,2022-10-21T21:00:00.000Z
lesson_id_2387,group_id_20,2022-10-22T12:00:00.000Z
lesson_id_2388,group_id_6,2022-10-22T19:30:00.000Z
lesson_id_2389,group_id_1,2022-10-22T10:00:00.000Z
lesson_id_2390,group_id_9,2022-10-22T18:30:00.000Z
lesson_id_2391,group_id_12,2022-10-22T11:00:00.000Z
lesson_id_2392,group_id_17,2022-10-22T18:00:00.000Z
lesson_id_2393,group_id_4,2022-10-22T18:00:00.000Z
lesson_id_2394,group_id_17,2022-10-22T12:00:00.000Z
lesson_id_2395,group_id_10,2022-10-22T11:00:00.000Z
lesson_id_2396,group_id_4,2022-10-22T12:30:00.000Z
lesson_id_2397,group_id_19,2022-10-23T11:30:00.000Z
lesson_id_2398,group_id_4,2022-10-23T11:30:00.000Z
lesson_id_2399,group_id_13,2022-10-23T15:00:00.000Z
lesson_id_2400,group_id_17,2022-10-23T12:30:00.000Z
lesson_id_2401,group_id_4,2022-10-23T21:30:00.000Z
lesson_id_2402,group_id_4,2022-10-23T16:00:00.000Z
lesson_id_2403,group_id_17,2022-10-23T11:30:00.000Z
lesson_id_2404,group_id_12,2022-10-23T20:30:00.000Z
lesson_id_2405,group_id_18,2022-10-23T20:00:00.000Z
lesson_id_2406,group_id_3,2022-10-23T14:30:00.000Z
lesson_id_2407,group_id_4,2022-10-23T15:30:00.000Z
lesson_id_2408,group_id_15,2022-10-23T18:30:00.000Z
lesson_id_2409,group_id_8,2022-10-24T17:30:00.000Z
lesson_id_2410,group_id_10,2022-10-24T15:00:00.000Z
lesson_id_2411,group_id_3,2022-10-24T21:30:00.000Z
lesson_id_2412,group_id_12,2022-10-24T11:00:00.000Z
lesson_id_2413,group_id_16,2022-10-24T19:00:00.000Z
lesson_id_2414,group_id_13,2022-10-24T16:00:00.000Z
lesson_id_2415,group_id_4,2022-10-24T11:30:00.000Z
lesson_id_2416,group_id_13,2022-10-24T20:00:00.000Z
lesson_id_2417,group_id_6,2022-10-24T10:30:00.000Z
lesson_id_2418,group_id_7,2022-10-24T14:00:00.000Z
lesson_id_2419,group_id_20,2022-10-24T15:00:00.000Z
lesson_id_2420,group_id_8,2022-10-24T15:30:00.000Z
lesson_id_2421,group_id_9,2022-10-24T21:30:00.000Z
lesson_id_2422,group_id_12,2022-10-25T16:30:00.000Z
lesson_id_2423,group_id_16,2022-10-25T17:30:00.000Z
lesson_id_2424,group_id_5,2022-10-25T21:30:00.000Z
lesson_id_2425,group_id_4,2022-10-25T10:30:00.000Z
lesson_id_2426,group_id_16,2022-10-25T16:00:00.000Z
lesson_id_2427,group_id_5,2022-10-25T09:00:00.000Z
lesson_id_2428,group_id_2,2022-10-25T10:30:00.000Z
lesson_id_2429,group_id_1,2022-10-25T11:30:00.000Z
lesson_id_2430,group_id_20,2022-10-25T19:30:00.000Z
lesson_id_2431,group_id_5,2022-10-25T13:00:00.000Z
lesson_id_2432,group_id_3,2022-10-25T19:30:00.000Z
lesson_id_2433,group_id_15,2022-10-25T12:30:00.000Z
lesson_id_2434,group_id_16,2022-10-25T16:30:00.000Z
lesson_id_2435,group_id_11,2022-10-26T21:00:00.000Z
lesson_id_2436,group_id_2,2022-10-26T15:00:00.000Z
lesson_id_2437,group_id_13,2022-10-26T16:30:00.000Z
lesson_id_2438,group_id_13,2022-10-26T16:30:00.000Z
lesson_id_2439,group_id_2,2022-10-26T09:00:00.000Z
lesson_id_2440,group_id_18,2022-10-26T19:30:00.000Z
lesson_id_2441,group_id_6,2022-10-26T16:30:00.000Z
lesson_id_2442,group_id_5,2022-10-26T13:30:00.000Z
lesson_id_2443,group_id_16,2022-10-26T21:00:00.000Z
lesson_id_2444,group_id_19,2022-10-26T19:30:00.000Z
lesson_id_2445,group_id_18,2022-10-26T19:30:00.000Z
lesson_id_2446,group_id_16,2022-10-26T17:00:00.000Z
lesson_id_2447,group_id_17,2022-10-26T09:30:00.000Z
lesson_id_2448,group_id_9,2022-10-26T16:30:00.000Z
lesson_id_2449,group_id_12,2022-10-27T21:30:00.000Z
lesson_id_2450,group_id_11,2022-10-27T09:00:00.000Z
lesson_id_2451,group_id_19,2022-10-27T09:00:00.000Z
lesson_id_2452,group_id_12,2022-10-27T14:00:00.000Z
lesson_id_2453,group_id_11,2022-10-27T15:00:00.000Z
lesson_id_2454,group_id_14,2022-10-27T14:30:00.000Z
lesson_id_2455,group_id_14,2022-10-27T14:00:00.000Z
lesson_id_2456,group_id_8,2022-10-27T12:00:00.000Z
lesson_id_2457,group_id_10,2022-10-27T18:00:00.000Z
lesson_id_2458,group_id_3,2022-10-27T13:00:00.000Z
lesson_id_2459,group_id_11,2022-10-27T11:00:00.000Z
lesson_id_2460,group_id_18,2022-10-27T14:00:00.000Z
lesson_id_2461,group_id_15,2022-10-27T19:30:00.000Z
lesson_id_2462,group_id_19,2022-10-27T17:30:00.000Z
lesson_id_2463,group_id_1,2022-10-28T20:30:00.000Z
lesson_id_2464,group_id_19,2022-10-28T09:30:00.000Z
lesson_id_2465,group_id_13,2022-10-28T18:30:00.000Z
lesson_id_2466,group_id_11,2022-10-28T18:00:00.000Z
lesson_id_2467,group_id_16,2022-10-28T10:00:00.000Z
lesson_id_2468,group_id_11,2022-10-28T16:30:00.000Z
lesson_id_2469,group_id_6,2022-10-28T18:30:00.000Z
lesson_id_2470,group_id_12,2022-10-28T15:00:00.000Z
lesson_id_2471,group_id_16,2022-10-28T19:00:00.000Z
lesson_id_2472,group_id_18,2022-10-28T12:30:00.000Z
lesson_id_2473,group_id_9,2022-10-28T09:30:00.000Z
lesson_id_2474,group_id_19,2022-10-28T15:00:00.000Z
lesson_id_2475,group_id_3,2022-10-29T20:00:00.000Z
lesson_id_2476,group_id_19,2022-10-29T14:30:00.000Z
lesson_id_2477,group_id_3,2022-10-29T18:30:00.000Z
lesson_id_2478,group_id_14,2022-10-29T12:30:00.000Z
lesson_id_2479,group_id_3,2022-10-29T19:30:00.000Z
lesson_id_2480,group_id_17,2022-10-29T21:30:00.000Z
lesson_id_2481,group_id_14,2022-10-29T19:30:00.000Z
lesson_id_2482,group_id_7,2022-10-29T15:30:00.000Z
lesson_id_2483,group_id_9,2022-10-29T18:30:00.000Z
lesson_id_2484,group_id_18,2022-10-29T11:00:00.000Z
lesson_id_2485,group_id_17,2022-10-29T11:30:00.000Z
lesson_id_2486,group_id_7,2022-10-29T19:30:00.000Z
lesson_id_2487,group_id_9,2022-10-29T19:30:00.000Z
lesson_id_2488,group_id_19,2022-10-29T20:00:00.000Z
lesson_id_2489,group_id_7,2022-10-30T14:30:00.000Z
lesson_id_2490,group_id_5,2022-10-30T12:00:00.000Z
lesson_id_2491,group_id_10,2022-10-30T15:30:00.000Z
lesson_id_2492,group_id_11,2022-10-30T10:00:00.000Z
lesson_id_2493,group_id_14,2022-10-30T13:30:00.000Z
lesson_id_2494,group_id_6,2022-10-30T13:00:00.000Z
lesson_id_2495,group_id_13,2022-10-30T12:00:00.000Z
lesson_id_2496,group_id_5,2022-10-30T12:00:00.000Z
lesson_id_2497,group_id_8,2022-10-30T21:30:00.000Z
lesson_id_2498,group_id_15,2022-10-30T16:30:00.000Z
lesson_id_2499,group_id_14,2022-10-30T19:00:00.000Z
lesson_id_2500,group_id_7,2022-10-30T11:30:00.000Z
lesson_id_2501,group_id_5,2022-10-30T09:30:00.000Z
lesson_id_2502,group_id_9,2022-10-30T19:00:00.000Z
lesson_id_2503,group_id_16,2022-10-31T21:00:00.000Z
lesson_id_2504,group_id_2,2022-10-31T10:30:00.000Z
lesson_id_2505,group_id_20,2022-10-31T13:00:00.000Z
lesson_id_2506,group_id_14,2022-10-31T14:00:00.000Z
lesson_id_2507,group_id_13,2022-10-31T20:00:00.000Z
lesson_id_2508,group_id_8,2022-10-31T10:00:00.000Z
lesson_id_2509,group_id_17,2022-10-31T19:30:00.000Z
lesson_id_2510,group_id_16,2022-10-31T10:00:00.000Z
lesson_id_2511,group_id_20,2022-10-31T10:30:00.000Z
lesson_id_2512,group_id_11,2022-10-31T18:30:00.000Z
lesson_id_2513,group_id_14,2022-11-01T12:00:00.000Z
lesson_id_2514,group_id_4,2022-11-01T11:00:00.000Z
lesson_id_2515,group_id_9,2022-11-01T16:30:00.000Z
lesson_id_2516,group_id_9,2022-11-01T18:00:00.000Z
lesson_id_2517,group_id_16,2022-11-01T17:30:00.000Z
lesson_id_2518,group_id_4,2022-11-01T14:30:00.000Z
lesson_id_2519,group_id_16,2022-11-01T19:00:00.000Z
lesson_id_2520,group_id_9,2022-11-01T21:00:00.000Z
lesson_id_2521,group_id_12,2022-11-01T16:30:00.000Z
lesson_id_2522,group_id_10,2022-11-01T09:00:00.000Z
lesson_id_2523,group_id_2,2022-11-01T20:00:00.000Z
lesson_id_2524,group_id_18,2022-11-02T15:30:00.000Z
lesson_id_2525,group_id_12,2022-11-02T21:00:00.000Z
lesson_id_2526,group_id_18,2022-11-02T12:30:00.000Z
lesson_id_2527,group_id_13,2022-11-02T09:30:00.000Z
lesson_id_2528,group_id_9,2022-11-02T13:00:00.000Z
lesson_id_2529,group_id_8,2022-11-02T13:00:00.000Z
lesson_id_2530,group_id_6,2022-11-02T16:30:00.000Z
lesson_id_2531,group_id_14,2022-11-02T21:00:00.000Z
lesson_id_2532,group_id_9,2022-11-02T10:30:00.000Z
lesson_id_2533,group_id_16,2022-11-02T20:30:00.000Z
lesson_id_2534,group_id_11,2022-11-02T20:30:00.000Z
lesson_id_2535,group_id_4,2022-11-02T11:30:00.000Z
lesson_id_2536,group_id_3,2022-11-03T14:30:00.000Z
lesson_id_2537,group_id_20,2022-11-03T20:30:00.000Z
lesson_id_2538,group_id_15,2022-11-03T20:00:00.000Z
lesson_id_2539,group_id_2,2022-11-03T19:00:00.000Z
lesson_id_2540,group_id_15,2022-11-03T21:00:00.000Z
lesson_id_2541,group_id_1,2022-11-03T15:00:00.000Z
lesson_id_2542,group_id_10,2022-11-03T14:00:00.000Z
lesson_id_2543,group_id_4,2022-11-03T11:00:00.000Z
lesson_id_2544,group_id_17,2022-11-03T20:00:00.000Z
lesson_id_2545,group_id_20,2022-11-03T19:30:00.000Z
lesson_id_2546,group_id_11,2022-11-03T16:30:00.000Z
lesson_id_2547,group_id_5,2022-11-03T13:00:00.000Z
lesson_id_2548,group_id_19,2022-11-03T14:30:00.000Z
lesson_id_2549,group_id_7,2022-11-03T10:30:00.000Z
lesson_id_2550,group_id_6,2022-11-04T15:30:00.000Z
lesson_id_2551,group_id_19,2022-11-04T12:00:00.000Z
lesson_id_2552,group_id_1,2022-11-04T17:00:00.000Z
lesson_id_2553,group_id_3,2022-11-04T16:00:00.000Z
lesson_id_2554,group_id_9,2022-11-04T20:00:00.000Z
lesson_id_2555,group_id_2,2022-11-04T15:30:00.000Z
lesson_id_2556,group_id_20,2022-11-04T13:00:00.000Z
lesson_id_2557,group_id_3,2022-11-04T14:00:00.000Z
lesson_id_2558,group_id_19,2022-11-04T10:00:00.000Z
lesson_id_2559,group_id_17,2022-11-04T15:30:00.000Z
lesson_id_2560,group_id_16,2022-11-04T10:00:00.000Z
lesson_id_2561,group_id_7,2022-11-04T12:30:00.000Z
lesson_id_2562,group_id_16,2022-11-05T15:00:00.000Z
lesson_id_2563,group_id_14,2022-11-05T12:00:00.000Z
lesson_id_2564,group_id_10,2022-11-05T20:00:00.000Z
lesson_id_2565,group_id_14,2022-11-05T11:30:00.000Z
lesson_id_2566,group_id_5,2022-11-05T09:30:00.000Z
lesson_id_2567,group_id_9,2022-11-05T12:30:00.000Z
lesson_id_2568,group_id_8,2022-11-05T14:30:00.000Z
lesson_id_2569,group_id_3,2022-11-05T09:30:00.000Z
lesson_id_2570,group_id_5,2022-11-05T14:30:00.000Z
lesson_id_2571,group_id_7,2022-11-05T20:30:00.000Z
lesson_id_2572,group_id_14,2022-11-05T20:30:00.000Z
lesson_id_2573,group_id_3,2022-11-05T10:00:00.000Z
lesson_id_2574,group_id_11,2022-11-06T12:30:00.000Z
lesson_id_2575,group_id_12,2022-11-06T18:00:00.000Z
lesson_id_2576,group_id_1,2022-11-06T13:30:00.000Z
lesson_id_2577,group_id_10,2022-11-06T15:30:00.000Z
lesson_id_2578,group_id_5,2022-11-06T17:00:00.000Z
lesson_id_2579,group_id_19,2022-11-06T11:30:00.000Z
lesson_id_2580,group_id_6,2022-11-06T17:30:00.000Z
lesson_id_2581,group_id_11,2022-11-06T16:00:00.000Z
lesson_id_2582,group_id_3,2022-11-06T14:30:00.000Z
lesson_id_2583,group_id_5,2022-11-06T13:00:00.000Z
lesson_id_2584,group_id_2,2022-11-07T11:30:00.000Z
lesson_id_2585,group_id_9,2022-11-07T20:30:00.000Z
lesson_id_2586,group_id_14,2022-11-07T13:30:00.000Z
lesson_id_2587,group_id_20,2022-11-07T21:30:00.000Z
lesson_id_2588,group_id_17,2022-11-07T14:30:00.000Z
lesson_id_2589,group_id_6,2022-11-07T14:30:00.000Z
lesson_id_2590,group_id_5,2022-11-07T17:30:00.000Z
lesson_id_2591,group_id_2,2022-11-07T12:00:00.000Z
lesson_id_2592,group_id_2,2022-11-07T12:00:00.000Z
lesson_id_2593,group_id_2,2022-11-07T16:30:00.000Z
lesson_id_2594,group_id_6,2022-11-07T20:30:00.000Z
lesson_id_2595,group_id_14,2022-11-07T10:30:00.000Z
lesson_id_2596,group_id_15,2022-11-08T14:30:00.000Z
lesson_id_2597,group_id_15,2022-11-08T16:00:00.000Z
lesson_id_2598,group_id_5,2022-11-08T10:30:00.000Z
lesson_id_2599,group_id_3,2022-11-08T12:30:00.000Z
lesson_id_2600,group_id_6,2022-11-08T11:30:00.000Z
lesson_id_2601,group_id_19,2022-11-08T19:00:00.000Z
lesson_id_2602,group_id_19,2022-11-08T09:00:00.000Z
lesson_id_2603,group_id_14,2022-11-08T10:00:00.000Z
lesson_id_2604,group_id_16,2022-11-08T19:00:00.000Z
lesson_id_2605,group_id_11,2022-11-08T09:30:00.000Z
lesson_id_2606,group_id_13,2022-11-09T14:00:00.000Z
lesson_id_2607,group_id_11,2022-11-09T11:00:00.000Z
lesson_id_2608,group_id_3,2022-11-09T16:30:00.000Z
lesson_id_2609,group_id_15,2022-11-09T19:30:00.000Z
lesson_id_2610,group_id_20,2022-11-09T19:00:00.000Z
lesson_id_2611,group_id_11,2022-11-09T09:30:00.000Z
lesson_id_2612,group_id_11,2022-11-09T20:00:00.000Z
lesson_id_2613,group_id_7,2022-11-09T09:30:00.000Z
lesson_id_2614,group_id_11,2022-11-09T21:00:00.000Z
lesson_id_2615,group_id_3,2022-11-09T17:30:00.000Z
lesson_id_2616,group_id_13,2022-11-10T13:00:00.000Z
lesson_id_2617,group_id_8,2022-11-10T21:30:00.000Z
lesson_id_2618,group_id_3,2022-11-10T09:00:00.000Z
lesson_id_2619,group_id_6,2022-11-10T15:30:00.000Z
lesson_id_2620,group_id_10,2022-11-10T19:00:00.000Z
lesson_id_2621,group_id_4,2022-11-10T13:30:00.000Z
lesson_id_2622,group_id_14,2022-11-10T20:30:00.000Z
lesson_id_2623,group_id_20,2022-11-10T11:30:00.000Z
lesson_id_2624,group_id_4,2022-11-10T14:00:00.000Z
lesson_id_2625,group_id_16,2022-11-10T16:30:00.000Z
lesson_id_2626,group_id_9,2022-11-11T18:30:00.000Z
lesson_id_2627,group_id_3,2022-11-11T21:30:00.000Z
lesson_id_2628,group_id_12,2022-11-11T18:00:00.000Z
lesson_id_2629,group_id_14,2022-11-11T19:30:00.000Z
lesson_id_2630,group_id_3,2022-11-11T09:30:00.000Z
lesson_id_2631,group_id_15,2022-11-11T19:00:00.000Z
lesson_id_2632,group_id_5,2022-11-11T16:00:00.000Z
lesson_id_2633,group_id_10,2022-11-11T16:30:00.000Z
lesson_id_2634,group_id_3,2022-11-11T21:30:00.000Z
lesson_id_2635,group_id_10,2022-11-11T11:00:00.000Z
lesson_id_2636,group_id_10,2022-11-11T12:30:00.000Z
lesson_id_2637,group_id_10,2022-11-11T18:00:00.000Z
lesson_id_2638,group_id_18,2022-11-11T10:00:00.000Z
lesson_id_2639,group_id_4,2022-11-12T17:30:00.000Z
lesson_id_2640,group_id_14,2022-11-12T10:30:00.000Z
lesson_id_2641,group_id_19,2022-11-12T13:30:00.000Z
lesson_id_2642,group_id_9,2022-11-12T18:00:00.000Z
lesson_id_2643,group_id_17,2022-11-12T09:00:00.000Z
lesson_id_2644,group_id_15,2022-11-12T11:00:00.000Z
lesson_id_2645,group_id_13,2022-11-12T09:00:00.000Z
lesson_id_2646,group_id_14,2022-11-12T20:30:00.000Z
lesson_id_2647,group_id_11,2022-11-12T18:30:00.000Z
lesson_id_2648,group_id_15,2022-11-12T18:30:00.000Z
lesson_id_2649,group_id_11,2022-11-12T21:00:00.000Z
lesson_id_2650,group_id_7,2022-11-12T11:00:00.000Z
lesson_id_2651,group_id_20,2022-11-12T13:00:00.000Z
lesson_id_2652,group_id_14,2022-11-12T17:00:00.000Z
lesson_id_2653,group_id_13,2022-11-13T10:00:00.000Z
lesson_id_2654,group_id_6,2022-11-13T19:30:00.000Z
lesson_id_2655,group_id_15,2022-11-13T20:30:00.000Z
lesson_id_2656,group_id_20,2022-11-13T20:30:00.000Z
lesson_id_2657,group_id_10,2022-11-13T18:30:00.000Z
lesson_id_2658,group_id_13,2022-11-13T21:30:00.000Z
lesson_id_2659,group_id_3,2022-11-13T11:00:00.000Z
lesson_id_2660,group_id_1,2022-11-13T12:00:00.000Z
lesson_id_2661,group_id_1,2022-11-13T20:00:00.000Z
lesson_id_2662,group_id_1,2022-11-13T12:30:00.000Z
lesson_id_2663,group_id_8,2022-11-14T15:00:00.000Z
lesson_id_2664,group_id_3,2022-11-14T13:30:00.000Z
lesson_id_2665,group_id_5,2022-11-14T16:30:00.000Z
lesson_id_2666,group_id_1,2022-11-14T10:00:00.000Z
lesson_id_2667,group_id_5,2022-11-14T20:30:00.000Z
lesson_id_2668,group_id_16,2022-11-14T16:00:00.000Z
lesson_id_2669,group_id_15,2022-11-14T18:00:00.000Z
lesson_id_2670,group_id_7,2022-11-14T13:30:00.000Z
lesson_id_2671,group_id_2,2022-11-14T14:00:00.000Z
lesson_id_2672,group_id_4,2022-11-14T19:30:00.000Z
lesson_id_2673,group_id_14,2022-11-14T16:30:00.000Z
lesson_id_2674,group_id_16,2022-11-15T15:30:00.000Z
lesson_id_2675,group_id_17,2022-11-15T18:30:00.000Z
lesson_id_2676,group_id_8,2022-11-15T20:00:00.000Z
lesson_id_2677,group_id_17,2022-11-15T09:30:00.000Z
lesson_id_2678,group_id_19,2022-11-15T14:00:00.000Z
lesson_id_2679,group_id_9,2022-11-15T19:30:00.000Z
lesson_id_2680,group_id_16,2022-11-15T10:30:00.000Z
lesson_id_2681,group_id_20,2022-11-15T19:30:00.000Z
lesson_id_2682,group_id_15,2022-11-15T20:30:00.000Z
lesson_id_2683,group_id_1,2022-11-15T11:30:00.000Z
lesson_id_2684,group_id_16,2022-11-16T14:30:00.000Z
lesson_id_2685,group_id_8,2022-11-16T17:00:00.000Z
lesson_id_2686,group_id_19,2022-11-16T19:30:00.000Z
lesson_id_2687,group_id_20,2022-11-16T20:30:00.000Z
lesson_id_2688,group_id_5,2022-11-16T13:30:00.000Z
lesson_id_2689,group_id_14,2022-11-16T19:30:00.000Z
lesson_id_2690,group_id_16,2022-11-16T21:00:00.000Z
lesson_id_2691,group_id_20,2022-11-16T12:30:00.000Z
lesson_id_2692,group_id_3,2022-11-16T19:30:00.000Z
lesson_id_2693,group_id_5,2022-11-16T11:00:00.000Z
lesson_id_2694,group_id_6,2022-11-16T18:30:00.000Z
lesson_id_2695,group_id_14,2022-11-17T16:30:00.000Z
lesson_id_2696,group_id_8,2022-11-17T12:00:00.000Z
lesson_id_2697,group_id_1,2022-11-17T14:30:00.000Z
lesson_id_2698,group_id_12,2022-11-17T19:00:00.000Z
lesson_id_2699,group_id_6,2022-11-17T17:00:00.000Z
lesson_id_2700,group_id_3,2022-11-17T14:30:00.000Z
lesson_id_2701,group_id_4,2022-11-17T18:00:00.000Z
lesson_id_2702,group_id_4,2022-11-17T17:00:00.000Z
lesson_id_2703,group_id_16,2022-11-17T13:30:00.000Z
lesson_id_2704,group_id_12,2022-11-17T21:00:00.000Z
lesson_id_2705,group_id_9,2022-11-18T11:00:00.000Z
lesson_id_2706,group_id_2,2022-11-18T16:30:00.000Z
lesson_id_2707,group_id_4,2022-11-18T10:00:00.000Z
lesson_id_2708,group_id_18,2022-11-18T09:00:00.000Z
lesson_id_2709,group_id_6,2022-11-18T19:00:00.000Z
lesson_id_2710,group_id_7,2022-11-18T14:00:00.000Z
lesson_id_2711,group_id_10,2022-11-18T20:30:00.000Z
lesson_id_2712,group_id_17,2022-11-18T16:00:00.000Z
lesson_id_2713,group_id_5,2022-11-18T19:30:00.000Z
lesson_id_2714,group_id_11,2022-11-18T11:00:00.000Z
lesson_id_2715,group_id_7,2022-11-18T16:30:00.000Z
lesson_id_2716,group_id_1,2022-11-18T12:30:00.000Z
lesson_id_2717,group_id_11,2022-11-18T13:00:00.000Z
lesson_id_2718,group_id_3,2022-11-18T13:30:00.000Z
lesson_id_2719,group_id_12,2022-11-19T19:00:00.000Z
lesson_id_2720,group_id_5,2022-11-19T21:30:00.000Z
lesson_id_2721,group_id_8,2022-11-19T11:30:00.000Z
lesson_id_2722,group_id_14,2022-11-19T15:30:00.000Z
lesson_id_2723,group_id_17,2022-11-19T21:30:00.000Z
lesson_id_2724,group_id_1,2022-11-19T16:00:00.000Z
lesson_id_2725,group_id_1,2022-11-19T20:00:00.000Z
lesson_id_2726,group_id_3,2022-11-19T14:30:00.000Z
lesson_id_2727,group_id_13,2022-11-19T21:00:00.000Z
lesson_id_2728,group_id_14,2022-11-19T09:30:00.000Z
lesson_id_2729,group_id_2,2022-11-19T19:00:00.000Z
lesson_id_2730,group_id_19,2022-11-19T09:30:00.000Z
lesson_id_2731,group_id_14,2022-11-19T15:30:00.000Z
lesson_id_2732,group_id_12,2022-11-20T09:30:00.000Z
lesson_id_2733,group_id_17,2022-11-20T18:00:00.000Z
lesson_id_2734,group_id_13,2022-11-20T16:00:00.000Z
lesson_id_2735,group_id_18,2022-11-20T18:30:00.000Z
lesson_id_2736,group_id_12,2022-11-20T21:30:00.000Z
lesson_id_2737,group_id_7,2022-11-20T13:00:00.000Z
lesson_id_2738,group_id_2,2022-11-20T17:30:00.000Z
lesson_id_2739,group_id_13,2022-11-20T20:00:00.000Z
lesson_id_2740,group_id_17,2022-11-20T17:30:00.000Z
lesson_id_2741,group_id_7,2022-11-20T10:30:00.000Z
lesson_id_2742,group_id_17,2022-11-20T14:00:00.000Z
lesson_id_2743,group_id_1,2022-11-20T09:30:00.000Z
lesson_id_2744,group_id_10,2022-11-21T20:30:00.000Z
lesson_id_2745,group_id_17,2022-11-21T10:00:00.000Z
lesson_id_2746,group_id_12,2022-11-21T13:30:00.000Z
lesson_id_2747,group_id_4,2022-11-21T09:00:00.000Z
lesson_id_2748,group_id_15,2022-11-21T13:00:00.000Z
lesson_id_2749,group_id_15,2022-11-21T14:00:00.000Z
lesson_id_2750,group_id_19,2022-11-21T18:00:00.000Z
lesson_id_2751,group_id_12,2022-11-21T13:30:00.000Z
lesson_id_2752,group_id_19,2022-11-21T19:00:00.000Z
lesson_id_2753,group_id_13,2022-11-21T17:00:00.000Z
lesson_id_2754,group_id_4,2022-11-21T14:00:00.000Z
lesson_id_2755,group_id_15,2022-11-22T10:00:00.000Z
lesson_id_2756,group_id_14,2022-11-22T15:00:00.000Z
lesson_id_2757,group_id_3,2022-11-22T09:30:00.000Z
lesson_id_2758,group_id_5,2022-11-22T16:00:00.000Z
lesson_id_2759,group_id_15,2022-11-22T10:30:00.000Z
lesson_id_2760,group_id_17,2022-11-22T15:30:00.000Z
lesson_id_2761,group_id_9,2022-11-22T18:30:00.000Z
lesson_id_2762,group_id_14,2022-11-22T16:30:00.000Z
lesson_id_2763,group_id_14,2022-11-22T11:00:00.000Z
lesson_id_2764,group_id_17,2022-11-22T11:30:00.000Z
lesson_id_2765,group_id_15,2022-11-22T11:00:00.000Z
lesson_id_2766,group_id_7,2022-11-22T16:30:00.000Z
lesson_id_2767,group_id_6,2022-11-23T17:30:00.000Z
lesson_id_2768,group_id_4,2022-11-23T18:30:00.000Z
lesson_id_2769,group_id_4,2022-11-23T10:30:00.000Z
lesson_id_2770,group_id_19,2022-11-23T13:00:00.000Z
lesson_id_2771,group_id_17,2022-11-23T11:00:00.000Z
lesson_id_2772,group_id_12,2022-11-23T13:30:00.000Z
lesson_id_2773,group_id_10,2022-11-23T13:30:00.000Z
lesson_id_2774,group_id_1,2022-11-23T21:00:00.000Z
lesson_id_2775,group_id_5,2022-11-23T21:30:00.000Z
lesson_id_2776,group_id_2,2022-11-23T13:30:00.000Z
lesson_id_2777,group_id_6,2022-11-24T20:30:00.000Z
lesson_id_2778,group_id_1,2022-11-24T10:30:00.000Z
lesson_id_2779,group_id_3,2022-11-24T09:30:00.000Z
lesson_id_2780,group_id_16,2022-11-24T18:30:00.000Z
lesson_id_2781,group_id_19,2022-11-24T16:30:00.000Z
lesson_id_2782,group_id_13,2022-11-24T16:00:00.000Z
lesson_id_2783,group_id_5,2022-11-24T17:30:00.000Z
lesson_id_2784,group_id_15,2022-11-24T19:30:00.000Z
lesson_id_2785,group_id_5,2022-11-24T20:30:00.000Z
lesson_id_2786,group_id_3,2022-11-24T21:30:00.000Z
lesson_id_2787,group_id_13,2022-11-24T12:30:00.000Z
lesson_id_2788,group_id_18,2022-11-25T09:30:00.000Z
lesson_id_2789,group_id_9,2022-11-25T19:00:00.000Z
lesson_id_2790,group_id_6,2022-11-25T20:00:00.000Z
lesson_id_2791,group_id_19,2022-11-25T19:30:00.000Z
lesson_id_2792,group_id_18,2022-11-25T19:00:00.000Z
lesson_id_2793,group_id_18,2022-11-25T10:00:00.000Z
lesson_id_2794,group_id_20,2022-11-25T17:00:00.000Z
lesson_id_2795,group_id_19,2022-11-25T17:00:00.000Z
lesson_id_2796,group_id_16,2022-11-25T17:00:00.000Z
lesson_id_2797,group_id_4,2022-11-25T19:00:00.000Z
lesson_id_2798,group_id_1,2022-11-25T13:00:00.000Z
lesson_id_2799,group_id_8,2022-11-25T20:30:00.000Z
lesson_id_2800,group_id_18,2022-11-26T18:30:00.000Z
lesson_id_2801,group_id_13,2022-11-26T18:00:00.000Z
lesson_id_2802,group_id_16,2022-11-26T09:30:00.000Z
lesson_id_2803,group_id_14,2022-11-26T11:30:00.000Z
lesson_id_2804,group_id_1,2022-11-26T17:30:00.000Z
lesson_id_2805,group_id_13,2022-11-26T13:00:00.000Z
lesson_id_2806,group_id_4,2022-11-26T10:00:00.000Z
lesson_id_2807,group_id_10,2022-11-26T11:00:00.000Z
lesson_id_2808,group_id_9,2022-11-26T21:00:00.000Z
lesson_id_2809,group_id_5,2022-11-26T13:30:00.000Z
lesson_id_2810,group_id_2,2022-11-27T18:30:00.000Z
lesson_id_2811,group_id_6,2022-11-27T09:00:00.000Z
lesson_id_2812,group_id_10,2022-11-27T15:00:00.000Z
lesson_id_2813,group_id_11,2022-11-27T11:30:00.000Z
lesson_id_2814,group_id_11,2022-11-27T13:30:00.000Z
lesson_id_2815,group_id_4,2022-11-27T09:00:00.000Z
lesson_id_2816,group_id_8,2022-11-27T21:00:00.000Z
lesson_id_2817,group_id_16,2022-11-27T17:30:00.000Z
lesson_id_2818,group_id_4,2022-11-27T13:00:00.000Z
lesson_id_2819,group_id_11,2022-11-27T16:30:00.000Z
lesson_id_2820,group_id_3,2022-11-27T16:00:00.000Z
lesson_id_2821,group_id_8,2022-11-28T09:30:00.000Z
lesson_id_2822,group_id_18,2022-11-28T18:00:00.000Z
lesson_id_2823,group_id_8,2022-11-28T21:00:00.000Z
lesson_id_2824,group_id_10,2022-11-28T18:30:00.000Z
lesson_id_2825,group_id_15,2022-11-28T10:00:00.000Z
lesson_id_2826,group_id_5,2022-11-28T14:00:00.000Z
lesson_id_2827,group_id_8,2022-11-28T17:30:00.000Z
lesson_id_2828,group_id_18,2022-11-28T16:00:00.000Z
lesson_id_2829,group_id_1,2022-11-28T16:30:00.000Z
lesson_id_2830,group_id_6,2022-11-28T09:00:00.000Z
lesson_id_2831,group_id_16,2022-11-28T13:30:00.000Z
lesson_id_2832,group_id_13,2022-11-28T14:00:00.000Z
lesson_id_2833,group_id_19,2022-11-28T17:30:00.000Z
lesson_id_2834,group_id_6,2022-11-29T20:00:00.000Z
lesson_id_2835,group_id_10,2022-11-29T10:30:00.000Z
lesson_id_2836,group_id_4,2022-11-29T11:30:00.000Z
lesson_id_2837,group_id_14,2022-11-29T12:30:00.000Z
lesson_id_2838,group_id_11,2022-11-29T19:30:00.000Z
lesson_id_2839,group_id_15,2022-11-29T13:00:00.000Z
lesson_id_2840,group_id_11,2022-11-29T14:00:00.000Z
lesson_id_2841,group_id_15,2022-11-29T18:30:00.000Z
lesson_id_2842,group_id_1,2022-11-29T20:00:00.000Z
lesson_id_2843,group_id_1,2022-11-29T18:30:00.000Z
lesson_id_2844,group_id_1,2022-11-30T19:00:00.000Z
lesson_id_2845,group_id_14,2022-11-30T17:30:00.000Z
lesson_id_2846,group_id_13,2022-11-30T17:00:00.000Z
lesson_id_2847,group_id_3,2022-11-30T17:00:00.000Z
lesson_id_2848,group_id_15,2022-11-30T19:00:00.000Z
lesson_id_2849,group_id_12,2022-11-30T15:30:00.000Z
lesson_id_2850,group_id_13,2022-11-30T11:00:00.000Z
lesson_id_2851,group_id_4,2022-11-30T16:30:00.000Z
lesson_id_2852,group_id_7,2022-11-30T16:00:00.000Z
lesson_id_2853,group_id_8,2022-11-30T20:00:00.000Z
lesson_id_2854,group_id_12,2022-12-01T12:00:00.000Z
lesson_id_2855,group_id_20,2022-12-01T19:30:00.000Z
lesson_id_2856,group_id_8,2022-12-01T12:30:00.000Z
lesson_id_2857,group_id_12,2022-12-01T09:30:00.000Z
lesson_id_2858,group_id_16,2022-12-01T20:00:00.000Z
lesson_id_2859,group_id_1,2022-12-01T12:30:00.000Z
lesson_id_2860,group_id_4,2022-12-01T13:30:00.000Z
lesson_id_2861,group_id_6,2022-12-01T17:00:00.000Z
lesson_id_2862,group_id_19,2022-12-01T19:00:00.000Z
lesson_id_2863,group_id_3,2022-12-01T18:00:00.000Z
lesson_id_2864,group_id_3,2022-12-01T11:30:00.000Z
lesson_id_2865,group_id_8,2022-12-02T17:30:00.000Z
lesson_id_2866,group_id_7,2022-12-02T19:00:00.000Z
lesson_id_2867,group_id_18,2022-12-02T18:30:00.000Z
lesson_id_2868,group_id_18,2022-12-02T16:00:00.000Z
lesson_id_2869,group_id_14,2022-12-02T19:00:00.000Z
lesson_id_2870,group_id_11,2022-12-02T15:30:00.000Z
lesson_id_2871,group_id_9,2022-12-02T10:30:00.000Z
lesson_id_2872,group_id_16,2022-12-02T14:00:00.000Z
lesson_id_2873,group_id_8,2022-12-02T09:30:00.000Z
lesson_id_2874,group_id_14,2022-12-02T17:30:00.000Z
lesson_id_2875,group_id_11,2022-12-02T09:30:00.000Z
lesson_id_2876,group_id_7,2022-12-02T14:00:00.000Z
lesson_id_2877,group_id_19,2022-12-02T21:00:00.000Z
lesson_id_2878,group_id_14,2022-12-03T10:00:00.000Z
lesson_id_2879,group_id_7,2022-12-03T11:30:00.000Z
lesson_id_2880,group_id_10,2022-12-03T10:00:00.000Z
lesson_id_2881,group_id_1,2022-12-03T16:30:00.000Z
lesson_id_2882,group_id_1,2022-12-03T18:30:00.000Z
lesson_id_2883,group_id_9,2022-12-03T12:00:00.000Z
lesson_id_2884,group_id_16,2022-12-03T12:30:00.000Z
lesson_id_2885,group_id_2,2022-12-03T14:00:00.000Z
lesson_id_2886,group_id_3,2022-12-03T21:30:00.000Z
lesson_id_2887,group_id_4,2022-12-03T19:30:00.000Z
lesson_id_2888,group_id_4,2022-12-04T10:00:00.000Z
lesson_id_2889,group_id_2,2022-12-04T15:30:00.000Z
lesson_id_2890,group_id_3,2022-12-04T21:00:00.000Z
lesson_id_2891,group_id_2,2022-12-04T21:30:00.000Z
lesson_id_2892,group_id_2,2022-12-04T13:30:00.000Z
lesson_id_2893,group_id_3,2022-12-04T10:00:00.000Z
lesson_id_2894,group_id_18,2022-12-04T09:30:00.000Z
lesson_id_2895,group_id_13,2022-12-04T15:00:00.000Z
lesson_id_2896,group_id_20,2022-12-04T21:30:00.000Z
lesson_id_2897,group_id_8,2022-12-04T18:00:00.000Z
lesson_id_2898,group_id_15,2022-12-04T15:30:00.000Z
lesson_id_2899,group_id_14,2022-12-04T18:00:00.000Z
lesson_id_2900,group_id_11,2022-12-04T19:00:00.000Z
lesson_id_2901,group_id_17,2022-12-05T14:00:00.000Z
lesson_id_2902,group_id_4,2022-12-05T10:00:00.000Z
lesson_id_2903,group_id_20,2022-12-05T20:00:00.000Z
lesson_id_2904,group_id_19,2022-12-05T21:00:00.000Z
lesson_id_2905,group_id_19,2022-12-05T11:30:00.000Z
lesson_id_2906,group_id_12,2022-12-05T15:30:00.000Z
lesson_id_2907,group_id_20,2022-12-05T16:00:00.000Z
lesson_id_2908,group_id_8,2022-12-05T11:00:00.000Z
lesson_id_2909,group_id_2,2022-12-05T11:30:00.000Z
lesson_id_2910,group_id_19,2022-12-05T15:30:00.000Z
lesson_id_2911,group_id_10,2022-12-05T18:00:00.000Z
lesson_id_2912,group_id_5,2022-12-05T16:30:00.000Z
lesson_id_2913,group_id_11,2022-12-06T13:30:00.000Z
lesson_id_2914,group_id_1,2022-12-06T17:00:00.000Z
lesson_id_2915,group_id_2,2022-12-06T12:00:00.000Z
lesson_id_2916,group_id_14,2022-12-06T14:00:00.000Z
lesson_id_2917,group_id_7,2022-12-06T19:00:00.000Z
lesson_id_2918,group_id_3,2022-12-06T14:00:00.000Z
lesson_id_2919,group_id_16,2022-12-06T20:30:00.000Z
lesson_id_2920,group_id_20,2022-12-06T20:30:00.000Z
lesson_id_2921,group_id_19,2022-12-06T18:30:00.000Z
lesson_id_2922,group_id_20,2022-12-06T13:30:00.000Z
lesson_id_2923,group_id_11,2022-12-06T11:00:00.000Z
lesson_id_2924,group_id_15,2022-12-06T21:00:00.000Z
lesson_id_2925,group_id_16,2022-12-06T12:00:00.000Z
lesson_id_2926,group_id_8,2022-12-07T16:00:00.000Z
lesson_id_2927,group_id_8,2022-12-07T16:30:00.000Z
lesson_id_2928,group_id_13,2022-12-07T12:30:00.000Z
lesson_id_2929,group_id_6,2022-12-07T09:30:00.000Z
lesson_id_2930,group_id_1,2022-12-07T10:30:00.000Z
lesson_id_2931,group_id_1,2022-12-07T17:00:00.000Z
lesson_id_2932,group_id_5,2022-12-07T13:30:00.000Z
lesson_id_2933,group_id_7,2022-12-07T19:30:00.000Z
lesson_id_2934,group_id_2,2022-12-07T09:00:00.000Z
lesson_id_2935,group_id_7,2022-12-07T13:00:00.000Z
lesson_id_2936,group_id_9,2022-12-08T20:00:00.000Z
lesson_id_2937,group_id_11,2022-12-08T17:00:00.000Z
lesson_id_2938,group_id_6,2022-12-08T12:00:00.000Z
lesson_id_2939,group_id_6,2022-12-08T13:00:00.000Z
lesson_id_2940,group_id_1,2022-12-08T19:00:00.000Z
lesson_id_2941,group_id_13,2022-12-08T19:00:00.000Z
lesson_id_2942,group_id_11,2022-12-08T12:30:00.000Z
lesson_id_2943,group_id_15,2022-12-08T12:30:00.000Z
lesson_id_2944,group_id_12,2022-12-08T19:00:00.000Z
lesson_id_2945,group_id_17,2022-12-08T21:30:00.000Z
lesson_id_2946,group_id_4,2022-12-09T11:00:00.000Z
lesson_id_2947,group_id_7,2022-12-09T12:30:00.000Z
lesson_id_2948,group_id_12,2022-12-09T14:30:00.000Z
lesson_id_2949,group_id_8,2022-12-09T09:00:00.000Z
lesson_id_2950,group_id_18,2022-12-09T13:00:00.000Z
lesson_id_2951,group_id_11,2022-12-09T12:00:00.000Z
lesson_id_2952,group_id_9,2022-12-09T11:30:00.000Z
lesson_id_2953,group_id_7,2022-12-09T20:00:00.000Z
lesson_id_2954,group_id_16,2022-12-09T21:00:00.000Z
lesson_id_2955,group_id_17,2022-12-10T15:30:00.000Z
lesson_id_2956,group_id_16,2022-12-10T17:30:00.000Z
lesson_id_2957,group_id_6,2022-12-10T14:30:00.000Z
lesson_id_2958,group_id_17,2022-12-10T20:30:00.000Z
lesson_id_2959,group_id_16,2022-12-10T16:30:00.000Z
lesson_id_2960,group_id_19,2022-12-10T15:00:00.000Z
lesson_id_2961,group_id_7,2022-12-10T12:00:00.000Z
lesson_id_2962,group_id_15,2022-12-10T12:30:00.000Z
lesson_id_2963,group_id_7,2022-12-10T13:30:00.000Z
lesson_id_2964,group_id_13,2022-12-10T18:00:00.000Z
lesson_id_2965,group_id_9,2022-12-11T17:00:00.000Z
lesson_id_2966,group_id_5,2022-12-11T21:00:00.000Z
lesson_id_2967,group_id_10,2022-12-11T16:30:00.000Z
lesson_id_2968,group_id_8,2022-12-11T18:00:00.000Z
lesson_id_2969,group_id_15,2022-12-11T17:30:00.000Z
lesson_id_2970,group_id_14,2022-12-11T16:30:00.000Z
lesson_id_2971,group_id_14,2022-12-11T15:30:00.000Z
lesson_id_2972,group_id_16,2022-12-11T14:30:00.000Z
lesson_id_2973,group_id_13,2022-12-11T09:00:00.000Z
lesson_id_2974,group_id_15,2022-12-11T12:30:00.000Z
lesson_id_2975,group_id_3,2022-12-11T14:00:00.000Z
lesson_id_2976,group_id_17,2022-12-12T17:00:00.000Z
lesson_id_2977,group_id_9,2022-12-12T12:00:00.000Z
lesson_id_2978,group_id_4,2022-12-12T10:30:00.000Z
lesson_id_2979,group_id_2,2022-12-12T17:00:00.000Z
lesson_id_2980,group_id_11,2022-12-12T12:30:00.000Z
lesson_id_2981,group_id_9,2022-12-12T13:30:00.000Z
lesson_id_2982,group_id_7,2022-12-12T20:00:00.000Z
lesson_id_2983,group_id_18,2022-12-12T13:00:00.000Z
lesson_id_2984,group_id_10,2022-12-12T13:30:00.000Z
lesson_id_2985,group_id_13,2022-12-12T15:00:00.000Z
lesson_id_2986,group_id_16,2022-12-12T19:00:00.000Z
lesson_id_2987,group_id_8,2022-12-13T12:00:00.000Z
lesson_id_2988,group_id_16,2022-12-13T12:30:00.000Z
lesson_id_2989,group_id_15,2022-12-13T14:00:00.000Z
lesson_id_2990,group_id_11,2022-12-13T12:30:00.000Z
lesson_id_2991,group_id_14,2022-12-13T12:30:00.000Z
lesson_id_2992,group_id_15,2022-12-13T17:00:00.000Z
lesson_id_2993,group_id_12,2022-12-13T11:00:00.000Z
lesson_id_2994,group_id_10,2022-12-13T20:00:00.000Z
lesson_id_2995,group_id_16,2022-12-13T21:30:00.000Z
lesson_id_2996,group_id_11,2022-12-13T12:30:00.000Z
lesson_id_2997,group_id_14,2022-12-13T19:30:00.000Z
lesson_id_2998,group_id_18,2022-12-13T13:30:00.000Z
lesson_id_2999,group_id_1,2022-12-14T18:00:00.000Z
lesson_id_3000,group_id_5,2022-12-14T11:30:00.000Z
lesson_id_3001,group_id_19,2022-12-14T19:30:00.000Z
lesson_id_3002,group_id_13,2022-12-14T12:30:00.000Z
lesson_id_3003,group_id_3,2022-12-14T17:30:00.000Z
lesson_id_3004,group_id_7,2022-12-14T16:00:00.000Z
lesson_id_3005,group_id_11,2022-12-14T18:30:00.000Z
lesson_id_3006,group_id_10,2022-12-14T10:00:00.000Z
lesson_id_3007,group_id_4,2022-12-14T19:00:00.000Z
lesson_id_3008,group_id_2,2022-12-14T20:30:00.000Z
lesson_id_3009,group_id_1,2022-12-14T11:00:00.000Z
lesson_id_3010,group_id_3,2022-12-14T15:30:00.000Z
lesson_id_3011,group_id_7,2022-12-14T12:30:00.000Z
lesson_id_3012,group_id_3,2022-12-15T16:00:00.000Z
lesson_id_3013,group_id_12,2022-12-15T17:00:00.000Z
lesson_id_3014,group_id_6,2022-12-15T14:30:00.000Z
lesson_id_3015,group_id_13,2022-12-15T11:00:00.000Z
lesson_id_3016,group_id_5,2022-12-15T17:30:00.000Z
lesson_id_3017,group_id_16,2022-12-15T20:00:00.000Z
lesson_id_3018,group_id_13,2022-12-15T12:00:00.000Z
lesson_id_3019,group_id_7,2022-12-15T13:30:00.000Z
lesson_id_3020,group_id_16,2022-12-15T11:30:00.000Z
lesson_id_3021,group_id_19,2022-12-15T12:30:00.000Z
lesson_id_3022,group_id_9,2022-12-15T12:00:00.000Z
lesson_id_3023,group_id_5,2022-12-15T16:00:00.000Z
lesson_id_3024,group_id_13,2022-12-15T18:00:00.000Z
lesson_id_3025,group_id_11,2022-12-16T18:30:00.000Z
lesson_id_3026,group_id_15,2022-12-16T16:00:00.000Z
lesson_id_3027,group_id_3,2022-12-16T13:30:00.000Z
lesson_id_3028,group_id_12,2022-12-16T20:30:00.000Z
lesson_id_3029,group_id_13,2022-12-16T18:00:00.000Z
lesson_id_3030,group_id_14,2022-12-16T12:00:00.000Z
lesson_id_3031,group_id_20,2022-12-16T20:30:00.000Z
lesson_id_3032,group_id_15,2022-12-16T15:00:00.000Z
lesson_id_3033,group_id_19,2022-12-16T10:30:00.000Z
lesson_id_3034,group_id_2,2022-12-16T12:00:00.000Z
lesson_id_3035,group_id_9,2022-12-16T19:30:00.000Z
lesson_id_3036,group_id_3,2022-12-16T20:00:00.000Z
lesson_id_3037,group_id_16,2022-12-16T15:00:00.000Z
lesson_id_3038,group_id_3,2022-12-17T21:00:00.000Z
lesson_id_3039,group_id_17,2022-12-17T21:30:00.000Z
lesson_id_3040,group_id_14,2022-12-17T16:00:00.000Z
lesson_id_3041,group_id_9,2022-12-17T12:00:00.000Z
lesson_id_3042,group_id_15,2022-12-17T09:00:00.000Z
lesson_id_3043,group_id_15,2022-12-17T15:30:00.000Z
lesson_id_3044,group_id_13,2022-12-17T12:30:00.000Z
lesson_id_3045,group_id_2,2022-12-17T09:30:00.000Z
lesson_id_3046,group_id_4,2022-12-17T20:00:00.000Z
lesson_id_3047,group_id_11,2022-12-17T19:30:00.000Z
lesson_id_3048,group_id_16,2022-12-17T16:00:00.000Z
lesson_id_3049,group_id_18,2022-12-18T19:00:00.000Z
lesson_id_3050,group_id_15,2022-12-18T11:30:00.000Z
lesson_id_3051,group_id_9,2022-12-18T11:00:00.000Z
lesson_id_3052,group_id_1,2022-12-18T18:00:00.000Z
lesson_id_3053,group_id_6,2022-12-18T13:00:00.000Z
lesson_id_3054,group_id_18,2022-12-18T20:30:00.000Z
lesson_id_3055,group_id_6,2022-12-18T10:00:00.000Z
lesson_id_3056,group_id_9,2022-12-18T11:30:00.000Z
lesson_id_3057,group_id_12,2022-12-18T11:00:00.000Z
lesson_id_3058,group_id_18,2022-12-19T12:30:00.000Z
lesson_id_3059,group_id_2,2022-12-19T19:00:00.000Z
lesson_id_3060,group_id_13,2022-12-19T20:30:00.000Z
lesson_id_3061,group_id_15,2022-12-19T09:00:00.000Z
lesson_id_3062,group_id_2,2022-12-19T21:30:00.000Z
lesson_id_3063,group_id_7,2022-12-19T12:30:00.000Z
lesson_id_3064,group_id_8,2022-12-19T12:00:00.000Z
lesson_id_3065,group_id_1,2022-12-19T15:00:00.000Z
lesson_id_3066,group_id_1,2022-12-19T14:00:00.000Z
lesson_id_3067,group_id_8,2022-12-20T10:00:00.000Z
lesson_id_3068,group_id_6,2022-12-20T09:30:00.000Z
lesson_id_3069,group_id_17,2022-12-20T10:30:00.000Z
lesson_id_3070,group_id_11,2022-12-20T17:00:00.000Z
lesson_id_3071,group_id_20,2022-12-20T12:30:00.000Z
lesson_id_3072,group_id_14,2022-12-20T10:00:00.000Z
lesson_id_3073,group_id_7,2022-12-20T10:30:00.000Z
lesson_id_3074,group_id_11,2022-12-20T11:00:00.000Z
lesson_id_3075,group_id_13,2022-12-20T19:30:00.000Z
lesson_id_3076,group_id_13,2022-12-21T12:30:00.000Z
lesson_id_3077,group_id_8,2022-12-21T10:30:00.000Z
lesson_id_3078,group_id_20,2022-12-21T14:00:00.000Z
lesson_id_3079,group_id_3,2022-12-21T12:30:00.000Z
lesson_id_3080,group_id_10,2022-12-21T21:30:00.000Z
lesson_id_3081,group_id_4,2022-12-21T20:00:00.000Z
lesson_id_3082,group_id_9,2022-12-21T10:30:00.000Z
lesson_id_3083,group_id_13,2022-12-21T19:00:00.000Z
lesson_id_3084,group_id_11,2022-12-21T11:30:00.000Z
lesson_id_3085,group_id_3,2022-12-22T14:00:00.000Z
lesson_id_3086,group_id_20,2022-12-22T18:30:00.000Z
lesson_id_3087,group_id_13,2022-12-22T17:00:00.000Z
lesson_id_3088,group_id_17,2022-12-22T18:00:00.000Z
lesson_id_3089,group_id_8,2022-12-22T09:00:00.000Z
lesson_id_3090,group_id_10,2022-12-22T12:30:00.000Z
lesson_id_3091,group_id_8,2022-12-22T18:00:00.000Z
lesson_id_3092,group_id_2,2022-12-22T11:30:00.000Z
lesson_id_3093,group_id_16,2022-12-22T13:00:00.000Z
lesson_id_3094,group_id_5,2022-12-22T15:00:00.000Z
lesson_id_3095,group_id_2,2022-12-22T12:30:00.000Z
lesson_id_3096,group_id_11,2022-12-22T11:30:00.000Z
lesson_id_3097,group_id_2,2022-12-23T17:30:00.000Z
lesson_id_3098,group_id_10,2022-12-23T21:00:00.000Z
lesson_id_3099,group_id_8,2022-12-23T20:30:00.000Z
lesson_id_3100,group_id_11,2022-12-23T12:00:00.000Z
lesson_id_3101,group_id_18,2022-12-23T09:00:00.000Z
lesson_id_3102,group_id_8,2022-12-23T18:30:00.000Z
lesson_id_3103,group_id_17,2022-12-23T14:00:00.000Z
lesson_id_3104,group_id_15,2022-12-23T19:00:00.000Z
lesson_id_3105,group_id_3,2022-12-23T16:00:00.000Z
lesson_id_3106,group_id_7,2022-12-23T09:00:00.000Z
lesson_id_3107,group_id_7,2022-12-23T11:00:00.000Z
lesson_id_3108,group_id_19,2022-12-24T17:00:00.000Z
lesson_id_3109,group_id_8,2022-12-24T17:00:00.000Z
lesson_id_3110,group_id_14,2022-12-24T20:30:00.000Z
lesson_id_3111,group_id_10,2022-12-24T11:00:00.000Z
lesson_id_3112,group_id_8,2022-12-24T15:00:00.000Z
lesson_id_3113,group_id_20,2022-12-24T12:30:00.000Z
lesson_id_3114,group_id_10,2022-12-24T18:30:00.000Z
lesson_id_3115,group_id_7,2022-12-24T13:30:00.000Z
lesson_id_3116,group_id_3,2022-12-24T14:30:00.000Z
lesson_id_3117,group_id_13,2022-12-24T11:30:00.000Z
lesson_id_3118,group_id_14,2022-12-25T17:30:00.000Z
lesson_id_3119,group_id_5,2022-12-25T21:30:00.000Z
lesson_id_3120,group_id_1,2022-12-25T21:30:00.000Z
lesson_id_3121,group_id_14,2022-12-25T10:30:00.000Z
lesson_id_3122,group_id_20,2022-12-25T17:00:00.000Z
lesson_id_3123,group_id_18,2022-12-25T20:00:00.000Z
lesson_id_3124,group_id_9,2022-12-25T15:30:00.000Z
lesson_id_3125,group_id_10,2022-12-25T16:30:00.000Z
lesson_id_3126,group_id_13,2022-12-25T17:30:00.000Z
lesson_id_3127,group_id_3,2022-12-25T14:00:00.000Z
lesson_id_3128,group_id_16,2022-12-25T12:00:00.000Z
lesson_id_3129,group_id_7,2022-12-25T09:00:00.000Z
lesson_id_3130,group_id_12,2022-12-26T16:30:00.000Z
lesson_id_3131,group_id_14,2022-12-26T15:30:00.000Z
lesson_id_3132,group_id_13,2022-12-26T16:30:00.000Z
lesson_id_3133,group_id_19,2022-12-26T10:30:00.000Z
lesson_id_3134,group_id_2,2022-12-26T10:30:00.000Z
lesson_id_3135,group_id_19,2022-12-26T11:00:00.000Z
lesson_id_3136,group_id_14,2022-12-26T13:30:00.000Z
lesson_id_3137,group_id_17,2022-12-26T20:30:00.000Z
lesson_id_3138,group_id_12,2022-12-26T20:00:00.000Z
lesson_id_3139,group_id_13,2022-12-26T15:00:00.000Z
lesson_id_3140,group_id_8,2022-12-26T16:00:00.000Z
lesson_id_3141,group_id_12,2022-12-26T19:00:00.000Z
lesson_id_3142,group_id_5,2022-12-26T13:30:00.000Z
lesson_id_3143,group_id_9,2022-12-27T12:00:00.000Z
lesson_id_3144,group_id_1,2022-12-27T10:00:00.000Z
lesson_id_3145,group_id_13,2022-12-27T15:00:00.000Z
lesson_id_3146,group_id_17,2022-12-27T12:30:00.000Z
lesson_id_3147,group_id_6,2022-12-27T15:30:00.000Z
lesson_id_3148,group_id_10,2022-12-27T17:30:00.000Z
lesson_id_3149,group_id_19,2022-12-27T13:30:00.000Z
lesson_id_3150,group_id_3,2022-12-27T10:30:00.000Z
lesson_id_3151,group_id_5,2022-12-27T13:00:00.000Z
lesson_id_3152,group_id_13,2022-12-27T20:30:00.000Z
lesson_id_3153,group_id_6,2022-12-28T16:00:00.000Z
lesson_id_3154,group_id_4,2022-12-28T10:30:00.000Z
lesson_id_3155,group_id_17,2022-12-28T15:30:00.000Z
lesson_id_3156,group_id_14,2022-12-28T11:00:00.000Z
lesson_id_3157,group_id_12,2022-12-28T11:00:00.000Z
lesson_id_3158,group_id_7,2022-12-28T16:00:00.000Z
lesson_id_3159,group_id_17,2022-12-28T10:30:00.000Z
lesson_id_3160,group_id_19,2022-12-28T12:00:00.000Z
lesson_id_3161,group_id_7,2022-12-28T09:00:00.000Z
lesson_id_3162,group_id_9,2022-12-29T15:30:00.000Z
lesson_id_3163,group_id_20,2022-12-29T10:00:00.000Z
lesson_id_3164,group_id_3,2022-12-29T13:00:00.000Z
lesson_id_3165,group_id_13,2022-12-29T10:30:00.000Z
lesson_id_3166,group_id_3,2022-12-29T14:00:00.000Z
lesson_id_3167,group_id_19,2022-12-29T12:30:00.000Z
lesson_id_3168,group_id_16,2022-12-29T19:00:00.000Z
lesson_id_3169,group_id_1,2022-12-29T09:30:00.000Z
lesson_id_3170,group_id_1,2022-12-29T19:00:00.000Z
lesson_id_3171,group_id_4,2022-12-29T12:00:00.000Z
lesson_id_3172,group_id_20,2022-12-30T17:30:00.000Z
lesson_id_3173,group_id_16,2022-12-30T16:30:00.000Z
lesson_id_3174,group_id_20,2022-12-30T15:30:00.000Z
lesson_id_3175,group_id_12,2022-12-30T19:30:00.000Z
lesson_id_3176,group_id_11,2022-12-30T12:30:00.000Z
lesson_id_3177,group_id_13,2022-12-30T15:00:00.000Z
lesson_id_3178,group_id_12,2022-12-30T14:00:00.000Z
lesson_id_3179,group_id_1,2022-12-30T16:30:00.000Z
lesson_id_3180,group_id_5,2022-12-30T09:00:00.000Z
lesson_id_3181,group_id_17,2022-12-30T13:00:00.000Z
lesson_id_3182,group_id_12,2022-12-30T16:30:00.000Z
lesson_id_3183,group_id_17,2022-12-30T15:00:00.000Z
lesson_id_3184,group_id_11,2022-12-31T09:30:00.000Z
lesson_id_3185,group_id_2,2022-12-31T21:30:00.000Z
lesson_id_3186,group_id_15,2022-12-31T12:30:00.000Z
lesson_id_3187,group_id_13,2022-12-31T20:00:00.000Z
lesson_id_3188,group_id_12,2022-12-31T15:30:00.000Z
lesson_id_3189,group_id_4,2022-12-31T20:30:00.000Z
lesson_id_3190,group_id_10,2022-12-31T18:00:00.000Z
lesson_id_3191,group_id_5,2022-12-31T17:00:00.000Z
lesson_id_3192,group_id_5,2022-12-31T16:00:00.000Z
lesson_id_3193,group_id_18,2023-01-01T16:00:00.000Z
lesson_id_3194,group_id_15,2023-01-01T10:30:00.000Z
lesson_id_3195,group_id_18,2023-01-01T12:00:00.000Z
lesson_id_3196,group_id_7,2023-01-01T11:00:00.000Z
lesson_id_3197,group_id_4,2023-01-01T15:00:00.000Z
lesson_id_3198,group_id_6,2023-01-01T14:30:00.000Z
lesson_id_3199,group_id_9,2023-01-01T12:30:00.000Z
lesson_id_3200,group_id_16,2023-01-01T19:00:00.000Z
lesson_id_3201,group_id_5,2023-01-01T17:30:00.000Z
lesson_id_3202,group_id_3,2023-01-01T21:30:00.000Z
lesson_id_3203,group_id_8,2023-01-01T18:00:00.000Z
lesson_id_3204,group_id_11,2023-01-01T15:30:00.000Z
lesson_id_3205,group_id_14,2023-01-02T21:00:00.000Z
lesson_id_3206,group_id_8,2023-01-02T13:00:00.000Z
lesson_id_3207,group_id_10,2023-01-02T10:00:00.000Z
lesson_id_3208,group_id_3,2023-01-02T14:00:00.000Z
lesson_id_3209,group_id_4,2023-01-02T18:30:00.000Z
lesson_id_3210,group_id_5,2023-01-02T14:30:00.000Z
lesson_id_3211,group_id_19,2023-01-02T20:00:00.000Z
lesson_id_3212,group_id_10,2023-01-02T09:00:00.000Z
lesson_id_3213,group_id_13,2023-01-02T15:30:00.000Z
lesson_id_3214,group_id_12,2023-01-02T21:00:00.000Z
lesson_id_3215,group_id_17,2023-01-02T19:00:00.000Z
lesson_id_3216,group_id_4,2023-01-02T15:00:00.000Z
lesson_id_3217,group_id_18,2023-01-02T16:30:00.000Z
lesson_id_3218,group_id_5,2023-01-02T13:00:00.000Z
lesson_id_3219,group_id_15,2023-01-03T11:30:00.000Z
lesson_id_3220,group_id_5,2023-01-03T20:00:00.000Z
lesson_id_3221,group_id_20,2023-01-03T14:30:00.000Z
lesson_id_3222,group_id_17,2023-01-03T20:00:00.000Z
lesson_id_3223,group_id_9,2023-01-03T20:30:00.000Z
lesson_id_3224,group_id_7,2023-01-03T16:30:00.000Z
lesson_id_3225,group_id_13,2023-01-03T09:30:00.000Z
lesson_id_3226,group_id_5,2023-01-03T20:00:00.000Z
lesson_id_3227,group_id_8,2023-01-03T20:00:00.000Z
lesson_id_3228,group_id_6,2023-01-03T16:30:00.000Z
lesson_id_3229,group_id_10,2023-01-03T19:00:00.000Z
lesson_id_3230,group_id_1,2023-01-03T17:30:00.000Z
lesson_id_3231,group_id_11,2023-01-03T15:30:00.000Z
lesson_id_3232,group_id_13,2023-01-04T15:00:00.000Z
lesson_id_3233,group_id_17,2023-01-04T20:30:00.000Z
lesson_id_3234,group_id_10,2023-01-04T20:00:00.000Z
lesson_id_3235,group_id_18,2023-01-04T15:00:00.000Z
lesson_id_3236,group_id_5,2023-01-04T14:00:00.000Z
lesson_id_3237,group_id_10,2023-01-04T16:00:00.000Z
lesson_id_3238,group_id_19,2023-01-04T11:30:00.000Z
lesson_id_3239,group_id_16,2023-01-04T13:00:00.000Z
lesson_id_3240,group_id_7,2023-01-04T12:00:00.000Z
lesson_id_3241,group_id_1,2023-01-04T14:00:00.000Z
lesson_id_3242,group_id_5,2023-01-04T15:30:00.000Z
lesson_id_3243,group_id_6,2023-01-04T09:00:00.000Z
lesson_id_3244,group_id_16,2023-01-05T11:00:00.000Z
lesson_id_3245,group_id_4,2023-01-05T17:30:00.000Z
lesson_id_3246,group_id_19,2023-01-05T15:00:00.000Z
lesson_id_3247,group_id_13,2023-01-05T12:00:00.000Z
lesson_id_3248,group_id_4,2023-01-05T12:30:00.000Z
lesson_id_3249,group_id_16,2023-01-05T13:00:00.000Z
lesson_id_3250,group_id_13,2023-01-05T21:00:00.000Z
lesson_id_3251,group_id_15,2023-01-05T19:30:00.000Z
lesson_id_3252,group_id_9,2023-01-05T19:30:00.000Z
lesson_id_3253,group_id_12,2023-01-05T09:00:00.000Z
lesson_id_3254,group_id_4,2023-01-05T10:00:00.000Z
lesson_id_3255,group_id_16,2023-01-05T19:00:00.000Z
lesson_id_3256,group_id_19,2023-01-06T18:30:00.000Z
lesson_id_3257,group_id_9,2023-01-06T20:00:00.000Z
lesson_id_3258,group_id_19,2023-01-06T11:30:00.000Z
lesson_id_3259,group_id_16,2023-01-06T19:30:00.000Z
lesson_id_3260,group_id_10,2023-01-06T18:00:00.000Z
lesson_id_3261,group_id_4,2023-01-06T14:00:00.000Z
lesson_id_3262,group_id_18,2023-01-06T11:30:00.000Z
lesson_id_3263,group_id_1,2023-01-06T15:30:00.000Z
lesson_id_3264,group_id_3,2023-01-06T17:00:00.000Z
lesson_id_3265,group_id_7,2023-01-06T19:00:00.000Z
lesson_id_3266,group_id_20,2023-01-07T20:00:00.000Z
lesson_id_3267,group_id_1,2023-01-07T17:30:00.000Z
lesson_id_3268,group_id_11,2023-01-07T10:00:00.000Z
lesson_id_3269,group_id_5,2023-01-07T18:00:00.000Z
lesson_id_3270,group_id_6,2023-01-07T10:30:00.000Z
lesson_id_3271,group_id_2,2023-01-07T10:00:00.000Z
lesson_id_3272,group_id_17,2023-01-07T13:30:00.000Z
lesson_id_3273,group_id_18,2023-01-07T11:30:00.000Z
lesson_id_3274,group_id_1,2023-01-07T12:30:00.000Z
lesson_id_3275,group_id_2,2023-01-07T17:30:00.000Z
lesson_id_3276,group_id_18,2023-01-07T16:00:00.000Z
lesson_id_3277,group_id_16,2023-01-08T20:30:00.000Z
lesson_id_3278,group_id_17,2023-01-08T14:00:00.000Z
lesson_id_3279,group_id_4,2023-01-08T19:00:00.000Z
lesson_id_3280,group_id_8,2023-01-08T09:00:00.000Z
lesson_id_3281,group_id_5,2023-01-08T13:00:00.000Z
lesson_id_3282,group_id_5,2023-01-08T18:00:00.000Z
lesson_id_3283,group_id_19,2023-01-08T14:30:00.000Z
lesson_id_3284,group_id_5,2023-01-08T20:30:00.000Z
lesson_id_3285,group_id_3,2023-01-08T17:30:00.000Z
lesson_id_3286,group_id_9,2023-01-08T15:00:00.000Z
lesson_id_3287,group_id_13,2023-01-08T16:00:00.000Z
lesson_id_3288,group_id_9,2023-01-08T19:30:00.000Z
lesson_id_3289,group_id_5,2023-01-08T17:00:00.000Z
lesson_id_3290,group_id_3,2023-01-08T19:30:00.000Z
lesson_id_3291,group_id_12,2023-01-09T18:00:00.000Z
lesson_id_3292,group_id_14,2023-01-09T11:30:00.000Z
lesson_id_3293,group_id_14,2023-01-09T15:00:00.000Z
lesson_id_3294,group_id_20,2023-01-09T12:00:00.000Z
lesson_id_3295,group_id_9,2023-01-09T10:00:00.000Z
lesson_id_3296,group_id_18,2023-01-09T15:00:00.000Z
lesson_id_3297,group_id_11,2023-01-09T19:00:00.000Z
lesson_id_3298,group_id_12,2023-01-09T14:30:00.000Z
lesson_id_3299,group_id_5,2023-01-09T21:00:00.000Z
lesson_id_3300,group_id_9,2023-01-09T09:00:00.000Z
lesson_id_3301,group_id_13,2023-01-09T12:30:00.000Z
lesson_id_3302,group_id_4,2023-01-10T11:30:00.000Z
lesson_id_3303,group_id_19,2023-01-10T21:30:00.000Z
lesson_id_3304,group_id_4,2023-01-10T17:30:00.000Z
lesson_id_3305,group_id_19,2023-01-10T13:30:00.000Z
lesson_id_3306,group_id_20,2023-01-10T10:00:00.000Z
lesson_id_3307,group_id_6,2023-01-10T14:30:00.000Z
lesson_id_3308,group_id_6,2023-01-10T14:30:00.000Z
lesson_id_3309,group_id_16,2023-01-10T18:00:00.000Z
lesson_id_3310,group_id_9,2023-01-10T09:00:00.000Z
lesson_id_3311,group_id_5,2023-01-10T11:30:00.000Z
lesson_id_3312,group_id_9,2023-01-11T09:30:00.000Z
lesson_id_3313,group_id_8,2023-01-11T19:30:00.000Z
lesson_id_3314,group_id_15,2023-01-11T11:30:00.000Z
lesson_id_3315,group_id_12,2023-01-11T21:30:00.000Z
lesson_id_3316,group_id_17,2023-01-11T13:30:00.000Z
lesson_id_3317,group_id_14,2023-01-11T17:00:00.000Z
lesson_id_3318,group_id_10,2023-01-11T19:00:00.000Z
lesson_id_3319,group_id_10,2023-01-11T15:30:00.000Z
lesson_id_3320,group_id_3,2023-01-11T19:00:00.000Z
lesson_id_3321,group_id_3,2023-01-11T20:00:00.000Z
lesson_id_3322,group_id_3,2023-01-11T11:00:00.000Z
lesson_id_3323,group_id_3,2023-01-11T20:30:00.000Z
lesson_id_3324,group_id_18,2023-01-11T16:00:00.000Z
lesson_id_3325,group_id_14,2023-01-11T19:00:00.000Z
lesson_id_3326,group_id_16,2023-01-12T17:00:00.000Z
lesson_id_3327,group_id_13,2023-01-12T09:00:00.000Z
lesson_id_3328,group_id_1,2023-01-12T20:30:00.000Z
lesson_id_3329,group_id_18,2023-01-12T20:30:00.000Z
lesson_id_3330,group_id_8,2023-01-12T20:00:00.000Z
lesson_id_3331,group_id_20,2023-01-12T16:00:00.000Z
lesson_id_3332,group_id_17,2023-01-12T12:00:00.000Z
lesson_id_3333,group_id_3,2023-01-12T14:00:00.000Z
lesson_id_3334,group_id_17,2023-01-12T14:00:00.000Z
lesson_id_3335,group_id_14,2023-01-12T16:30:00.000Z
lesson_id_3336,group_id_6,2023-01-12T14:00:00.000Z
lesson_id_3337,group_id_11,2023-01-12T19:00:00.000Z
lesson_id_3338,group_id_18,2023-01-12T21:00:00.000Z
lesson_id_3339,group_id_10,2023-01-13T16:30:00.000Z
lesson_id_3340,group_id_9,2023-01-13T12:00:00.000Z
lesson_id_3341,group_id_19,2023-01-13T15:00:00.000Z
lesson_id_3342,group_id_10,2023-01-13T19:00:00.000Z
lesson_id_3343,group_id_15,2023-01-13T18:30:00.000Z
lesson_id_3344,group_id_2,2023-01-13T14:00:00.000Z
lesson_id_3345,group_id_20,2023-01-13T16:30:00.000Z
lesson_id_3346,group_id_10,2023-01-13T14:00:00.000Z
lesson_id_3347,group_id_1,2023-01-13T14:00:00.000Z
lesson_id_3348,group_id_13,2023-01-13T14:00:00.000Z
lesson_id_3349,group_id_4,2023-01-13T15:30:00.000Z
lesson_id_3350,group_id_7,2023-01-13T10:00:00.000Z
lesson_id_3351,group_id_4,2023-01-14T16:00:00.000Z
lesson_id_3352,group_id_5,2023-01-14T21:30:00.000Z
lesson_id_3353,group_id_8,2023-01-14T16:30:00.000Z
lesson_id_3354,group_id_12,2023-01-14T13:30:00.000Z
lesson_id_3355,group_id_14,2023-01-14T11:30:00.000Z
lesson_id_3356,group_id_4,2023-01-14T16:30:00.000Z
lesson_id_3357,group_id_6,2023-01-14T11:30:00.000Z
lesson_id_3358,group_id_14,2023-01-14T09:30:00.000Z
lesson_id_3359,group_id_7,2023-01-14T10:00:00.000Z
lesson_id_3360,group_id_10,2023-01-14T09:00:00.000Z
lesson_id_3361,group_id_13,2023-01-14T15:30:00.000Z
lesson_id_3362,group_id_2,2023-01-14T11:00:00.000Z
lesson_id_3363,group_id_16,2023-01-14T19:30:00.000Z
lesson_id_3364,group_id_14,2023-01-15T16:30:00.000Z
lesson_id_3365,group_id_5,2023-01-15T14:30:00.000Z
lesson_id_3366,group_id_17,2023-01-15T20:30:00.000Z
lesson_id_3367,group_id_5,2023-01-15T10:00:00.000Z
lesson_id_3368,group_id_1,2023-01-15T11:00:00.000Z
lesson_id_3369,group_id_12,2023-01-15T17:00:00.000Z
lesson_id_3370,group_id_8,2023-01-15T09:30:00.000Z
lesson_id_3371,group_id_14,2023-01-15T18:00:00.000Z
lesson_id_3372,group_id_14,2023-01-15T16:30:00.000Z
lesson_id_3373,group_id_10,2023-01-15T16:00:00.000Z
lesson_id_3374,group_id_8,2023-01-16T18:00:00.000Z
lesson_id_3375,group_id_17,2023-01-16T11:00:00.000Z
lesson_id_3376,group_id_9,2023-01-16T21:00:00.000Z
lesson_id_3377,group_id_9,2023-01-16T20:00:00.000Z
lesson_id_3378,group_id_14,2023-01-16T12:30:00.000Z
lesson_id_3379,group_id_4,2023-01-16T20:00:00.000Z
lesson_id_3380,group_id_7,2023-01-16T18:00:00.000Z
lesson_id_3381,group_id_8,2023-01-16T10:00:00.000Z
lesson_id_3382,group_id_13,2023-01-16T09:30:00.000Z
lesson_id_3383,group_id_7,2023-01-16T11:30:00.000Z
lesson_id_3384,group_id_1,2023-01-16T18:00:00.000Z
lesson_id_3385,group_id_3,2023-01-16T09:30:00.000Z
lesson_id_3386,group_id_14,2023-01-16T17:30:00.000Z
lesson_id_3387,group_id_8,2023-01-17T14:30:00.000Z
lesson_id_3388,group_id_16,2023-01-17T09:30:00.000Z
lesson_id_3389,group_id_2,2023-01-17T13:00:00.000Z
lesson_id_3390,group_id_9,2023-01-17T14:30:00.000Z
lesson_id_3391,group_id_12,2023-01-17T20:30:00.000Z
lesson_id_3392,group_id_8,2023-01-17T14:00:00.000Z
lesson_id_3393,group_id_6,2023-01-17T09:00:00.000Z
lesson_id_3394,group_id_2,2023-01-17T19:30:00.000Z
lesson_id_3395,group_id_7,2023-01-17T13:30:00.000Z
lesson_id_3396,group_id_9,2023-01-17T18:00:00.000Z
lesson_id_3397,group_id_14,2023-01-17T11:30:00.000Z
lesson_id_3398,group_id_12,2023-01-18T14:30:00.000Z
lesson_id_3399,group_id_4,2023-01-18T10:00:00.000Z
lesson_id_3400,group_id_18,2023-01-18T21:00:00.000Z
lesson_id_3401,group_id_11,2023-01-18T14:30:00.000Z
lesson_id_3402,group_id_19,2023-01-18T17:30:00.000Z
lesson_id_3403,group_id_8,2023-01-18T19:30:00.000Z
lesson_id_3404,group_id_7,2023-01-18T18:30:00.000Z
lesson_id_3405,group_id_3,2023-01-18T10:00:00.000Z
lesson_id_3406,group_id_20,2023-01-18T10:00:00.000Z
lesson_id_3407,group_id_19,2023-01-18T19:00:00.000Z
lesson_id_3408,group_id_7,2023-01-18T20:30:00.000Z
lesson_id_3409,group_id_4,2023-01-18T10:30:00.000Z
lesson_id_3410,group_id_10,2023-01-18T20:30:00.000Z
lesson_id_3411,group_id_18,2023-01-19T20:00:00.000Z
lesson_id_3412,group_id_2,2023-01-19T11:00:00.000Z
lesson_id_3413,group_id_14,2023-01-19T17:30:00.000Z
lesson_id_3414,group_id_18,2023-01-19T14:30:00.000Z
lesson_id_3415,group_id_15,2023-01-19T19:00:00.000Z
lesson_id_3416,group_id_14,2023-01-19T10:30:00.000Z
lesson_id_3417,group_id_14,2023-01-19T17:00:00.000Z
lesson_id_3418,group_id_6,2023-01-19T18:30:00.000Z
lesson_id_3419,group_id_5,2023-01-19T13:00:00.000Z
lesson_id_3420,group_id_19,2023-01-19T09:00:00.000Z
lesson_id_3421,group_id_13,2023-01-19T16:00:00.000Z
lesson_id_3422,group_id_15,2023-01-20T21:30:00.000Z
lesson_id_3423,group_id_18,2023-01-20T21:30:00.000Z
lesson_id_3424,group_id_13,2023-01-20T18:30:00.000Z
lesson_id_3425,group_id_7,2023-01-20T11:00:00.000Z
lesson_id_3426,group_id_6,2023-01-20T18:00:00.000Z
lesson_id_3427,group_id_19,2023-01-20T20:00:00.000Z
lesson_id_3428,group_id_17,2023-01-20T16:30:00.000Z
lesson_id_3429,group_id_10,2023-01-20T12:30:00.000Z
lesson_id_3430,group_id_9,2023-01-20T17:00:00.000Z
lesson_id_3431,group_id_6,2023-01-20T12:00:00.000Z
lesson_id_3432,group_id_18,2023-01-20T12:30:00.000Z
lesson_id_3433,group_id_5,2023-01-21T13:00:00.000Z
lesson_id_3434,group_id_9,2023-01-21T21:00:00.000Z
lesson_id_3435,group_id_8,2023-01-21T12:00:00.000Z
lesson_id_3436,group_id_1,2023-01-21T19:30:00.000Z
lesson_id_3437,group_id_20,2023-01-21T14:30:00.000Z
lesson_id_3438,group_id_3,2023-01-21T20:30:00.000Z
lesson_id_3439,group_id_5,2023-01-21T15:30:00.000Z
lesson_id_3440,group_id_11,2023-01-21T09:00:00.000Z
lesson_id_3441,group_id_12,2023-01-21T12:30:00.000Z
lesson_id_3442,group_id_6,2023-01-21T13:00:00.000Z
lesson_id_3443,group_id_19,2023-01-22T10:30:00.000Z
lesson_id_3444,group_id_9,2023-01-22T19:00:00.000Z
lesson_id_3445,group_id_15,2023-01-22T12:30:00.000Z
lesson_id_3446,group_id_9,2023-01-22T12:30:00.000Z
lesson_id_3447,group_id_5,2023-01-22T16:00:00.000Z
lesson_id_3448,group_id_14,2023-01-22T14:00:00.000Z
lesson_id_3449,group_id_16,2023-01-22T10:30:00.000Z
lesson_id_3450,group_id_6,2023-01-22T16:00:00.000Z
lesson_id_3451,group_id_6,2023-01-22T12:30:00.000Z
lesson_id_3452,group_id_6,2023-01-22T19:30:00.000Z
lesson_id_3453,group_id_1,2023-01-22T13:00:00.000Z
lesson_id_3454,group_id_6,2023-01-22T15:00:00.000Z
lesson_id_3455,group_id_3,2023-01-22T11:00:00.000Z
lesson_id_3456,group_id_14,2023-01-22T12:30:00.000Z
lesson_id_3457,group_id_4,2023-01-23T20:00:00.000Z
lesson_id_3458,group_id_1,2023-01-23T18:00:00.000Z
lesson_id_3459,group_id_13,2023-01-23T15:00:00.000Z
lesson_id_3460,group_id_4,2023-01-23T09:00:00.000Z
lesson_id_3461,group_id_5,2023-01-23T12:00:00.000Z
lesson_id_3462,group_id_9,2023-01-23T11:00:00.000Z
lesson_id_3463,group_id_1,2023-01-23T21:00:00.000Z
lesson_id_3464,group_id_18,2023-01-23T20:30:00.000Z
lesson_id_3465,group_id_3,2023-01-23T12:00:00.000Z
lesson_id_3466,group_id_16,2023-01-23T21:30:00.000Z
lesson_id_3467,group_id_6,2023-01-23T13:30:00.000Z
lesson_id_3468,group_id_16,2023-01-23T11:00:00.000Z
lesson_id_3469,group_id_2,2023-01-23T17:30:00.000Z
lesson_id_3470,group_id_4,2023-01-24T09:00:00.000Z
lesson_id_3471,group_id_4,2023-01-24T17:30:00.000Z
lesson_id_3472,group_id_4,2023-01-24T17:30:00.000Z
lesson_id_3473,group_id_5,2023-01-24T09:00:00.000Z
lesson_id_3474,group_id_1,2023-01-24T12:30:00.000Z
lesson_id_3475,group_id_13,2023-01-24T11:30:00.000Z
lesson_id_3476,group_id_10,2023-01-24T12:30:00.000Z
lesson_id_3477,group_id_4,2023-01-24T16:00:00.000Z
lesson_id_3478,group_id_4,2023-01-24T12:00:00.000Z
lesson_id_3479,group_id_10,2023-01-24T14:00:00.000Z
lesson_id_3480,group_id_20,2023-01-24T14:00:00.000Z
lesson_id_3481,group_id_12,2023-01-24T10:00:00.000Z
lesson_id_3482,group_id_20,2023-01-24T11:00:00.000Z
lesson_id_3483,group_id_14,2023-01-24T17:30:00.000Z
lesson_id_3484,group_id_6,2023-01-25T19:30:00.000Z
lesson_id_3485,group_id_5,2023-01-25T19:30:00.000Z
lesson_id_3486,group_id_20,2023-01-25T13:30:00.000Z
lesson_id_3487,group_id_4,2023-01-25T13:30:00.000Z
lesson_id_3488,group_id_12,2023-01-25T13:00:00.000Z
lesson_id_3489,group_id_1,2023-01-25T11:00:00.000Z
lesson_id_3490,group_id_11,2023-01-25T11:30:00.000Z
lesson_id_3491,group_id_15,2023-01-25T20:30:00.000Z
lesson_id_3492,group_id_3,2023-01-25T10:30:00.000Z
lesson_id_3493,group_id_9,2023-01-25T11:00:00.000Z
lesson_id_3494,group_id_11,2023-01-25T11:00:00.000Z
lesson_id_3495,group_id_13,2023-01-25T14:30:00.000Z
lesson_id_3496,group_id_16,2023-01-25T15:30:00.000Z
lesson_id_3497,group_id_14,2023-01-25T18:30:00.000Z
lesson_id_3498,group_id_8,2023-01-26T15:30:00.000Z
lesson_id_3499,group_id_18,2023-01-26T16:30:00.000Z
lesson_id_3500,group_id_18,2023-01-26T17:00:00.000Z
lesson_id_3501,group_id_13,2023-01-26T10:30:00.000Z
lesson_id_3502,group_id_17,2023-01-26T18:00:00.000Z
lesson_id_3503,group_id_3,2023-01-26T12:30:00.000Z
lesson_id_3504,group_id_1,2023-01-26T12:00:00.000Z
lesson_id_3505,group_id_12,2023-01-26T17:30:00.000Z
lesson_id_3506,group_id_5,2023-01-26T10:00:00.000Z
lesson_id_3507,group_id_12,2023-01-26T14:00:00.000Z
lesson_id_3508,group_id_10,2023-01-26T16:00:00.000Z
lesson_id_3509,group_id_14,2023-01-27T12:00:00.000Z
lesson_id_3510,group_id_8,2023-01-27T09:00:00.000Z
lesson_id_3511,group_id_4,2023-01-27T20:00:00.000Z
lesson_id_3512,group_id_13,2023-01-27T20:00:00.000Z
lesson_id_3513,group_id_14,2023-01-27T14:00:00.000Z
lesson_id_3514,group_id_4,2023-01-27T19:00:00.000Z
lesson_id_3515,group_id_16,2023-01-27T18:00:00.000Z
lesson_id_3516,group_id_1,2023-01-27T11:30:00.000Z
lesson_id_3517,group_id_5,2023-01-27T10:00:00.000Z
lesson_id_3518,group_id_3,2023-01-27T09:30:00.000Z
lesson_id_3519,group_id_5,2023-01-27T21:00:00.000Z
lesson_id_3520,group_id_16,2023-01-27T20:00:00.000Z
lesson_id_3521,group_id_17,2023-01-27T20:30:00.000Z
lesson_id_3522,group_id_16,2023-01-27T15:30:00.000Z
lesson_id_3523,group_id_1,2023-01-28T13:00:00.000Z
lesson_id_3524,group_id_5,2023-01-28T09:00:00.000Z
lesson_id_3525,group_id_20,2023-01-28T21:00:00.000Z
lesson_id_3526,group_id_17,2023-01-28T11:00:00.000Z
lesson_id_3527,group_id_13,2023-01-28T15:30:00.000Z
lesson_id_3528,group_id_18,2023-01-28T20:30:00.000Z
lesson_id_3529,group_id_19,2023-01-28T17:30:00.000Z
lesson_id_3530,group_id_8,2023-01-28T15:00:00.000Z
lesson_id_3531,group_id_9,2023-01-28T10:30:00.000Z
lesson_id_3532,group_id_5,2023-01-28T20:00:00.000Z
lesson_id_3533,group_id_13,2023-01-28T18:00:00.000Z
lesson_id_3534,group_id_8,2023-01-28T15:00:00.000Z
lesson_id_3535,group_id_18,2023-01-28T18:00:00.000Z
lesson_id_3536,group_id_16,2023-01-29T14:30:00.000Z
lesson_id_3537,group_id_13,2023-01-29T11:00:00.000Z
lesson_id_3538,group_id_12,2023-01-29T19:30:00.000Z
lesson_id_3539,group_id_7,2023-01-29T13:00:00.000Z
lesson_id_3540,group_id_4,2023-01-29T10:30:00.000Z
lesson_id_3541,group_id_20,2023-01-29T21:30:00.000Z
lesson_id_3542,group_id_1,2023-01-29T12:30:00.000Z
lesson_id_3543,group_id_6,2023-01-29T17:00:00.000Z
lesson_id_3544,group_id_3,2023-01-29T12:00:00.000Z
lesson_id_3545,group_id_10,2023-01-29T12:00:00.000Z
lesson_id_3546,group_id_2,2023-01-29T12:30:00.000Z
lesson_id_3547,group_id_3,2023-01-29T18:00:00.000Z
lesson_id_3548,group_id_19,2023-01-29T21:30:00.000Z
lesson_id_3549,group_id_2,2023-01-30T14:00:00.000Z
lesson_id_3550,group_id_10,2023-01-30T09:30:00.000Z
lesson_id_3551,group_id_10,2023-01-30T15:00:00.000Z
lesson_id_3552,group_id_11,2023-01-30T21:30:00.000Z
lesson_id_3553,group_id_12,2023-01-30T11:00:00.000Z
lesson_id_3554,group_id_11,2023-01-30T15:00:00.000Z
lesson_id_3555,group_id_17,2023-01-30T21:00:00.000Z
lesson_id_3556,group_id_1,2023-01-30T18:30:00.000Z
lesson_id_3557,group_id_16,2023-01-30T18:00:00.000Z
lesson_id_3558,group_id_10,2023-01-30T11:00:00.000Z
lesson_id_3559,group_id_3,2023-01-31T19:00:00.000Z
lesson_id_3560,group_id_8,2023-01-31T12:00:00.000Z
lesson_id_3561,group_id_6,2023-01-31T17:30:00.000Z
lesson_id_3562,group_id_15,2023-01-31T21:00:00.000Z
lesson_id_3563,group_id_11,2023-01-31T13:30:00.000Z
lesson_id_3564,group_id_20,2023-01-31T15:00:00.000Z
lesson_id_3565,group_id_13,2023-01-31T12:00:00.000Z
lesson_id_3566,group_id_20,2023-01-31T18:00:00.000Z
lesson_id_3567,group_id_5,2023-01-31T18:30:00.000Z
lesson_id_3568,group_id_4,2023-01-31T21:00:00.000Z
lesson_id_3569,group_id_5,2023-01-31T21:30:00.000Z
lesson_id_3570,group_id_18,2023-01-31T21:00:00.000Z
lesson_id_3571,group_id_16,2023-01-31T10:30:00.000Z
lesson_id_3572,group_id_6,2023-02-01T13:00:00.000Z
lesson_id_3573,group_id_3,2023-02-01T13:30:00.000Z
lesson_id_3574,group_id_12,2023-02-01T10:00:00.000Z
lesson_id_3575,group_id_6,2023-02-01T20:30:00.000Z
lesson_id_3576,group_id_9,2023-02-01T16:30:00.000Z
lesson_id_3577,group_id_15,2023-02-01T19:00:00.000Z
lesson_id_3578,group_id_4,2023-02-01T18:30:00.000Z
lesson_id_3579,group_id_2,2023-02-01T14:30:00.000Z
lesson_id_3580,group_id_13,2023-02-01T15:00:00.000Z
lesson_id_3581,group_id_15,2023-02-01T14:30:00.000Z
lesson_id_3582,group_id_12,2023-02-01T10:30:00.000Z
lesson_id_3583,group_id_15,2023-02-02T13:00:00.000Z
lesson_id_3584,group_id_20,2023-02-02T19:00:00.000Z
lesson_id_3585,group_id_8,2023-02-02T20:00:00.000Z
lesson_id_3586,group_id_5,2023-02-02T10:30:00.000Z
lesson_id_3587,group_id_13,2023-02-02T11:30:00.000Z
lesson_id_3588,group_id_3,2023-02-02T12:30:00.000Z
lesson_id_3589,group_id_15,2023-02-02T19:00:00.000Z
lesson_id_3590,group_id_12,2023-02-02T16:30:00.000Z
lesson_id_3591,group_id_18,2023-02-02T16:00:00.000Z
lesson_id_3592,group_id_3,2023-02-02T11:00:00.000Z
lesson_id_3593,group_id_13,2023-02-02T21:30:00.000Z
lesson_id_3594,group_id_7,2023-02-02T15:30:00.000Z
lesson_id_3595,group_id_3,2023-02-02T14:30:00.000Z
lesson_id_3596,group_id_16,2023-02-03T12:30:00.000Z
lesson_id_3597,group_id_4,2023-02-03T13:30:00.000Z
lesson_id_3598,group_id_2,2023-02-03T17:00:00.000Z
lesson_id_3599,group_id_16,2023-02-03T11:00:00.000Z
lesson_id_3600,group_id_11,2023-02-03T18:00:00.000Z
lesson_id_3601,group_id_20,2023-02-03T21:30:00.000Z
lesson_id_3602,group_id_2,2023-02-03T21:30:00.000Z
lesson_id_3603,group_id_14,2023-02-03T16:00:00.000Z
lesson_id_3604,group_id_2,2023-02-03T12:00:00.000Z
lesson_id_3605,group_id_14,2023-02-03T13:30:00.000Z
lesson_id_3606,group_id_6,2023-02-03T10:00:00.000Z
lesson_id_3607,group_id_3,2023-02-03T13:30:00.000Z
lesson_id_3608,group_id_3,2023-02-03T13:30:00.000Z
lesson_id_3609,group_id_17,2023-02-04T12:30:00.000Z
lesson_id_3610,group_id_6,2023-02-04T09:00:00.000Z
lesson_id_3611,group_id_14,2023-02-04T14:30:00.000Z
lesson_id_3612,group_id_6,2023-02-04T12:30:00.000Z
lesson_id_3613,group_id_14,2023-02-04T16:30:00.000Z
lesson_id_3614,group_id_18,2023-02-04T20:00:00.000Z
lesson_id_3615,group_id_14,2023-02-04T14:30:00.000Z
lesson_id_3616,group_id_1,2023-02-04T17:00:00.000Z
lesson_id_3617,group_id_3,2023-02-04T20:00:00.000Z
lesson_id_3618,group_id_11,2023-02-04T19:30:00.000Z
lesson_id_3619,group_id_1,2023-02-04T11:30:00.000Z
lesson_id_3620,group_id_5,2023-02-04T16:30:00.000Z
lesson_id_3621,group_id_14,2023-02-05T13:00:00.000Z
lesson_id_3622,group_id_15,2023-02-05T11:30:00.000Z
lesson_id_3623,group_id_19,2023-02-05T10:00:00.000Z
lesson_id_3624,group_id_7,2023-02-05T20:00:00.000Z
lesson_id_3625,group_id_14,2023-02-05T20:00:00.000Z
lesson_id_3626,group_id_20,2023-02-05T15:00:00.000Z
lesson_id_3627,group_id_12,2023-02-05T12:00:00.000Z
lesson_id_3628,group_id_19,2023-02-05T09:30:00.000Z
lesson_id_3629,group_id_12,2023-02-05T09:30:00.000Z
lesson_id_3630,group_id_17,2023-02-06T10:30:00.000Z
lesson_id_3631,group_id_15,2023-02-06T15:30:00.000Z
lesson_id_3632,group_id_12,2023-02-06T14:30:00.000Z
lesson_id_3633,group_id_17,2023-02-06T21:30:00.000Z
lesson_id_3634,group_id_4,2023-02-06T11:30:00.000Z
lesson_id_3635,group_id_14,2023-02-06T14:00:00.000Z
lesson_id_3636,group_id_18,2023-02-06T18:00:00.000Z
lesson_id_3637,group_id_18,2023-02-06T15:30:00.000Z
lesson_id_3638,group_id_10,2023-02-06T19:30:00.000Z
lesson_id_3639,group_id_10,2023-02-06T20:00:00.000Z
lesson_id_3640,group_id_3,2023-02-06T21:00:00.000Z
lesson_id_3641,group_id_1,2023-02-07T18:30:00.000Z
lesson_id_3642,group_id_4,2023-02-07T16:00:00.000Z
lesson_id_3643,group_id_15,2023-02-07T17:00:00.000Z
lesson_id_3644,group_id_10,2023-02-07T15:00:00.000Z
lesson_id_3645,group_id_8,2023-02-07T21:30:00.000Z
lesson_id_3646,group_id_18,2023-02-07T15:00:00.000Z
lesson_id_3647,group_id_7,2023-02-07T16:00:00.000Z
lesson_id_3648,group_id_12,2023-02-07T21:30:00.000Z
lesson_id_3649,group_id_14,2023-02-07T19:30:00.000Z
lesson_id_3650,group_id_12,2023-02-08T21:00:00.000Z
lesson_id_3651,group_id_17,2023-02-08T13:30:00.000Z
lesson_id_3652,group_id_9,2023-02-08T13:30:00.000Z
lesson_id_3653,group_id_8,2023-02-08T09:30:00.000Z
lesson_id_3654,group_id_2,2023-02-08T09:00:00.000Z
lesson_id_3655,group_id_5,2023-02-08T21:30:00.000Z
lesson_id_3656,group_id_17,2023-02-08T20:30:00.000Z
lesson_id_3657,group_id_11,2023-02-08T11:30:00.000Z
lesson_id_3658,group_id_8,2023-02-08T17:30:00.000Z
lesson_id_3659,group_id_20,2023-02-09T19:30:00.000Z
lesson_id_3660,group_id_2,2023-02-09T21:30:00.000Z
lesson_id_3661,group_id_5,2023-02-09T19:30:00.000Z
lesson_id_3662,group_id_6,2023-02-09T15:30:00.000Z
lesson_id_3663,group_id_17,2023-02-09T11:30:00.000Z
lesson_id_3664,group_id_8,2023-02-09T10:00:00.000Z
lesson_id_3665,group_id_17,2023-02-09T10:30:00.000Z
lesson_id_3666,group_id_9,2023-02-09T17:00:00.000Z
lesson_id_3667,group_id_11,2023-02-09T12:00:00.000Z
lesson_id_3668,group_id_3,2023-02-09T09:30:00.000Z
lesson_id_3669,group_id_19,2023-02-10T11:00:00.000Z
lesson_id_3670,group_id_20,2023-02-10T20:00:00.000Z
lesson_id_3671,group_id_19,2023-02-10T15:00:00.000Z
lesson_id_3672,group_id_5,2023-02-10T16:30:00.000Z
lesson_id_3673,group_id_6,2023-02-10T12:00:00.000Z
lesson_id_3674,group_id_10,2023-02-10T12:00:00.000Z
lesson_id_3675,group_id_13,2023-02-10T21:30:00.000Z
lesson_id_3676,group_id_2,2023-02-10T13:00:00.000Z
lesson_id_3677,group_id_5,2023-02-10T19:00:00.000Z
lesson_id_3678,group_id_4,2023-02-11T10:30:00.000Z
lesson_id_3679,group_id_20,2023-02-11T10:00:00.000Z
lesson_id_3680,group_id_5,2023-02-11T13:30:00.000Z
lesson_id_3681,group_id_6,2023-02-11T10:00:00.000Z
lesson_id_3682,group_id_16,2023-02-11T14:00:00.000Z
lesson_id_3683,group_id_13,2023-02-11T10:30:00.000Z
lesson_id_3684,group_id_1,2023-02-11T15:00:00.000Z
lesson_id_3685,group_id_16,2023-02-11T19:00:00.000Z
lesson_id_3686,group_id_7,2023-02-11T19:30:00.000Z
lesson_id_3687,group_id_13,2023-02-11T14:30:00.000Z
lesson_id_3688,group_id_6,2023-02-11T11:30:00.000Z
lesson_id_3689,group_id_1,2023-02-11T11:00:00.000Z
lesson_id_3690,group_id_4,2023-02-11T14:30:00.000Z
lesson_id_3691,group_id_20,2023-02-12T18:00:00.000Z
lesson_id_3692,group_id_6,2023-02-12T17:30:00.000Z
lesson_id_3693,group_id_4,2023-02-12T12:00:00.000Z
lesson_id_3694,group_id_18,2023-02-12T09:00:00.000Z
lesson_id_3695,group_id_7,2023-02-12T14:00:00.000Z
lesson_id_3696,group_id_7,2023-02-12T09:30:00.000Z
lesson_id_3697,group_id_5,2023-02-12T12:00:00.000Z
lesson_id_3698,group_id_5,2023-02-12T13:30:00.000Z
lesson_id_3699,group_id_16,2023-02-12T12:00:00.000Z
lesson_id_3700,group_id_12,2023-02-12T20:30:00.000Z
lesson_id_3701,group_id_15,2023-02-12T20:30:00.000Z
lesson_id_3702,group_id_14,2023-02-12T17:30:00.000Z
lesson_id_3703,group_id_9,2023-02-13T11:00:00.000Z
lesson_id_3704,group_id_9,2023-02-13T15:00:00.000Z
lesson_id_3705,group_id_19,2023-02-13T21:30:00.000Z
lesson_id_3706,group_id_6,2023-02-13T21:00:00.000Z
lesson_id_3707,group_id_16,2023-02-13T15:30:00.000Z
lesson_id_3708,group_id_14,2023-02-13T18:30:00.000Z
lesson_id_3709,group_id_11,2023-02-13T18:00:00.000Z
lesson_id_3710,group_id_20,2023-02-13T15:30:00.000Z
lesson_id_3711,group_id_7,2023-02-13T18:30:00.000Z
lesson_id_3712,group_id_12,2023-02-13T19:00:00.000Z
lesson_id_3713,group_id_6,2023-02-14T09:30:00.000Z
lesson_id_3714,group_id_19,2023-02-14T15:30:00.000Z
lesson_id_3715,group_id_20,2023-02-14T19:30:00.000Z
lesson_id_3716,group_id_13,2023-02-14T09:00:00.000Z
lesson_id_3717,group_id_6,2023-02-14T21:30:00.000Z
lesson_id_3718,group_id_14,2023-02-14T21:00:00.000Z
lesson_id_3719,group_id_12,2023-02-14T12:00:00.000Z
lesson_id_3720,group_id_7,2023-02-14T19:30:00.000Z
lesson_id_3721,group_id_12,2023-02-14T11:30:00.000Z
lesson_id_3722,group_id_4,2023-02-14T09:30:00.000Z
lesson_id_3723,group_id_1,2023-02-14T20:30:00.000Z
lesson_id_3724,group_id_7,2023-02-14T16:30:00.000Z
lesson_id_3725,group_id_18,2023-02-15T10:30:00.000Z
lesson_id_3726,group_id_10,2023-02-15T18:00:00.000Z
lesson_id_3727,group_id_17,2023-02-15T12:00:00.000Z
lesson_id_3728,group_id_18,2023-02-15T13:00:00.000Z
lesson_id_3729,group_id_19,2023-02-15T19:30:00.000Z
lesson_id_3730,group_id_14,2023-02-15T14:30:00.000Z
lesson_id_3731,group_id_7,2023-02-15T12:00:00.000Z
lesson_id_3732,group_id_16,2023-02-15T16:00:00.000Z
lesson_id_3733,group_id_9,2023-02-15T15:00:00.000Z
lesson_id_3734,group_id_4,2023-02-15T16:00:00.000Z
lesson_id_3735,group_id_11,2023-02-16T18:30:00.000Z
lesson_id_3736,group_id_8,2023-02-16T18:00:00.000Z
lesson_id_3737,group_id_10,2023-02-16T09:00:00.000Z
lesson_id_3738,group_id_15,2023-02-16T13:00:00.000Z
lesson_id_3739,group_id_13,2023-02-16T09:00:00.000Z
lesson_id_3740,group_id_11,2023-02-16T19:00:00.000Z
lesson_id_3741,group_id_3,2023-02-16T16:00:00.000Z
lesson_id_3742,group_id_14,2023-02-16T20:30:00.000Z
lesson_id_3743,group_id_9,2023-02-16T14:30:00.000Z
lesson_id_3744,group_id_13,2023-02-16T10:30:00.000Z
lesson_id_3745,group_id_16,2023-02-16T18:00:00.000Z
lesson_id_3746,group_id_13,2023-02-16T13:30:00.000Z
lesson_id_3747,group_id_16,2023-02-16T19:00:00.000Z
lesson_id_3748,group_id_20,2023-02-17T10:00:00.000Z
lesson_id_3749,group_id_8,2023-02-17T09:00:00.000Z
lesson_id_3750,group_id_5,2023-02-17T10:30:00.000Z
lesson_id_3751,group_id_14,2023-02-17T12:00:00.000Z
lesson_id_3752,group_id_3,2023-02-17T12:30:00.000Z
lesson_id_3753,group_id_18,2023-02-17T09:00:00.000Z
lesson_id_3754,group_id_9,2023-02-17T21:00:00.000Z
lesson_id_3755,group_id_4,2023-02-17T09:30:00.000Z
lesson_id_3756,group_id_3,2023-02-17T13:30:00.000Z
lesson_id_3757,group_id_20,2023-02-17T21:30:00.000Z
lesson_id_3758,group_id_9,2023-02-17T20:00:00.000Z
lesson_id_3759,group_id_19,2023-02-18T16:00:00.000Z
lesson_id_3760,group_id_5,2023-02-18T14:00:00.000Z
lesson_id_3761,group_id_19,2023-02-18T15:30:00.000Z
lesson_id_3762,group_id_4,2023-02-18T17:00:00.000Z
lesson_id_3763,group_id_19,2023-02-18T16:30:00.000Z
lesson_id_3764,group_id_9,2023-02-18T14:30:00.000Z
lesson_id_3765,group_id_8,2023-02-18T10:30:00.000Z
lesson_id_3766,group_id_10,2023-02-18T20:00:00.000Z
lesson_id_3767,group_id_12,2023-02-18T17:00:00.000Z
lesson_id_3768,group_id_7,2023-02-18T20:00:00.000Z
lesson_id_3769,group_id_16,2023-02-19T09:00:00.000Z
lesson_id_3770,group_id_1,2023-02-19T19:00:00.000Z
lesson_id_3771,group_id_15,2023-02-19T15:00:00.000Z
lesson_id_3772,group_id_16,2023-02-19T10:30:00.000Z
lesson_id_3773,group_id_7,2023-02-19T18:30:00.000Z
lesson_id_3774,group_id_10,2023-02-19T20:30:00.000Z
lesson_id_3775,group_id_5,2023-02-19T17:00:00.000Z
lesson_id_3776,group_id_5,2023-02-19T12:30:00.000Z
lesson_id_3777,group_id_13,2023-02-19T16:00:00.000Z
lesson_id_3778,group_id_7,2023-02-20T10:30:00.000Z
lesson_id_3779,group_id_14,2023-02-20T11:30:00.000Z
lesson_id_3780,group_id_19,2023-02-20T19:00:00.000Z
lesson_id_3781,group_id_5,2023-02-20T16:00:00.000Z
lesson_id_3782,group_id_4,2023-02-20T12:00:00.000Z
lesson_id_3783,group_id_15,2023-02-20T11:30:00.000Z
lesson_id_3784,group_id_1,2023-02-20T16:30:00.000Z
lesson_id_3785,group_id_12,2023-02-20T13:00:00.000Z
lesson_id_3786,group_id_18,2023-02-20T10:30:00.000Z
lesson_id_3787,group_id_14,2023-02-20T12:00:00.000Z
lesson_id_3788,group_id_13,2023-02-20T17:30:00.000Z
lesson_id_3789,group_id_17,2023-02-20T14:00:00.000Z
lesson_id_3790,group_id_9,2023-02-21T14:00:00.000Z
lesson_id_3791,group_id_2,2023-02-21T19:30:00.000Z
lesson_id_3792,group_id_14,2023-02-21T12:30:00.000Z
lesson_id_3793,group_id_7,2023-02-21T15:00:00.000Z
lesson_id_3794,group_id_20,2023-02-21T13:30:00.000Z
lesson_id_3795,group_id_17,2023-02-21T15:00:00.000Z
lesson_id_3796,group_id_2,2023-02-21T19:00:00.000Z
lesson_id_3797,group_id_4,2023-02-21T12:00:00.000Z
lesson_id_3798,group_id_2,2023-02-21T09:30:00.000Z
lesson_id_3799,group_id_8,2023-02-21T10:00:00.000Z
lesson_id_3800,group_id_9,2023-02-21T12:30:00.000Z
lesson_id_3801,group_id_13,2023-02-21T15:00:00.000Z
lesson_id_3802,group_id_9,2023-02-22T16:00:00.000Z
lesson_id_3803,group_id_6,2023-02-22T21:00:00.000Z
lesson_id_3804,group_id_12,2023-02-22T19:30:00.000Z
lesson_id_3805,group_id_20,2023-02-22T13:00:00.000Z
lesson_id_3806,group_id_4,2023-02-22T11:30:00.000Z
lesson_id_3807,group_id_10,2023-02-22T20:00:00.000Z
lesson_id_3808,group_id_6,2023-02-22T14:00:00.000Z
lesson_id_3809,group_id_6,2023-02-22T11:30:00.000Z
lesson_id_3810,group_id_15,2023-02-22T11:00:00.000Z
lesson_id_3811,group_id_16,2023-02-22T15:30:00.000Z
lesson_id_3812,group_id_6,2023-02-23T13:00:00.000Z
lesson_id_3813,group_id_6,2023-02-23T19:00:00.000Z
lesson_id_3814,group_id_20,2023-02-23T14:30:00.000Z
lesson_id_3815,group_id_19,2023-02-23T09:30:00.000Z
lesson_id_3816,group_id_8,2023-02-23T16:00:00.000Z
lesson_id_3817,group_id_2,2023-02-23T09:30:00.000Z
lesson_id_3818,group_id_8,2023-02-23T17:00:00.000Z
lesson_id_3819,group_id_5,2023-02-23T21:00:00.000Z
lesson_id_3820,group_id_4,2023-02-23T13:30:00.000Z
lesson_id_3821,group_id_16,2023-02-24T20:30:00.000Z
lesson_id_3822,group_id_18,2023-02-24T13:30:00.000Z
lesson_id_3823,group_id_9,2023-02-24T14:30:00.000Z
lesson_id_3824,group_id_1,2023-02-24T14:30:00.000Z
lesson_id_3825,group_id_11,2023-02-24T17:30:00.000Z
lesson_id_3826,group_id_4,2023-02-24T13:00:00.000Z
lesson_id_3827,group_id_5,2023-02-24T15:00:00.000Z
lesson_id_3828,group_id_5,2023-02-24T14:30:00.000Z
lesson_id_3829,group_id_1,2023-02-24T12:30:00.000Z
lesson_id_3830,group_id_12,2023-02-24T12:00:00.000Z
lesson_id_3831,group_id_7,2023-02-24T15:00:00.000Z
lesson_id_3832,group_id_9,2023-02-24T19:30:00.000Z
lesson_id_3833,group_id_6,2023-02-25T13:30:00.000Z
lesson_id_3834,group_id_11,2023-02-25T15:30:00.000Z
lesson_id_3835,group_id_9,2023-02-25T13:00:00.000Z
lesson_id_3836,group_id_2,2023-02-25T18:30:00.000Z
lesson_id_3837,group_id_20,2023-02-25T10:30:00.000Z
lesson_id_3838,group_id_15,2023-02-25T18:30:00.000Z
lesson_id_3839,group_id_10,2023-02-25T10:00:00.000Z
lesson_id_3840,group_id_16,2023-02-25T19:00:00.000Z
lesson_id_3841,group_id_15,2023-02-25T19:00:00.000Z
lesson_id_3842,group_id_17,2023-02-25T13:00:00.000Z
lesson_id_3843,group_id_10,2023-02-25T16:30:00.000Z
lesson_id_3844,group_id_3,2023-02-25T21:30:00.000Z
lesson_id_3845,group_id_1,2023-02-25T16:00:00.000Z
lesson_id_3846,group_id_10,2023-02-26T18:00:00.000Z
lesson_id_3847,group_id_2,2023-02-26T16:30:00.000Z
lesson_id_3848,group_id_1,2023-02-26T15:30:00.000Z
lesson_id_3849,group_id_1,2023-02-26T09:30:00.000Z
lesson_id_3850,group_id_5,2023-02-26T14:30:00.000Z
lesson_id_3851,group_id_17,2023-02-26T19:00:00.000Z
lesson_id_3852,group_id_3,2023-02-26T20:30:00.000Z
lesson_id_3853,group_id_5,2023-02-26T20:00:00.000Z
lesson_id_3854,group_id_14,2023-02-26T18:00:00.000Z
lesson_id_3855,group_id_10,2023-02-26T12:00:00.000Z
lesson_id_3856,group_id_12,2023-02-27T12:30:00.000Z
lesson_id_3857,group_id_14,2023-02-27T15:00:00.000Z
lesson_id_3858,group_id_9,2023-02-27T13:30:00.000Z
lesson_id_3859,group_id_6,2023-02-27T18:30:00.000Z
lesson_id_3860,group_id_11,2023-02-27T21:00:00.000Z
lesson_id_3861,group_id_7,2023-02-27T13:00:00.000Z
lesson_id_3862,group_id_14,2023-02-27T17:00:00.000Z
lesson_id_3863,group_id_10,2023-02-27T13:00:00.000Z
lesson_id_3864,group_id_10,2023-02-27T18:30:00.000Z
lesson_id_3865,group_id_18,2023-02-27T11:30:00.000Z
lesson_id_3866,group_id_14,2023-02-27T10:00:00.000Z
lesson_id_3867,group_id_17,2023-02-27T16:30:00.000Z
lesson_id_3868,group_id_12,2023-02-28T16:30:00.000Z
lesson_id_3869,group_id_14,2023-02-28T16:30:00.000Z
lesson_id_3870,group_id_14,2023-02-28T16:00:00.000Z
lesson_id_3871,group_id_18,2023-02-28T09:30:00.000Z
lesson_id_3872,group_id_3,2023-02-28T21:00:00.000Z
lesson_id_3873,group_id_20,2023-02-28T13:00:00.000Z
lesson_id_3874,group_id_19,2023-02-28T17:30:00.000Z
lesson_id_3875,group_id_5,2023-02-28T18:30:00.000Z
lesson_id_3876,group_id_2,2023-02-28T21:30:00.000Z
lesson_id_3877,group_id_5,2023-02-28T15:00:00.000Z
lesson_id_3878,group_id_15,2023-02-28T21:30:00.000Z
lesson_id_3879,group_id_2,2023-02-28T10:00:00.000Z
lesson_id_3880,group_id_9,2023-02-28T19:00:00.000Z
lesson_id_3881,group_id_20,2023-03-01T10:30:00.000Z
lesson_id_3882,group_id_19,2023-03-01T16:30:00.000Z
lesson_id_3883,group_id_2,2023-03-01T10:00:00.000Z
lesson_id_3884,group_id_7,2023-03-01T17:00:00.000Z
lesson_id_3885,group_id_18,2023-03-01T20:30:00.000Z
lesson_id_3886,group_id_5,2023-03-01T12:00:00.000Z
lesson_id_3887,group_id_10,2023-03-01T19:30:00.000Z
lesson_id_3888,group_id_1,2023-03-01T21:30:00.000Z
lesson_id_3889,group_id_20,2023-03-01T20:00:00.000Z
lesson_id_3890,group_id_4,2023-03-01T10:00:00.000Z
lesson_id_3891,group_id_5,2023-03-01T18:00:00.000Z
lesson_id_3892,group_id_4,2023-03-02T12:00:00.000Z
lesson_id_3893,group_id_4,2023-03-02T16:00:00.000Z
lesson_id_3894,group_id_17,2023-03-02T16:30:00.000Z
lesson_id_3895,group_id_2,2023-03-02T10:30:00.000Z
lesson_id_3896,group_id_13,2023-03-02T16:00:00.000Z
lesson_id_3897,group_id_8,2023-03-02T17:30:00.000Z
lesson_id_3898,group_id_20,2023-03-02T19:30:00.000Z
lesson_id_3899,group_id_20,2023-03-02T10:30:00.000Z
lesson_id_3900,group_id_5,2023-03-02T19:00:00.000Z
lesson_id_3901,group_id_6,2023-03-02T11:00:00.000Z
lesson_id_3902,group_id_6,2023-03-02T17:00:00.000Z
lesson_id_3903,group_id_16,2023-03-02T16:30:00.000Z
lesson_id_3904,group_id_10,2023-03-02T19:00:00.000Z
lesson_id_3905,group_id_16,2023-03-03T14:30:00.000Z
lesson_id_3906,group_id_13,2023-03-03T15:00:00.000Z
lesson_id_3907,group_id_15,2023-03-03T15:30:00.000Z
lesson_id_3908,group_id_5,2023-03-03T09:30:00.000Z
lesson_id_3909,group_id_15,2023-03-03T10:30:00.000Z
lesson_id_3910,group_id_1,2023-03-03T18:30:00.000Z
lesson_id_3911,group_id_2,2023-03-03T19:30:00.000Z
lesson_id_3912,group_id_2,2023-03-03T14:00:00.000Z
lesson_id_3913,group_id_15,2023-03-03T20:30:00.000Z
lesson_id_3914,group_id_9,2023-03-03T09:00:00.000Z
lesson_id_3915,group_id_12,2023-03-03T17:00:00.000Z
lesson_id_3916,group_id_12,2023-03-03T20:30:00.000Z
lesson_id_3917,group_id_17,2023-03-03T10:00:00.000Z
lesson_id_3918,group_id_12,2023-03-04T19:30:00.000Z
lesson_id_3919,group_id_15,2023-03-04T20:00:00.000Z
lesson_id_3920,group_id_9,2023-03-04T21:30:00.000Z
lesson_id_3921,group_id_13,2023-03-04T10:30:00.000Z
lesson_id_3922,group_id_13,2023-03-04T16:00:00.000Z
lesson_id_3923,group_id_19,2023-03-04T20:30:00.000Z
lesson_id_3924,group_id_5,2023-03-04T20:30:00.000Z
lesson_id_3925,group_id_19,2023-03-04T18:30:00.000Z
lesson_id_3926,group_id_19,2023-03-04T18:30:00.000Z
lesson_id_3927,group_id_3,2023-03-04T09:00:00.000Z
lesson_id_3928,group_id_8,2023-03-05T10:00:00.000Z
lesson_id_3929,group_id_16,2023-03-05T19:30:00.000Z
lesson_id_3930,group_id_11,2023-03-05T21:00:00.000Z
lesson_id_3931,group_id_8,2023-03-05T10:00:00.000Z
lesson_id_3932,group_id_13,2023-03-05T21:30:00.000Z
lesson_id_3933,group_id_3,2023-03-05T09:30:00.000Z
lesson_id_3934,group_id_4,2023-03-05T09:00:00.000Z
lesson_id_3935,group_id_15,2023-03-05T21:30:00.000Z
lesson_id_3936,group_id_20,2023-03-05T19:00:00.000Z
lesson_id_3937,group_id_6,2023-03-05T14:00:00.000Z
lesson_id_3938,group_id_13,2023-03-06T11:00:00.000Z
lesson_id_3939,group_id_7,2023-03-06T13:30:00.000Z
lesson_id_3940,group_id_15,2023-03-06T19:30:00.000Z
lesson_id_3941,group_id_8,2023-03-06T12:00:00.000Z
lesson_id_3942,group_id_14,2023-03-06T17:00:00.000Z
lesson_id_3943,group_id_3,2023-03-06T18:00:00.000Z
lesson_id_3944,group_id_4,2023-03-06T12:00:00.000Z
lesson_id_3945,group_id_5,2023-03-06T09:30:00.000Z
lesson_id_3946,group_id_14,2023-03-06T18:00:00.000Z
lesson_id_3947,group_id_11,2023-03-06T11:30:00.000Z
lesson_id_3948,group_id_7,2023-03-06T12:30:00.000Z
lesson_id_3949,group_id_17,2023-03-06T14:30:00.000Z
lesson_id_3950,group_id_18,2023-03-07T11:00:00.000Z
lesson_id_3951,group_id_15,2023-03-07T15:30:00.000Z
lesson_id_3952,group_id_3,2023-03-07T18:00:00.000Z
lesson_id_3953,group_id_5,2023-03-07T21:30:00.000Z
lesson_id_3954,group_id_4,2023-03-07T10:30:00.000Z
lesson_id_3955,group_id_8,2023-03-07T09:30:00.000Z
lesson_id_3956,group_id_1,2023-03-07T12:30:00.000Z
lesson_id_3957,group_id_9,2023-03-07T15:30:00.000Z
lesson_id_3958,group_id_3,2023-03-07T11:30:00.000Z
lesson_id_3959,group_id_3,2023-03-07T17:00:00.000Z
lesson_id_3960,group_id_17,2023-03-07T18:30:00.000Z
lesson_id_3961,group_id_13,2023-03-07T18:00:00.000Z
lesson_id_3962,group_id_18,2023-03-07T20:00:00.000Z
lesson_id_3963,group_id_16,2023-03-08T13:00:00.000Z
lesson_id_3964,group_id_2,2023-03-08T14:30:00.000Z
lesson_id_3965,group_id_9,2023-03-08T12:30:00.000Z
lesson_id_3966,group_id_2,2023-03-08T11:00:00.000Z
lesson_id_3967,group_id_18,2023-03-08T20:30:00.000Z
lesson_id_3968,group_id_2,2023-03-08T12:30:00.000Z
lesson_id_3969,group_id_3,2023-03-08T21:00:00.000Z
lesson_id_3970,group_id_12,2023-03-08T10:30:00.000Z
lesson_id_3971,group_id_20,2023-03-08T20:00:00.000Z
lesson_id_3972,group_id_18,2023-03-08T16:00:00.000Z
lesson_id_3973,group_id_9,2023-03-08T20:00:00.000Z
lesson_id_3974,group_id_4,2023-03-08T09:30:00.000Z
lesson_id_3975,group_id_17,2023-03-08T12:30:00.000Z
lesson_id_3976,group_id_16,2023-03-09T13:00:00.000Z
lesson_id_3977,group_id_1,2023-03-09T09:00:00.000Z
lesson_id_3978,group_id_7,2023-03-09T17:30:00.000Z
lesson_id_3979,group_id_1,2023-03-09T17:30:00.000Z
lesson_id_3980,group_id_2,2023-03-09T15:30:00.000Z
lesson_id_3981,group_id_5,2023-03-09T15:30:00.000Z
lesson_id_3982,group_id_18,2023-03-09T11:00:00.000Z
lesson_id_3983,group_id_15,2023-03-09T10:30:00.000Z
lesson_id_3984,group_id_12,2023-03-09T12:30:00.000Z
lesson_id_3985,group_id_14,2023-03-09T09:00:00.000Z
lesson_id_3986,group_id_8,2023-03-09T10:00:00.000Z
lesson_id_3987,group_id_8,2023-03-09T15:00:00.000Z
lesson_id_3988,group_id_8,2023-03-10T09:00:00.000Z
lesson_id_3989,group_id_2,2023-03-10T11:30:00.000Z
lesson_id_3990,group_id_6,2023-03-10T13:00:00.000Z
lesson_id_3991,group_id_11,2023-03-10T14:00:00.000Z
lesson_id_3992,group_id_10,2023-03-10T11:30:00.000Z
lesson_id_3993,group_id_16,2023-03-10T19:00:00.000Z
lesson_id_3994,group_id_3,2023-03-10T10:30:00.000Z
lesson_id_3995,group_id_18,2023-03-10T12:30:00.000Z
lesson_id_3996,group_id_12,2023-03-10T12:30:00.000Z
lesson_id_3997,group_id_12,2023-03-11T21:30:00.000Z
lesson_id_3998,group_id_8,2023-03-11T17:30:00.000Z
lesson_id_3999,group_id_11,2023-03-11T20:00:00.000Z
lesson_id_4000,group_id_2,2023-03-11T14:30:00.000Z
lesson_id_4001,group_id_20,2023-03-11T16:30:00.000Z
lesson_id_4002,group_id_3,2023-03-11T12:00:00.000Z
lesson_id_4003,group_id_17,2023-03-11T12:30:00.000Z
lesson_id_4004,group_id_18,2023-03-11T12:00:00.000Z
lesson_id_4005,group_id_12,2023-03-11T20:00:00.000Z
lesson_id_4006,group_id_2,2023-03-11T12:30:00.000Z
lesson_id_4007,group_id_15,2023-03-11T10:00:00.000Z
lesson_id_4008,group_id_2,2023-03-12T13:30:00.000Z
lesson_id_4009,group_id_19,2023-03-12T15:30:00.000Z
lesson_id_4010,group_id_3,2023-03-12T09:30:00.000Z
lesson_id_4011,group_id_20,2023-03-12T15:30:00.000Z
lesson_id_4012,group_id_1,2023-03-12T15:30:00.000Z
lesson_id_4013,group_id_15,2023-03-12T09:00:00.000Z
lesson_id_4014,group_id_7,2023-03-12T15:00:00.000Z
lesson_id_4015,group_id_14,2023-03-12T17:00:00.000Z
lesson_id_4016,group_id_10,2023-03-12T09:30:00.000Z
lesson_id_4017,group_id_1,2023-03-12T18:30:00.000Z
lesson_id_4018,group_id_9,2023-03-12T21:00:00.000Z
lesson_id_4019,group_id_1,2023-03-12T14:30:00.000Z
lesson_id_4020,group_id_2,2023-03-13T21:00:00.000Z
lesson_id_4021,group_id_18,2023-03-13T15:30:00.000Z
lesson_id_4022,group_id_18,2023-03-13T16:30:00.000Z
lesson_id_4023,group_id_19,2023-03-13T20:30:00.000Z
lesson_id_4024,group_id_6,2023-03-13T15:30:00.000Z
lesson_id_4025,group_id_8,2023-03-13T11:00:00.000Z
lesson_id_4026,group_id_9,2023-03-13T21:30:00.000Z
lesson_id_4027,group_id_3,2023-03-13T12:30:00.000Z
lesson_id_4028,group_id_11,2023-03-13T18:30:00.000Z
lesson_id_4029,group_id_2,2023-03-13T18:30:00.000Z
lesson_id_4030,group_id_12,2023-03-13T13:30:00.000Z
lesson_id_4031,group_id_20,2023-03-13T09:00:00.000Z
lesson_id_4032,group_id_19,2023-03-14T19:30:00.000Z
lesson_id_4033,group_id_9,2023-03-14T11:30:00.000Z
lesson_id_4034,group_id_15,2023-03-14T09:30:00.000Z
lesson_id_4035,group_id_1,2023-03-14T16:00:00.000Z
lesson_id_4036,group_id_12,2023-03-14T16:00:00.000Z
lesson_id_4037,group_id_14,2023-03-14T09:00:00.000Z
lesson_id_4038,group_id_9,2023-03-14T18:30:00.000Z
lesson_id_4039,group_id_3,2023-03-14T16:00:00.000Z
lesson_id_4040,group_id_9,2023-03-14T21:30:00.000Z
lesson_id_4041,group_id_9,2023-03-14T16:00:00.000Z
lesson_id_4042,group_id_8,2023-03-14T19:00:00.000Z
lesson_id_4043,group_id_20,2023-03-15T19:00:00.000Z
lesson_id_4044,group_id_8,2023-03-15T10:00:00.000Z
lesson_id_4045,group_id_6,2023-03-15T19:30:00.000Z
lesson_id_4046,group_id_19,2023-03-15T14:00:00.000Z
lesson_id_4047,group_id_18,2023-03-15T20:00:00.000Z
lesson_id_4048,group_id_2,2023-03-15T20:30:00.000Z
lesson_id_4049,group_id_9,2023-03-15T09:30:00.000Z
lesson_id_4050,group_id_18,2023-03-15T20:00:00.000Z
lesson_id_4051,group_id_20,2023-03-15T12:30:00.000Z
lesson_id_4052,group_id_4,2023-03-15T10:30:00.000Z
lesson_id_4053,group_id_17,2023-03-16T10:00:00.000Z
lesson_id_4054,group_id_7,2023-03-16T14:30:00.000Z
lesson_id_4055,group_id_14,2023-03-16T10:30:00.000Z
lesson_id_4056,group_id_10,2023-03-16T11:00:00.000Z
lesson_id_4057,group_id_11,2023-03-16T18:30:00.000Z
lesson_id_4058,group_id_11,2023-03-16T15:30:00.000Z
lesson_id_4059,group_id_16,2023-03-16T13:00:00.000Z
lesson_id_4060,group_id_6,2023-03-16T14:00:00.000Z
lesson_id_4061,group_id_10,2023-03-16T11:00:00.000Z
lesson_id_4062,group_id_20,2023-03-17T12:30:00.000Z
lesson_id_4063,group_id_17,2023-03-17T20:30:00.000Z
lesson_id_4064,group_id_7,2023-03-17T15:00:00.000Z
lesson_id_4065,group_id_5,2023-03-17T15:00:00.000Z
lesson_id_4066,group_id_3,2023-03-17T12:30:00.000Z
lesson_id_4067,group_id_18,2023-03-17T20:00:00.000Z
lesson_id_4068,group_id_17,2023-03-17T21:00:00.000Z
lesson_id_4069,group_id_20,2023-03-17T16:30:00.000Z
lesson_id_4070,group_id_11,2023-03-17T13:00:00.000Z
lesson_id_4071,group_id_10,2023-03-18T12:30:00.000Z
lesson_id_4072,group_id_8,2023-03-18T21:30:00.000Z
lesson_id_4073,group_id_8,2023-03-18T16:30:00.000Z
lesson_id_4074,group_id_4,2023-03-18T20:00:00.000Z
lesson_id_4075,group_id_15,2023-03-18T20:30:00.000Z
lesson_id_4076,group_id_12,2023-03-18T10:30:00.000Z
lesson_id_4077,group_id_18,2023-03-18T17:00:00.000Z
lesson_id_4078,group_id_12,2023-03-18T19:30:00.000Z
lesson_id_4079,group_id_20,2023-03-18T12:30:00.000Z
lesson_id_4080,group_id_14,2023-03-18T12:00:00.000Z
lesson_id_4081,group_id_18,2023-03-18T12:30:00.000Z
lesson_id_4082,group_id_19,2023-03-18T19:00:00.000Z
lesson_id_4083,group_id_20,2023-03-18T13:30:00.000Z
lesson_id_4084,group_id_11,2023-03-19T10:00:00.000Z
lesson_id_4085,group_id_14,2023-03-19T15:00:00.000Z
lesson_id_4086,group_id_19,2023-03-19T16:00:00.000Z
lesson_id_4087,group_id_6,2023-03-19T16:00:00.000Z
lesson_id_4088,group_id_6,2023-03-19T10:30:00.000Z
lesson_id_4089,group_id_9,2023-03-19T21:30:00.000Z
lesson_id_4090,group_id_4,2023-03-19T11:00:00.000Z
lesson_id_4091,group_id_14,2023-03-19T09:00:00.000Z
lesson_id_4092,group_id_3,2023-03-19T11:30:00.000Z
lesson_id_4093,group_id_14,2023-03-19T14:00:00.000Z
lesson_id_4094,group_id_13,2023-03-19T20:00:00.000Z
lesson_id_4095,group_id_4,2023-03-20T14:30:00.000Z
lesson_id_4096,group_id_19,2023-03-20T18:00:00.000Z
lesson_id_4097,group_id_2,2023-03-20T10:30:00.000Z
lesson_id_4098,group_id_15,2023-03-20T15:30:00.000Z
lesson_id_4099,group_id_14,2023-03-20T13:30:00.000Z
lesson_id_4100,group_id_5,2023-03-20T20:00:00.000Z
lesson_id_4101,group_id_19,2023-03-20T17:00:00.000Z
lesson_id_4102,group_id_5,2023-03-20T09:30:00.000Z
lesson_id_4103,group_id_15,2023-03-20T15:30:00.000Z
lesson_id_4104,group_id_15,2023-03-20T11:30:00.000Z
lesson_id_4105,group_id_4,2023-03-20T12:30:00.000Z
lesson_id_4106,group_id_11,2023-03-21T09:30:00.000Z
lesson_id_4107,group_id_10,2023-03-21T14:30:00.000Z
lesson_id_4108,group_id_11,2023-03-21T21:00:00.000Z
lesson_id_4109,group_id_5,2023-03-21T09:00:00.000Z
lesson_id_4110,group_id_14,2023-03-21T17:30:00.000Z
lesson_id_4111,group_id_19,2023-03-21T18:30:00.000Z
lesson_id_4112,group_id_4,2023-03-21T14:30:00.000Z
lesson_id_4113,group_id_6,2023-03-21T10:30:00.000Z
lesson_id_4114,group_id_9,2023-03-21T16:30:00.000Z
lesson_id_4115,group_id_8,2023-03-21T11:30:00.000Z
lesson_id_4116,group_id_9,2023-03-21T18:00:00.000Z
lesson_id_4117,group_id_8,2023-03-21T19:30:00.000Z
lesson_id_4118,group_id_4,2023-03-22T12:00:00.000Z
lesson_id_4119,group_id_1,2023-03-22T18:00:00.000Z
lesson_id_4120,group_id_18,2023-03-22T17:00:00.000Z
lesson_id_4121,group_id_1,2023-03-22T16:00:00.000Z
lesson_id_4122,group_id_12,2023-03-22T12:30:00.000Z
lesson_id_4123,group_id_19,2023-03-22T15:30:00.000Z
lesson_id_4124,group_id_17,2023-03-22T11:30:00.000Z
lesson_id_4125,group_id_10,2023-03-22T10:00:00.000Z
lesson_id_4126,group_id_15,2023-03-22T15:30:00.000Z
lesson_id_4127,group_id_9,2023-03-22T10:00:00.000Z
lesson_id_4128,group_id_4,2023-03-23T14:00:00.000Z
lesson_id_4129,group_id_8,2023-03-23T20:00:00.000Z
lesson_id_4130,group_id_11,2023-03-23T11:30:00.000Z
lesson_id_4131,group_id_9,2023-03-23T16:00:00.000Z
lesson_id_4132,group_id_11,2023-03-23T09:30:00.000Z
lesson_id_4133,group_id_4,2023-03-23T20:30:00.000Z
lesson_id_4134,group_id_7,2023-03-23T17:00:00.000Z
lesson_id_4135,group_id_1,2023-03-23T12:00:00.000Z
lesson_id_4136,group_id_19,2023-03-23T15:00:00.000Z
lesson_id_4137,group_id_7,2023-03-23T13:30:00.000Z
lesson_id_4138,group_id_5,2023-03-23T16:00:00.000Z
lesson_id_4139,group_id_10,2023-03-24T11:00:00.000Z
lesson_id_4140,group_id_3,2023-03-24T17:00:00.000Z
lesson_id_4141,group_id_1,2023-03-24T15:00:00.000Z
lesson_id_4142,group_id_16,2023-03-24T17:00:00.000Z
lesson_id_4143,group_id_6,2023-03-24T09:30:00.000Z
lesson_id_4144,group_id_9,2023-03-24T18:30:00.000Z
lesson_id_4145,group_id_19,2023-03-24T12:30:00.000Z
lesson_id_4146,group_id_16,2023-03-24T17:00:00.000Z
lesson_id_4147,group_id_10,2023-03-24T12:30:00.000Z
lesson_id_4148,group_id_16,2023-03-24T16:30:00.000Z
lesson_id_4149,group_id_20,2023-03-24T14:30:00.000Z
lesson_id_4150,group_id_10,2023-03-24T10:00:00.000Z
lesson_id_4151,group_id_10,2023-03-25T15:30:00.000Z
lesson_id_4152,group_id_11,2023-03-25T12:30:00.000Z
lesson_id_4153,group_id_4,2023-03-25T11:30:00.000Z
lesson_id_4154,group_id_11,2023-03-25T19:00:00.000Z
lesson_id_4155,group_id_12,2023-03-25T20:30:00.000Z
lesson_id_4156,group_id_5,2023-03-25T21:30:00.000Z
lesson_id_4157,group_id_16,2023-03-25T18:30:00.000Z
lesson_id_4158,group_id_8,2023-03-25T09:30:00.000Z
lesson_id_4159,group_id_9,2023-03-25T17:00:00.000Z
lesson_id_4160,group_id_2,2023-03-26T17:30:00.000Z
lesson_id_4161,group_id_9,2023-03-26T19:30:00.000Z
lesson_id_4162,group_id_14,2023-03-26T15:30:00.000Z
lesson_id_4163,group_id_14,2023-03-26T15:30:00.000Z
lesson_id_4164,group_id_2,2023-03-26T13:30:00.000Z
lesson_id_4165,group_id_8,2023-03-26T14:00:00.000Z
lesson_id_4166,group_id_10,2023-03-26T16:30:00.000Z
lesson_id_4167,group_id_8,2023-03-26T18:00:00.000Z
lesson_id_4168,group_id_18,2023-03-26T12:00:00.000Z
lesson_id_4169,group_id_20,2023-03-26T18:30:00.000Z
lesson_id_4170,group_id_5,2023-03-26T18:00:00.000Z
lesson_id_4171,group_id_1,2023-03-26T21:30:00.000Z
lesson_id_4172,group_id_11,2023-03-27T14:00:00.000Z
lesson_id_4173,group_id_2,2023-03-27T17:00:00.000Z
lesson_id_4174,group_id_12,2023-03-27T17:00:00.000Z
lesson_id_4175,group_id_6,2023-03-27T17:30:00.000Z
lesson_id_4176,group_id_8,2023-03-27T13:00:00.000Z
lesson_id_4177,group_id_12,2023-03-27T14:30:00.000Z
lesson_id_4178,group_id_7,2023-03-27T17:00:00.000Z
lesson_id_4179,group_id_1,2023-03-27T09:00:00.000Z
lesson_id_4180,group_id_17,2023-03-27T10:30:00.000Z
lesson_id_4181,group_id_2,2023-03-28T11:30:00.000Z
lesson_id_4182,group_id_10,2023-03-28T09:00:00.000Z
lesson_id_4183,group_id_8,2023-03-28T09:30:00.000Z
lesson_id_4184,group_id_4,2023-03-28T21:30:00.000Z
lesson_id_4185,group_id_13,2023-03-28T11:30:00.000Z
lesson_id_4186,group_id_3,2023-03-28T10:00:00.000Z
lesson_id_4187,group_id_17,2023-03-28T20:30:00.000Z
lesson_id_4188,group_id_1,2023-03-28T09:00:00.000Z
lesson_id_4189,group_id_4,2023-03-28T20:30:00.000Z
lesson_id_4190,group_id_7,2023-03-28T18:30:00.000Z
lesson_id_4191,group_id_11,2023-03-28T15:00:00.000Z
lesson_id_4192,group_id_10,2023-03-28T13:30:00.000Z
lesson_id_4193,group_id_4,2023-03-29T13:30:00.000Z
lesson_id_4194,group_id_13,2023-03-29T13:30:00.000Z
lesson_id_4195,group_id_3,2023-03-29T12:30:00.000Z
lesson_id_4196,group_id_18,2023-03-29T13:30:00.000Z
lesson_id_4197,group_id_10,2023-03-29T20:00:00.000Z
lesson_id_4198,group_id_13,2023-03-29T09:30:00.000Z
lesson_id_4199,group_id_13,2023-03-29T14:00:00.000Z
lesson_id_4200,group_id_15,2023-03-29T12:00:00.000Z
lesson_id_4201,group_id_13,2023-03-29T21:00:00.000Z
lesson_id_4202,group_id_15,2023-03-29T14:30:00.000Z
lesson_id_4203,group_id_4,2023-03-30T19:30:00.000Z
lesson_id_4204,group_id_11,2023-03-30T11:00:00.000Z
lesson_id_4205,group_id_4,2023-03-30T17:00:00.000Z
lesson_id_4206,group_id_7,2023-03-30T16:00:00.000Z
lesson_id_4207,group_id_3,2023-03-30T11:30:00.000Z
lesson_id_4208,group_id_20,2023-03-30T16:00:00.000Z
lesson_id_4209,group_id_2,2023-03-30T21:30:00.000Z
lesson_id_4210,group_id_9,2023-03-30T15:30:00.000Z
lesson_id_4211,group_id_11,2023-03-30T11:00:00.000Z
lesson_id_4212,group_id_11,2023-03-30T20:30:00.000Z
lesson_id_4213,group_id_1,2023-03-30T13:00:00.000Z
lesson_id_4214,group_id_18,2023-03-30T21:30:00.000Z
lesson_id_4215,group_id_18,2023-03-30T16:30:00.000Z
lesson_id_4216,group_id_11,2023-03-31T16:30:00.000Z
lesson_id_4217,group_id_17,2023-03-31T17:00:00.000Z
lesson_id_4218,group_id_4,2023-03-31T15:00:00.000Z
lesson_id_4219,group_id_13,2023-03-31T11:00:00.000Z
lesson_id_4220,group_id_6,2023-03-31T17:00:00.000Z
lesson_id_4221,group_id_6,2023-03-31T12:30:00.000Z
lesson_id_4222,group_id_4,2023-03-31T09:30:00.000Z
lesson_id_4223,group_id_16,2023-03-31T11:30:00.000Z
lesson_id_4224,group_id_5,2023-03-31T20:30:00.000Z
lesson_id_4225,group_id_13,2023-03-31T09:30:00.000Z
lesson_id_4226,group_id_14,2023-04-01T13:30:00.000Z
lesson_id_4227,group_id_17,2023-04-01T14:30:00.000Z
lesson_id_4228,group_id_19,2023-04-01T19:00:00.000Z
lesson_id_4229,group_id_5,2023-04-01T13:00:00.000Z
lesson_id_4230,group_id_20,2023-04-01T20:30:00.000Z
lesson_id_4231,group_id_17,2023-04-01T18:30:00.000Z
lesson_id_4232,group_id_16,2023-04-01T16:00:00.000Z
lesson_id_4233,group_id_11,2023-04-01T20:00:00.000Z
lesson_id_4234,group_id_17,2023-04-02T20:30:00.000Z
lesson_id_4235,group_id_1,2023-04-02T14:30:00.000Z
lesson_id_4236,group_id_6,2023-04-02T11:30:00.000Z
lesson_id_4237,group_id_3,2023-04-02T09:30:00.000Z
lesson_id_4238,group_id_7,2023-04-02T12:00:00.000Z
lesson_id_4239,group_id_18,2023-04-02T16:30:00.000Z
lesson_id_4240,group_id_4,2023-04-02T09:30:00.000Z
lesson_id_4241,group_id_20,2023-04-02T11:00:00.000Z
lesson_id_4242,group_id_12,2023-04-02T19:00:00.000Z
lesson_id_4243,group_id_1,2023-04-03T12:30:00.000Z
lesson_id_4244,group_id_10,2023-04-03T15:30:00.000Z
lesson_id_4245,group_id_12,2023-04-03T18:30:00.000Z
lesson_id_4246,group_id_9,2023-04-03T17:00:00.000Z
lesson_id_4247,group_id_3,2023-04-03T18:00:00.000Z
lesson_id_4248,group_id_4,2023-04-03T20:00:00.000Z
lesson_id_4249,group_id_9,2023-04-03T11:30:00.000Z
lesson_id_4250,group_id_19,2023-04-03T10:00:00.000Z
lesson_id_4251,group_id_17,2023-04-03T18:30:00.000Z
lesson_id_4252,group_id_11,2023-04-03T18:30:00.000Z
lesson_id_4253,group_id_16,2023-04-04T12:00:00.000Z
lesson_id_4254,group_id_1,2023-04-04T21:00:00.000Z
lesson_id_4255,group_id_7,2023-04-04T10:00:00.000Z
lesson_id_4256,group_id_5,2023-04-04T11:30:00.000Z
lesson_id_4257,group_id_1,2023-04-04T14:00:00.000Z
lesson_id_4258,group_id_2,2023-04-04T11:30:00.000Z
lesson_id_4259,group_id_14,2023-04-04T19:30:00.000Z
lesson_id_4260,group_id_11,2023-04-04T13:00:00.000Z
lesson_id_4261,group_id_8,2023-04-04T17:30:00.000Z
lesson_id_4262,group_id_13,2023-04-04T21:30:00.000Z
lesson_id_4263,group_id_16,2023-04-04T14:30:00.000Z
lesson_id_4264,group_id_17,2023-04-04T14:00:00.000Z
lesson_id_4265,group_id_7,2023-04-05T11:30:00.000Z
lesson_id_4266,group_id_5,2023-04-05T15:30:00.000Z
lesson_id_4267,group_id_16,2023-04-05T20:30:00.000Z
lesson_id_4268,group_id_4,2023-04-05T17:30:00.000Z
lesson_id_4269,group_id_12,2023-04-05T11:00:00.000Z
lesson_id_4270,group_id_12,2023-04-05T16:30:00.000Z
lesson_id_4271,group_id_14,2023-04-05T12:00:00.000Z
lesson_id_4272,group_id_13,2023-04-05T14:00:00.000Z
lesson_id_4273,group_id_1,2023-04-05T12:30:00.000Z
lesson_id_4274,group_id_12,2023-04-05T17:00:00.000Z
lesson_id_4275,group_id_1,2023-04-05T18:30:00.000Z
lesson_id_4276,group_id_11,2023-04-05T10:30:00.000Z
lesson_id_4277,group_id_17,2023-04-06T09:30:00.000Z
lesson_id_4278,group_id_2,2023-04-06T19:30:00.000Z
lesson_id_4279,group_id_16,2023-04-06T15:00:00.000Z
lesson_id_4280,group_id_9,2023-04-06T13:00:00.000Z
lesson_id_4281,group_id_19,2023-04-06T09:30:00.000Z
lesson_id_4282,group_id_20,2023-04-06T19:30:00.000Z
lesson_id_4283,group_id_16,2023-04-06T11:30:00.000Z
lesson_id_4284,group_id_18,2023-04-06T21:00:00.000Z
lesson_id_4285,group_id_2,2023-04-06T14:00:00.000Z
lesson_id_4286,group_id_20,2023-04-06T20:00:00.000Z
lesson_id_4287,group_id_5,2023-04-07T10:30:00.000Z
lesson_id_4288,group_id_4,2023-04-07T09:30:00.000Z
lesson_id_4289,group_id_2,2023-04-07T14:00:00.000Z
lesson_id_4290,group_id_18,2023-04-07T13:00:00.000Z
lesson_id_4291,group_id_20,2023-04-07T20:00:00.000Z
lesson_id_4292,group_id_11,2023-04-07T19:30:00.000Z
lesson_id_4293,group_id_6,2023-04-07T18:30:00.000Z
lesson_id_4294,group_id_17,2023-04-07T09:30:00.000Z
lesson_id_4295,group_id_14,2023-04-07T19:00:00.000Z
lesson_id_4296,group_id_7,2023-04-08T21:00:00.000Z
lesson_id_4297,group_id_9,2023-04-08T10:00:00.000Z
lesson_id_4298,group_id_15,2023-04-08T09:30:00.000Z
lesson_id_4299,group_id_20,2023-04-08T12:30:00.000Z
lesson_id_4300,group_id_6,2023-04-08T19:00:00.000Z
lesson_id_4301,group_id_10,2023-04-08T13:30:00.000Z
lesson_id_4302,group_id_4,2023-04-08T14:30:00.000Z
lesson_id_4303,group_id_19,2023-04-08T20:00:00.000Z
lesson_id_4304,group_id_15,2023-04-09T10:00:00.000Z
lesson_id_4305,group_id_3,2023-04-09T11:00:00.000Z
lesson_id_4306,group_id_6,2023-04-09T14:00:00.000Z
lesson_id_4307,group_id_6,2023-04-09T21:00:00.000Z
lesson_id_4308,group_id_7,2023-04-09T19:30:00.000Z
lesson_id_4309,group_id_15,2023-04-09T10:00:00.000Z
lesson_id_4310,group_id_10,2023-04-09T19:00:00.000Z
lesson_id_4311,group_id_5,2023-04-09T13:00:00.000Z
lesson_id_4312,group_id_13,2023-04-09T20:30:00.000Z
lesson_id_4313,group_id_6,2023-04-09T13:00:00.000Z
lesson_id_4314,group_id_19,2023-04-09T14:30:00.000Z
lesson_id_4315,group_id_8,2023-04-09T12:30:00.000Z
lesson_id_4316,group_id_6,2023-04-10T13:30:00.000Z
lesson_id_4317,group_id_15,2023-04-10T13:00:00.000Z
lesson_id_4318,group_id_16,2023-04-10T14:30:00.000Z
lesson_id_4319,group_id_12,2023-04-10T21:30:00.000Z
lesson_id_4320,group_id_6,2023-04-10T09:30:00.000Z
lesson_id_4321,group_id_5,2023-04-10T17:00:00.000Z
lesson_id_4322,group_id_14,2023-04-10T14:30:00.000Z
lesson_id_4323,group_id_7,2023-04-10T14:30:00.000Z
lesson_id_4324,group_id_3,2023-04-10T17:00:00.000Z
lesson_id_4325,group_id_7,2023-04-11T16:30:00.000Z
lesson_id_4326,group_id_2,2023-04-11T10:00:00.000Z
lesson_id_4327,group_id_16,2023-04-11T11:30:00.000Z
lesson_id_4328,group_id_19,2023-04-11T14:30:00.000Z
lesson_id_4329,group_id_19,2023-04-11T15:00:00.000Z
lesson_id_4330,group_id_11,2023-04-11T20:00:00.000Z
lesson_id_4331,group_id_12,2023-04-11T09:00:00.000Z
lesson_id_4332,group_id_14,2023-04-11T16:30:00.000Z
lesson_id_4333,group_id_11,2023-04-11T19:00:00.000Z
lesson_id_4334,group_id_6,2023-04-11T14:30:00.000Z
lesson_id_4335,group_id_15,2023-04-12T17:00:00.000Z
lesson_id_4336,group_id_1,2023-04-12T16:30:00.000Z
lesson_id_4337,group_id_19,2023-04-12T18:30:00.000Z
lesson_id_4338,group_id_13,2023-04-12T16:00:00.000Z
lesson_id_4339,group_id_9,2023-04-12T20:30:00.000Z
lesson_id_4340,group_id_20,2023-04-12T14:30:00.000Z
lesson_id_4341,group_id_13,2023-04-12T13:00:00.000Z
lesson_id_4342,group_id_8,2023-04-12T21:00:00.000Z
lesson_id_4343,group_id_14,2023-04-12T15:30:00.000Z
lesson_id_4344,group_id_13,2023-04-13T18:00:00.000Z
lesson_id_4345,group_id_6,2023-04-13T17:00:00.000Z
lesson_id_4346,group_id_10,2023-04-13T18:00:00.000Z
lesson_id_4347,group_id_19,2023-04-13T21:00:00.000Z
lesson_id_4348,group_id_5,2023-04-13T19:30:00.000Z
lesson_id_4349,group_id_2,2023-04-13T10:30:00.000Z
lesson_id_4350,group_id_5,2023-04-13T21:30:00.000Z
lesson_id_4351,group_id_15,2023-04-13T15:00:00.000Z
lesson_id_4352,group_id_15,2023-04-13T09:00:00.000Z
lesson_id_4353,group_id_7,2023-04-13T11:30:00.000Z
lesson_id_4354,group_id_10,2023-04-13T10:00:00.000Z
lesson_id_4355,group_id_8,2023-04-13T12:30:00.000Z
lesson_id_4356,group_id_8,2023-04-14T11:30:00.000Z
lesson_id_4357,group_id_1,2023-04-14T16:00:00.000Z
lesson_id_4358,group_id_12,2023-04-14T10:30:00.000Z
lesson_id_4359,group_id_18,2023-04-14T19:30:00.000Z
lesson_id_4360,group_id_7,2023-04-14T16:30:00.000Z
lesson_id_4361,group_id_15,2023-04-14T20:00:00.000Z
lesson_id_4362,group_id_4,2023-04-14T15:00:00.000Z
lesson_id_4363,group_id_11,2023-04-14T21:00:00.000Z
lesson_id_4364,group_id_11,2023-04-15T13:30:00.000Z
lesson_id_4365,group_id_20,2023-04-15T15:00:00.000Z
lesson_id_4366,group_id_12,2023-04-15T16:00:00.000Z
lesson_id_4367,group_id_8,2023-04-15T18:00:00.000Z
lesson_id_4368,group_id_8,2023-04-15T14:30:00.000Z
lesson_id_4369,group_id_11,2023-04-15T17:00:00.000Z
lesson_id_4370,group_id_20,2023-04-15T18:30:00.000Z
lesson_id_4371,group_id_3,2023-04-15T19:00:00.000Z
lesson_id_4372,group_id_5,2023-04-15T16:00:00.000Z
lesson_id_4373,group_id_2,2023-04-15T12:30:00.000Z
lesson_id_4374,group_id_14,2023-04-15T10:30:00.000Z
lesson_id_4375,group_id_6,2023-04-16T15:00:00.000Z
lesson_id_4376,group_id_10,2023-04-16T13:30:00.000Z
lesson_id_4377,group_id_16,2023-04-16T09:30:00.000Z
lesson_id_4378,group_id_14,2023-04-16T11:00:00.000Z
lesson_id_4379,group_id_13,2023-04-16T19:00:00.000Z
lesson_id_4380,group_id_15,2023-04-16T21:00:00.000Z
lesson_id_4381,group_id_12,2023-04-16T19:00:00.000Z
lesson_id_4382,group_id_13,2023-04-16T21:00:00.000Z
lesson_id_4383,group_id_6,2023-04-16T14:00:00.000Z
lesson_id_4384,group_id_19,2023-04-16T17:30:00.000Z
lesson_id_4385,group_id_15,2023-04-16T09:30:00.000Z
lesson_id_4386,group_id_14,2023-04-17T21:00:00.000Z
lesson_id_4387,group_id_10,2023-04-17T15:30:00.000Z
lesson_id_4388,group_id_4,2023-04-17T18:30:00.000Z
lesson_id_4389,group_id_17,2023-04-17T14:30:00.000Z
lesson_id_4390,group_id_11,2023-04-17T17:30:00.000Z
lesson_id_4391,group_id_4,2023-04-17T21:00:00.000Z
lesson_id_4392,group_id_14,2023-04-17T17:30:00.000Z
lesson_id_4393,group_id_3,2023-04-17T11:00:00.000Z
lesson_id_4394,group_id_11,2023-04-17T20:30:00.000Z
lesson_id_4395,group_id_7,2023-04-17T17:30:00.000Z
lesson_id_4396,group_id_14,2023-04-17T09:30:00.000Z
lesson_id_4397,group_id_2,2023-04-18T10:30:00.000Z
lesson_id_4398,group_id_15,2023-04-18T14:00:00.000Z
lesson_id_4399,group_id_20,2023-04-18T19:30:00.000Z
lesson_id_4400,group_id_9,2023-04-18T15:30:00.000Z
lesson_id_4401,group_id_10,2023-04-18T21:00:00.000Z
lesson_id_4402,group_id_18,2023-04-18T13:00:00.000Z
lesson_id_4403,group_id_10,2023-04-18T14:30:00.000Z
lesson_id_4404,group_id_1,2023-04-18T16:30:00.000Z
lesson_id_4405,group_id_10,2023-04-18T19:00:00.000Z
lesson_id_4406,group_id_20,2023-04-18T10:30:00.000Z
lesson_id_4407,group_id_18,2023-04-19T20:30:00.000Z
lesson_id_4408,group_id_8,2023-04-19T11:00:00.000Z
lesson_id_4409,group_id_18,2023-04-19T10:00:00.000Z
lesson_id_4410,group_id_5,2023-04-19T19:30:00.000Z
lesson_id_4411,group_id_14,2023-04-19T13:30:00.000Z
lesson_id_4412,group_id_15,2023-04-19T20:00:00.000Z
lesson_id_4413,group_id_17,2023-04-19T18:30:00.000Z
lesson_id_4414,group_id_2,2023-04-19T10:30:00.000Z
lesson_id_4415,group_id_2,2023-04-20T11:00:00.000Z
lesson_id_4416,group_id_13,2023-04-20T17:00:00.000Z
lesson_id_4417,group_id_11,2023-04-20T19:30:00.000Z
lesson_id_4418,group_id_14,2023-04-20T15:00:00.000Z
lesson_id_4419,group_id_6,2023-04-20T20:30:00.000Z
lesson_id_4420,group_id_3,2023-04-20T15:00:00.000Z
lesson_id_4421,group_id_7,2023-04-20T18:30:00.000Z
lesson_id_4422,group_id_10,2023-04-20T18:00:00.000Z
lesson_id_4423,group_id_2,2023-04-20T14:30:00.000Z
lesson_id_4424,group_id_7,2023-04-20T21:30:00.000Z
lesson_id_4425,group_id_6,2023-04-21T13:00:00.000Z
lesson_id_4426,group_id_20,2023-04-21T15:00:00.000Z
lesson_id_4427,group_id_10,2023-04-21T13:00:00.000Z
lesson_id_4428,group_id_14,2023-04-21T12:00:00.000Z
lesson_id_4429,group_id_14,2023-04-21T19:00:00.000Z
lesson_id_4430,group_id_9,2023-04-21T13:30:00.000Z
lesson_id_4431,group_id_20,2023-04-21T21:30:00.000Z
lesson_id_4432,group_id_4,2023-04-21T12:00:00.000Z
lesson_id_4433,group_id_1,2023-04-21T20:30:00.000Z
lesson_id_4434,group_id_8,2023-04-21T10:30:00.000Z
lesson_id_4435,group_id_15,2023-04-22T18:30:00.000Z
lesson_id_4436,group_id_20,2023-04-22T14:30:00.000Z
lesson_id_4437,group_id_16,2023-04-22T17:00:00.000Z
lesson_id_4438,group_id_11,2023-04-22T14:30:00.000Z
lesson_id_4439,group_id_12,2023-04-22T16:00:00.000Z
lesson_id_4440,group_id_15,2023-04-22T20:30:00.000Z
lesson_id_4441,group_id_7,2023-04-22T17:00:00.000Z
lesson_id_4442,group_id_13,2023-04-22T13:30:00.000Z
lesson_id_4443,group_id_2,2023-04-22T19:00:00.000Z
lesson_id_4444,group_id_16,2023-04-22T17:30:00.000Z
lesson_id_4445,group_id_3,2023-04-22T12:30:00.000Z
lesson_id_4446,group_id_10,2023-04-22T13:30:00.000Z
lesson_id_4447,group_id_15,2023-04-23T09:00:00.000Z
lesson_id_4448,group_id_20,2023-04-23T18:00:00.000Z
lesson_id_4449,group_id_20,2023-04-23T14:30:00.000Z
lesson_id_4450,group_id_14,2023-04-23T21:00:00.000Z
lesson_id_4451,group_id_10,2023-04-23T17:30:00.000Z
lesson_id_4452,group_id_8,2023-04-23T15:00:00.000Z
lesson_id_4453,group_id_13,2023-04-23T18:00:00.000Z
lesson_id_4454,group_id_4,2023-04-23T15:00:00.000Z
lesson_id_4455,group_id_7,2023-04-23T10:30:00.000Z
lesson_id_4456,group_id_6,2023-04-23T11:30:00.000Z
lesson_id_4457,group_id_18,2023-04-23T15:30:00.000Z
lesson_id_4458,group_id_14,2023-04-24T18:30:00.000Z
lesson_id_4459,group_id_11,2023-04-24T21:30:00.000Z
lesson_id_4460,group_id_4,2023-04-24T19:30:00.000Z
lesson_id_4461,group_id_17,2023-04-24T17:30:00.000Z
lesson_id_4462,group_id_8,2023-04-24T15:30:00.000Z
lesson_id_4463,group_id_15,2023-04-24T13:30:00.000Z
lesson_id_4464,group_id_6,2023-04-24T11:30:00.000Z
lesson_id_4465,group_id_10,2023-04-24T09:30:00.000Z
lesson_id_4466,group_id_15,2023-04-24T19:00:00.000Z
lesson_id_4467,group_id_13,2023-04-25T18:30:00.000Z
lesson_id_4468,group_id_14,2023-04-25T15:00:00.000Z
lesson_id_4469,group_id_1,2023-04-25T18:00:00.000Z
lesson_id_4470,group_id_5,2023-04-25T18:00:00.000Z
lesson_id_4471,group_id_20,2023-04-25T18:30:00.000Z
lesson_id_4472,group_id_1,2023-04-25T14:00:00.000Z
lesson_id_4473,group_id_6,2023-04-25T18:30:00.000Z
lesson_id_4474,group_id_3,2023-04-25T14:00:00.000Z
lesson_id_4475,group_id_13,2023-04-26T17:00:00.000Z
lesson_id_4476,group_id_6,2023-04-26T16:30:00.000Z
lesson_id_4477,group_id_8,2023-04-26T11:30:00.000Z
lesson_id_4478,group_id_7,2023-04-26T14:00:00.000Z
lesson_id_4479,group_id_10,2023-04-26T10:00:00.000Z
lesson_id_4480,group_id_7,2023-04-26T18:30:00.000Z
lesson_id_4481,group_id_15,2023-04-26T12:30:00.000Z
lesson_id_4482,group_id_8,2023-04-26T21:00:00.000Z
lesson_id_4483,group_id_15,2023-04-26T17:00:00.000Z
lesson_id_4484,group_id_20,2023-04-26T14:00:00.000Z
lesson_id_4485,group_id_8,2023-04-26T16:00:00.000Z
lesson_id_4486,group_id_1,2023-04-26T20:00:00.000Z
lesson_id_4487,group_id_17,2023-04-27T16:30:00.000Z
lesson_id_4488,group_id_3,2023-04-27T21:30:00.000Z
lesson_id_4489,group_id_9,2023-04-27T20:00:00.000Z
lesson_id_4490,group_id_20,2023-04-27T19:00:00.000Z
lesson_id_4491,group_id_15,2023-04-27T16:00:00.000Z
lesson_id_4492,group_id_10,2023-04-27T21:30:00.000Z
lesson_id_4493,group_id_2,2023-04-27T14:30:00.000Z
lesson_id_4494,group_id_17,2023-04-27T19:30:00.000Z
lesson_id_4495,group_id_14,2023-04-27T21:00:00.000Z
lesson_id_4496,group_id_4,2023-04-27T11:30:00.000Z
lesson_id_4497,group_id_19,2023-04-27T21:00:00.000Z
lesson_id_4498,group_id_12,2023-04-28T15:30:00.000Z
lesson_id_4499,group_id_5,2023-04-28T12:30:00.000Z
lesson_id_4500,group_id_7,2023-04-28T13:00:00.000Z
lesson_id_4501,group_id_11,2023-04-28T19:00:00.000Z
lesson_id_4502,group_id_15,2023-04-28T20:30:00.000Z
lesson_id_4503,group_id_8,2023-04-28T21:30:00.000Z
lesson_id_4504,group_id_11,2023-04-28T13:30:00.000Z
lesson_id_4505,group_id_11,2023-04-28T21:30:00.000Z
lesson_id_4506,group_id_9,2023-04-28T18:30:00.000Z
lesson_id_4507,group_id_2,2023-04-29T21:00:00.000Z
lesson_id_4508,group_id_5,2023-04-29T17:30:00.000Z
lesson_id_4509,group_id_1,2023-04-29T12:30:00.000Z
lesson_id_4510,group_id_19,2023-04-29T14:30:00.000Z
lesson_id_4511,group_id_10,2023-04-29T20:00:00.000Z
lesson_id_4512,group_id_19,2023-04-29T19:30:00.000Z
lesson_id_4513,group_id_16,2023-04-29T20:30:00.000Z
lesson_id_4514,group_id_10,2023-04-29T11:00:00.000Z
lesson_id_4515,group_id_5,2023-04-29T18:30:00.000Z
lesson_id_4516,group_id_13,2023-04-29T13:00:00.000Z
lesson_id_4517,group_id_1,2023-04-29T12:30:00.000Z
lesson_id_4518,group_id_5,2023-04-29T18:00:00.000Z
lesson_id_4519,group_id_12,2023-04-30T20:30:00.000Z
lesson_id_4520,group_id_16,2023-04-30T18:00:00.000Z
lesson_id_4521,group_id_12,2023-04-30T19:00:00.000Z
lesson_id_4522,group_id_19,2023-04-30T17:30:00.000Z
lesson_id_4523,group_id_17,2023-04-30T14:30:00.000Z
lesson_id_4524,group_id_16,2023-04-30T19:00:00.000Z
lesson_id_4525,group_id_17,2023-04-30T16:00:00.000Z
lesson_id_4526,group_id_16,2023-04-30T15:00:00.000Z
lesson_id_4527,group_id_3,2023-04-30T14:00:00.000Z
lesson_id_4528,group_id_10,2023-04-30T12:00:00.000Z
lesson_id_4529,group_id_9,2023-05-01T18:00:00.000Z
lesson_id_4530,group_id_7,2023-05-01T14:30:00.000Z
lesson_id_4531,group_id_15,2023-05-01T18:00:00.000Z
lesson_id_4532,group_id_17,2023-05-01T12:00:00.000Z
lesson_id_4533,group_id_12,2023-05-01T19:00:00.000Z
lesson_id_4534,group_id_13,2023-05-01T19:00:00.000Z
lesson_id_4535,group_id_11,2023-05-01T17:00:00.000Z
lesson_id_4536,group_id_9,2023-05-01T17:00:00.000Z
lesson_id_4537,group_id_15,2023-05-02T18:00:00.000Z
lesson_id_4538,group_id_8,2023-05-02T13:00:00.000Z
lesson_id_4539,group_id_8,2023-05-02T12:30:00.000Z
lesson_id_4540,group_id_6,2023-05-02T09:30:00.000Z
lesson_id_4541,group_id_18,2023-05-02T13:00:00.000Z
lesson_id_4542,group_id_7,2023-05-02T20:00:00.000Z
lesson_id_4543,group_id_5,2023-05-02T17:30:00.000Z
lesson_id_4544,group_id_7,2023-05-03T12:00:00.000Z
lesson_id_4545,group_id_19,2023-05-03T21:30:00.000Z
lesson_id_4546,group_id_15,2023-05-03T10:00:00.000Z
lesson_id_4547,group_id_11,2023-05-03T21:00:00.000Z
lesson_id_4548,group_id_7,2023-05-03T16:00:00.000Z
lesson_id_4549,group_id_15,2023-05-03T10:30:00.000Z
lesson_id_4550,group_id_7,2023-05-03T10:00:00.000Z
lesson_id_4551,group_id_16,2023-05-04T13:00:00.000Z
lesson_id_4552,group_id_19,2023-05-04T15:00:00.000Z
lesson_id_4553,group_id_15,2023-05-04T21:00:00.000Z
lesson_id_4554,group_id_19,2023-05-04T21:30:00.000Z
lesson_id_4555,group_id_1,2023-05-04T13:30:00.000Z
lesson_id_4556,group_id_20,2023-05-04T13:30:00.000Z
lesson_id_4557,group_id_6,2023-05-04T14:30:00.000Z
lesson_id_4558,group_id_17,2023-05-04T13:30:00.000Z
lesson_id_4559,group_id_9,2023-05-04T17:00:00.000Z
lesson_id_4560,group_id_11,2023-05-04T13:30:00.000Z
lesson_id_4561,group_id_15,2023-05-04T10:00:00.000Z
lesson_id_4562,group_id_1,2023-05-05T14:30:00.000Z
lesson_id_4563,group_id_16,2023-05-05T11:00:00.000Z
lesson_id_4564,group_id_3,2023-05-05T21:30:00.000Z
lesson_id_4565,group_id_10,2023-05-05T10:30:00.000Z
lesson_id_4566,group_id_11,2023-05-05T19:00:00.000Z
lesson_id_4567,group_id_7,2023-05-05T21:00:00.000Z
lesson_id_4568,group_id_8,2023-05-05T12:30:00.000Z
lesson_id_4569,group_id_17,2023-05-05T13:30:00.000Z
lesson_id_4570,group_id_17,2023-05-05T16:00:00.000Z
lesson_id_4571,group_id_10,2023-05-05T18:00:00.000Z
lesson_id_4572,group_id_5,2023-05-06T14:00:00.000Z
lesson_id_4573,group_id_7,2023-05-06T21:30:00.000Z
lesson_id_4574,group_id_6,2023-05-06T11:00:00.000Z
lesson_id_4575,group_id_11,2023-05-06T17:30:00.000Z
lesson_id_4576,group_id_20,2023-05-06T21:30:00.000Z
lesson_id_4577,group_id_9,2023-05-06T12:30:00.000Z
lesson_id_4578,group_id_16,2023-05-06T13:30:00.000Z
lesson_id_4579,group_id_5,2023-05-06T13:30:00.000Z
lesson_id_4580,group_id_12,2023-05-06T20:30:00.000Z
lesson_id_4581,group_id_15,2023-05-06T13:30:00.000Z
lesson_id_4582,group_id_19,2023-05-06T15:30:00.000Z
lesson_id_4583,group_id_13,2023-05-07T09:30:00.000Z
lesson_id_4584,group_id_12,2023-05-07T19:00:00.000Z
lesson_id_4585,group_id_15,2023-05-07T21:30:00.000Z
lesson_id_4586,group_id_1,2023-05-07T20:00:00.000Z
lesson_id_4587,group_id_7,2023-05-07T19:30:00.000Z
lesson_id_4588,group_id_10,2023-05-07T14:00:00.000Z
lesson_id_4589,group_id_11,2023-05-07T15:30:00.000Z
lesson_id_4590,group_id_18,2023-05-08T17:00:00.000Z
lesson_id_4591,group_id_7,2023-05-08T18:30:00.000Z
lesson_id_4592,group_id_9,2023-05-08T10:00:00.000Z
lesson_id_4593,group_id_8,2023-05-08T11:30:00.000Z
lesson_id_4594,group_id_16,2023-05-08T20:30:00.000Z
lesson_id_4595,group_id_2,2023-05-08T21:30:00.000Z
lesson_id_4596,group_id_16,2023-05-08T12:30:00.000Z
lesson_id_4597,group_id_20,2023-05-08T18:30:00.000Z
lesson_id_4598,group_id_2,2023-05-08T10:00:00.000Z
lesson_id_4599,group_id_9,2023-05-09T17:30:00.000Z
lesson_id_4600,group_id_15,2023-05-09T13:00:00.000Z
lesson_id_4601,group_id_16,2023-05-09T11:00:00.000Z
lesson_id_4602,group_id_11,2023-05-09T21:30:00.000Z
lesson_id_4603,group_id_5,2023-05-09T11:30:00.000Z
lesson_id_4604,group_id_19,2023-05-09T12:00:00.000Z
lesson_id_4605,group_id_15,2023-05-09T12:30:00.000Z
lesson_id_4606,group_id_19,2023-05-09T17:30:00.000Z
lesson_id_4607,group_id_18,2023-05-09T17:30:00.000Z
lesson_id_4608,group_id_5,2023-05-10T21:00:00.000Z
lesson_id_4609,group_id_11,2023-05-10T14:30:00.000Z
lesson_id_4610,group_id_7,2023-05-10T11:30:00.000Z
lesson_id_4611,group_id_15,2023-05-10T12:30:00.000Z
lesson_id_4612,group_id_12,2023-05-10T14:00:00.000Z
lesson_id_4613,group_id_9,2023-05-10T13:00:00.000Z
lesson_id_4614,group_id_5,2023-05-10T10:30:00.000Z
lesson_id_4615,group_id_13,2023-05-11T21:30:00.000Z
lesson_id_4616,group_id_2,2023-05-11T17:00:00.000Z
lesson_id_4617,group_id_17,2023-05-11T14:00:00.000Z
lesson_id_4618,group_id_19,2023-05-11T15:00:00.000Z
lesson_id_4619,group_id_17,2023-05-11T21:30:00.000Z
lesson_id_4620,group_id_18,2023-05-11T16:30:00.000Z
lesson_id_4621,group_id_19,2023-05-11T14:00:00.000Z
lesson_id_4622,group_id_3,2023-05-11T18:00:00.000Z
lesson_id_4623,group_id_18,2023-05-11T21:00:00.000Z
lesson_id_4624,group_id_18,2023-05-11T11:00:00.000Z
lesson_id_4625,group_id_15,2023-05-12T18:00:00.000Z
lesson_id_4626,group_id_3,2023-05-12T21:30:00.000Z
lesson_id_4627,group_id_9,2023-05-12T16:30:00.000Z
lesson_id_4628,group_id_5,2023-05-12T19:30:00.000Z
lesson_id_4629,group_id_3,2023-05-12T11:30:00.000Z
lesson_id_4630,group_id_15,2023-05-12T17:30:00.000Z
lesson_id_4631,group_id_1,2023-05-12T15:30:00.000Z
lesson_id_4632,group_id_1,2023-05-12T18:30:00.000Z
lesson_id_4633,group_id_1,2023-05-12T09:00:00.000Z
lesson_id_4634,group_id_11,2023-05-12T15:00:00.000Z
lesson_id_4635,group_id_9,2023-05-12T12:30:00.000Z
lesson_id_4636,group_id_15,2023-05-13T19:00:00.000Z
lesson_id_4637,group_id_19,2023-05-13T14:00:00.000Z
lesson_id_4638,group_id_7,2023-05-13T21:00:00.000Z
lesson_id_4639,group_id_7,2023-05-13T13:00:00.000Z
lesson_id_4640,group_id_4,2023-05-13T09:00:00.000Z
lesson_id_4641,group_id_5,2023-05-13T17:30:00.000Z
lesson_id_4642,group_id_3,2023-05-13T14:30:00.000Z
lesson_id_4643,group_id_8,2023-05-13T19:00:00.000Z
lesson_id_4644,group_id_7,2023-05-13T13:00:00.000Z
lesson_id_4645,group_id_14,2023-05-13T13:00:00.000Z
lesson_id_4646,group_id_7,2023-05-13T21:30:00.000Z
lesson_id_4647,group_id_5,2023-05-14T16:00:00.000Z
lesson_id_4648,group_id_13,2023-05-14T09:30:00.000Z
lesson_id_4649,group_id_7,2023-05-14T15:00:00.000Z
lesson_id_4650,group_id_15,2023-05-14T16:30:00.000Z
lesson_id_4651,group_id_7,2023-05-14T12:30:00.000Z
lesson_id_4652,group_id_19,2023-05-14T10:00:00.000Z
lesson_id_4653,group_id_6,2023-05-14T17:00:00.000Z
lesson_id_4654,group_id_7,2023-05-15T10:30:00.000Z
lesson_id_4655,group_id_20,2023-05-15T14:30:00.000Z
lesson_id_4656,group_id_14,2023-05-15T12:00:00.000Z
lesson_id_4657,group_id_3,2023-05-15T21:30:00.000Z
lesson_id_4658,group_id_16,2023-05-15T13:00:00.000Z
lesson_id_4659,group_id_15,2023-05-15T09:00:00.000Z
lesson_id_4660,group_id_13,2023-05-15T21:30:00.000Z
lesson_id_4661,group_id_13,2023-05-15T10:30:00.000Z
lesson_id_4662,group_id_10,2023-05-16T10:30:00.000Z
lesson_id_4663,group_id_10,2023-05-16T12:00:00.000Z
lesson_id_4664,group_id_13,2023-05-16T16:00:00.000Z
lesson_id_4665,group_id_9,2023-05-16T20:30:00.000Z
lesson_id_4666,group_id_2,2023-05-16T11:00:00.000Z
lesson_id_4667,group_id_6,2023-05-16T18:00:00.000Z
lesson_id_4668,group_id_5,2023-05-16T17:00:00.000Z
lesson_id_4669,group_id_5,2023-05-16T20:30:00.000Z
lesson_id_4670,group_id_2,2023-05-16T09:00:00.000Z
lesson_id_4671,group_id_12,2023-05-17T18:30:00.000Z
lesson_id_4672,group_id_6,2023-05-17T15:00:00.000Z
lesson_id_4673,group_id_6,2023-05-17T17:00:00.000Z
lesson_id_4674,group_id_6,2023-05-17T14:00:00.000Z
lesson_id_4675,group_id_6,2023-05-17T09:30:00.000Z
lesson_id_4676,group_id_7,2023-05-17T13:30:00.000Z
lesson_id_4677,group_id_12,2023-05-17T13:30:00.000Z
lesson_id_4678,group_id_1,2023-05-17T21:00:00.000Z
lesson_id_4679,group_id_11,2023-05-17T09:30:00.000Z
lesson_id_4680,group_id_5,2023-05-18T15:00:00.000Z
lesson_id_4681,group_id_18,2023-05-18T15:00:00.000Z
lesson_id_4682,group_id_6,2023-05-18T10:00:00.000Z
lesson_id_4683,group_id_12,2023-05-18T12:00:00.000Z
lesson_id_4684,group_id_14,2023-05-18T10:00:00.000Z
lesson_id_4685,group_id_16,2023-05-18T16:30:00.000Z
lesson_id_4686,group_id_18,2023-05-18T16:00:00.000Z
lesson_id_4687,group_id_1,2023-05-19T13:30:00.000Z
lesson_id_4688,group_id_16,2023-05-19T13:00:00.000Z
lesson_id_4689,group_id_11,2023-05-19T19:30:00.000Z
lesson_id_4690,group_id_20,2023-05-19T19:00:00.000Z
lesson_id_4691,group_id_16,2023-05-19T16:00:00.000Z
lesson_id_4692,group_id_5,2023-05-19T12:00:00.000Z
lesson_id_4693,group_id_5,2023-05-19T12:00:00.000Z
lesson_id_4694,group_id_4,2023-05-19T20:30:00.000Z
lesson_id_4695,group_id_10,2023-05-19T18:00:00.000Z
lesson_id_4696,group_id_8,2023-05-19T12:30:00.000Z
lesson_id_4697,group_id_6,2023-05-19T20:30:00.000Z
lesson_id_4698,group_id_15,2023-05-20T19:30:00.000Z
lesson_id_4699,group_id_5,2023-05-20T14:30:00.000Z
lesson_id_4700,group_id_12,2023-05-20T19:00:00.000Z
lesson_id_4701,group_id_19,2023-05-20T20:00:00.000Z
lesson_id_4702,group_id_13,2023-05-20T19:00:00.000Z
lesson_id_4703,group_id_7,2023-05-20T11:00:00.000Z
lesson_id_4704,group_id_5,2023-05-20T19:00:00.000Z
lesson_id_4705,group_id_8,2023-05-20T11:30:00.000Z
lesson_id_4706,group_id_11,2023-05-20T09:30:00.000Z
lesson_id_4707,group_id_12,2023-05-21T12:30:00.000Z
lesson_id_4708,group_id_15,2023-05-21T12:30:00.000Z
lesson_id_4709,group_id_20,2023-05-21T13:30:00.000Z
lesson_id_4710,group_id_4,2023-05-21T20:30:00.000Z
lesson_id_4711,group_id_17,2023-05-21T14:30:00.000Z
lesson_id_4712,group_id_6,2023-05-21T13:30:00.000Z
lesson_id_4713,group_id_16,2023-05-21T21:30:00.000Z
lesson_id_4714,group_id_4,2023-05-21T19:30:00.000Z
lesson_id_4715,group_id_17,2023-05-21T13:00:00.000Z
lesson_id_4716,group_id_12,2023-05-21T15:00:00.000Z
lesson_id_4717,group_id_5,2023-05-22T10:00:00.000Z
lesson_id_4718,group_id_15,2023-05-22T10:00:00.000Z
lesson_id_4719,group_id_18,2023-05-22T20:30:00.000Z
lesson_id_4720,group_id_5,2023-05-22T14:30:00.000Z
lesson_id_4721,group_id_15,2023-05-22T15:00:00.000Z
lesson_id_4722,group_id_17,2023-05-22T11:30:00.000Z
lesson_id_4723,group_id_17,2023-05-22T12:00:00.000Z
lesson_id_4724,group_id_8,2023-05-22T21:00:00.000Z
lesson_id_4725,group_id_7,2023-05-22T20:30:00.000Z
lesson_id_4726,group_id_17,2023-05-22T18:00:00.000Z
lesson_id_4727,group_id_19,2023-05-22T17:00:00.000Z
lesson_id_4728,group_id_12,2023-05-23T17:00:00.000Z
lesson_id_4729,group_id_17,2023-05-23T11:30:00.000Z
lesson_id_4730,group_id_6,2023-05-23T10:00:00.000Z
lesson_id_4731,group_id_20,2023-05-23T12:00:00.000Z
lesson_id_4732,group_id_18,2023-05-23T18:30:00.000Z
lesson_id_4733,group_id_7,2023-05-23T13:00:00.000Z
lesson_id_4734,group_id_13,2023-05-23T13:30:00.000Z
lesson_id_4735,group_id_17,2023-05-23T15:30:00.000Z
lesson_id_4736,group_id_15,2023-05-23T14:00:00.000Z
lesson_id_4737,group_id_10,2023-05-23T09:00:00.000Z
lesson_id_4738,group_id_9,2023-05-23T20:30:00.000Z
lesson_id_4739,group_id_20,2023-05-24T18:00:00.000Z
lesson_id_4740,group_id_2,2023-05-24T21:30:00.000Z
lesson_id_4741,group_id_5,2023-05-24T11:30:00.000Z
lesson_id_4742,group_id_6,2023-05-24T21:00:00.000Z
lesson_id_4743,group_id_13,2023-05-24T21:00:00.000Z
lesson_id_4744,group_id_14,2023-05-24T15:00:00.000Z
lesson_id_4745,group_id_8,2023-05-24T14:00:00.000Z
lesson_id_4746,group_id_8,2023-05-24T13:00:00.000Z
lesson_id_4747,group_id_4,2023-05-25T20:00:00.000Z
lesson_id_4748,group_id_7,2023-05-25T16:00:00.000Z
lesson_id_4749,group_id_9,2023-05-25T21:30:00.000Z
lesson_id_4750,group_id_1,2023-05-25T19:00:00.000Z
lesson_id_4751,group_id_17,2023-05-25T13:00:00.000Z
lesson_id_4752,group_id_20,2023-05-25T16:00:00.000Z
lesson_id_4753,group_id_15,2023-05-25T13:00:00.000Z
lesson_id_4754,group_id_18,2023-05-25T20:30:00.000Z
lesson_id_4755,group_id_5,2023-05-25T10:30:00.000Z
lesson_id_4756,group_id_9,2023-05-25T09:30:00.000Z
lesson_id_4757,group_id_4,2023-05-26T19:30:00.000Z
lesson_id_4758,group_id_14,2023-05-26T18:00:00.000Z
lesson_id_4759,group_id_16,2023-05-26T21:30:00.000Z
lesson_id_4760,group_id_8,2023-05-26T17:00:00.000Z
lesson_id_4761,group_id_3,2023-05-26T20:30:00.000Z
lesson_id_4762,group_id_8,2023-05-26T19:30:00.000Z
lesson_id_4763,group_id_14,2023-05-26T15:00:00.000Z
lesson_id_4764,group_id_4,2023-05-26T21:30:00.000Z
lesson_id_4765,group_id_9,2023-05-26T13:30:00.000Z
lesson_id_4766,group_id_9,2023-05-27T14:00:00.000Z
lesson_id_4767,group_id_1,2023-05-27T10:30:00.000Z
lesson_id_4768,group_id_8,2023-05-27T18:30:00.000Z
lesson_id_4769,group_id_8,2023-05-27T18:30:00.000Z
lesson_id_4770,group_id_9,2023-05-27T10:30:00.000Z
lesson_id_4771,group_id_18,2023-05-27T18:30:00.000Z
lesson_id_4772,group_id_20,2023-05-27T17:30:00.000Z
lesson_id_4773,group_id_2,2023-05-27T18:00:00.000Z
lesson_id_4774,group_id_19,2023-05-27T21:00:00.000Z
lesson_id_4775,group_id_19,2023-05-27T10:00:00.000Z
lesson_id_4776,group_id_12,2023-05-28T18:30:00.000Z
lesson_id_4777,group_id_13,2023-05-28T20:00:00.000Z
lesson_id_4778,group_id_12,2023-05-28T19:30:00.000Z
lesson_id_4779,group_id_15,2023-05-28T18:00:00.000Z
lesson_id_4780,group_id_13,2023-05-28T21:30:00.000Z
lesson_id_4781,group_id_1,2023-05-28T12:00:00.000Z
lesson_id_4782,group_id_1,2023-05-28T19:30:00.000Z
lesson_id_4783,group_id_4,2023-05-28T13:30:00.000Z
lesson_id_4784,group_id_15,2023-05-29T13:30:00.000Z
lesson_id_4785,group_id_12,2023-05-29T14:00:00.000Z
lesson_id_4786,group_id_9,2023-05-29T16:00:00.000Z
lesson_id_4787,group_id_11,2023-05-29T16:30:00.000Z
lesson_id_4788,group_id_6,2023-05-29T12:30:00.000Z
lesson_id_4789,group_id_13,2023-05-29T21:30:00.000Z
lesson_id_4790,group_id_6,2023-05-29T16:00:00.000Z
lesson_id_4791,group_id_12,2023-05-30T18:00:00.000Z
lesson_id_4792,group_id_11,2023-05-30T13:00:00.000Z
lesson_id_4793,group_id_3,2023-05-30T19:30:00.000Z
lesson_id_4794,group_id_11,2023-05-30T18:30:00.000Z
lesson_id_4795,group_id_6,2023-05-30T21:30:00.000Z
lesson_id_4796,group_id_7,2023-05-30T13:30:00.000Z
lesson_id_4797,group_id_12,2023-05-30T14:30:00.000Z
lesson_id_4798,group_id_12,2023-05-30T21:00:00.000Z
lesson_id_4799,group_id_6,2023-05-30T14:00:00.000Z
lesson_id_4800,group_id_7,2023-05-31T18:30:00.000Z
lesson_id_4801,group_id_17,2023-05-31T20:30:00.000Z
lesson_id_4802,group_id_18,2023-05-31T17:00:00.000Z
lesson_id_4803,group_id_13,2023-05-31T18:00:00.000Z
lesson_id_4804,group_id_7,2023-05-31T10:00:00.000Z
lesson_id_4805,group_id_20,2023-05-31T19:30:00.000Z
lesson_id_4806,group_id_9,2023-05-31T11:30:00.000Z
lesson_id_4807,group_id_12,2023-06-01T15:00:00.000Z
lesson_id_4808,group_id_13,2023-06-01T10:30:00.000Z
lesson_id_4809,group_id_20,2023-06-01T18:00:00.000Z
lesson_id_4810,group_id_11,2023-06-01T12:30:00.000Z
lesson_id_4811,group_id_2,2023-06-01T12:00:00.000Z
lesson_id_4812,group_id_9,2023-06-01T09:30:00.000Z
lesson_id_4813,group_id_8,2023-06-02T12:00:00.000Z
lesson_id_4814,group_id_15,2023-06-02T19:00:00.000Z
lesson_id_4815,group_id_5,2023-06-02T09:30:00.000Z
lesson_id_4816,group_id_1,2023-06-03T18:30:00.000Z
lesson_id_4817,group_id_15,2023-06-03T15:00:00.000Z
lesson_id_4818,group_id_14,2023-06-03T11:30:00.000Z
lesson_id_4819,group_id_13,2023-06-04T20:30:00.000Z
lesson_id_4820,group_id_12,2023-06-04T21:30:00.000Z
lesson_id_4821,group_id_14,2023-06-04T14:30:00.000Z
lesson_id_4822,group_id_8,2023-06-04T14:30:00.000Z
lesson_id_4823,group_id_3,2023-06-04T20:00:00.000Z
lesson_id_4824,group_id_11,2023-06-04T20:00:00.000Z
lesson_id_4825,group_id_19,2023-06-05T11:00:00.000Z
lesson_id_4826,group_id_17,2023-06-05T20:30:00.000Z
lesson_id_4827,group_id_18,2023-06-05T14:00:00.000Z
lesson_id_4828,group_id_20,2023-06-05T12:30:00.000Z
lesson_id_4829,group_id_18,2023-06-05T12:30:00.000Z
lesson_id_4830,group_id_9,2023-06-05T18:00:00.000Z
lesson_id_4831,group_id_20,2023-06-06T16:30:00.000Z
lesson_id_4832,group_id_19,2023-06-06T15:00:00.000Z
lesson_id_4833,group_id_6,2023-06-06T09:30:00.000Z
lesson_id_4834,group_id_18,2023-06-06T19:00:00.000Z
lesson_id_4835,group_id_12,2023-06-06T16:00:00.000Z
lesson_id_4836,group_id_12,2023-06-07T10:30:00.000Z
lesson_id_4837,group_id_19,2023-06-07T13:00:00.000Z
lesson_id_4838,group_id_16,2023-06-08T15:00:00.000Z
lesson_id_4839,group_id_13,2023-06-08T12:30:00.000Z
lesson_id_4840,group_id_10,2023-06-08T17:30:00.000Z
lesson_id_4841,group_id_11,2023-06-08T12:30:00.000Z
lesson_id_4842,group_id_5,2023-06-08T21:30:00.000Z
lesson_id_4843,group_id_1,2023-06-08T18:00:00.000Z
lesson_id_4844,group_id_19,2023-06-09T10:00:00.000Z
lesson_id_4845,group_id_20,2023-06-09T10:30:00.000Z
lesson_id_4846,group_id_6,2023-06-09T20:00:00.000Z
lesson_id_4847,group_id_8,2023-06-09T18:00:00.000Z
lesson_id_4848,group_id_1,2023-06-10T19:30:00.000Z
lesson_id_4849,group_id_4,2023-06-10T14:00:00.000Z
lesson_id_4850,group_id_4,2023-06-10T15:30:00.000Z
lesson_id_4851,group_id_13,2023-06-11T20:30:00.000Z
lesson_id_4852,group_id_5,2023-06-11T14:00:00.000Z
lesson_id_4853,group_id_4,2023-06-11T13:30:00.000Z
lesson_id_4854,group_id_6,2023-06-11T20:30:00.000Z
lesson_id_4855,group_id_9,2023-06-11T16:00:00.000Z
lesson_id_4856,group_id_9,2023-06-12T15:00:00.000Z
lesson_id_4857,group_id_8,2023-06-12T14:00:00.000Z
lesson_id_4858,group_id_11,2023-06-12T16:00:00.000Z
lesson_id_4859,group_id_9,2023-06-13T09:00:00.000Z
lesson_id_4860,group_id_18,2023-06-13T09:30:00.000Z
lesson_id_4861,group_id_4,2023-06-13T11:00:00.000Z
lesson_id_4862,group_id_17,2023-06-13T09:00:00.000Z
lesson_id_4863,group_id_11,2023-06-13T15:30:00.000Z
lesson_id_4864,group_id_1,2023-06-13T21:30:00.000Z
lesson_id_4865,group_id_6,2023-06-14T12:30:00.000Z
lesson_id_4866,group_id_6,2023-06-14T17:00:00.000Z
lesson_id_4867,group_id_4,2023-06-15T19:00:00.000Z
lesson_id_4868,group_id_20,2023-06-15T14:00:00.000Z
lesson_id_4869,group_id_15,2023-06-15T20:00:00.000Z
lesson_id_4870,group_id_17,2023-06-15T11:30:00.000Z
lesson_id_4871,group_id_20,2023-06-16T09:00:00.000Z
lesson_id_4872,group_id_10,2023-06-16T13:00:00.000Z
lesson_id_4873,group_id_6,2023-06-17T18:00:00.000Z
lesson_id_4874,group_id_4,2023-06-17T16:00:00.000Z
lesson_id_4875,group_id_20,2023-06-17T11:30:00.000Z
lesson_id_4876,group_id_15,2023-06-17T19:30:00.000Z
lesson_id_4877,group_id_4,2023-06-18T19:00:00.000Z
lesson_id_4878,group_id_11,2023-06-18T12:30:00.000Z
lesson_id_4879,group_id_5,2023-06-18T12:30:00.000Z
lesson_id_4880,group_id_7,2023-06-18T21:30:00.000Z
lesson_id_4881,group_id_2,2023-06-18T14:00:00.000Z
lesson_id_4882,group_id_19,2023-06-19T10:00:00.000Z
lesson_id_4883,group_id_11,2023-06-19T17:30:00.000Z
lesson_id_4884,group_id_18,2023-06-19T19:00:00.000Z
lesson_id_4885,group_id_10,2023-06-19T14:00:00.000Z
lesson_id_4886,group_id_15,2023-06-19T21:00:00.000Z
lesson_id_4887,group_id_14,2023-06-20T15:30:00.000Z
lesson_id_4888,group_id_13,2023-06-20T10:30:00.000Z
lesson_id_4889,group_id_1,2023-06-20T16:00:00.000Z
lesson_id_4890,group_id_11,2023-06-20T17:30:00.000Z
lesson_id_4891,group_id_13,2023-06-21T13:30:00.000Z
lesson_id_4892,group_id_10,2023-06-21T21:00:00.000Z
lesson_id_4893,group_id_17,2023-06-21T09:00:00.000Z
lesson_id_4894,group_id_3,2023-06-21T13:00:00.000Z
lesson_id_4895,group_id_11,2023-06-21T20:00:00.000Z
lesson_id_4896,group_id_18,2023-06-21T09:00:00.000Z
lesson_id_4897,group_id_13,2023-06-22T12:30:00.000Z
lesson_id_4898,group_id_18,2023-06-22T09:30:00.000Z
lesson_id_4899,group_id_17,2023-06-22T17:00:00.000Z
lesson_id_4900,group_id_17,2023-06-22T14:00:00.000Z
lesson_id_4901,group_id_4,2023-06-23T16:00:00.000Z
lesson_id_4902,group_id_8,2023-06-23T20:30:00.000Z
lesson_id_4903,group_id_3,2023-06-23T20:00:00.000Z
lesson_id_4904,group_id_7,2023-06-24T18:00:00.000Z
lesson_id_4905,group_id_2,2023-06-24T15:00:00.000Z
lesson_id_4906,group_id_4,2023-06-24T13:00:00.000Z
lesson_id_4907,group_id_8,2023-06-24T19:30:00.000Z
lesson_id_4908,group_id_6,2023-06-24T15:00:00.000Z
lesson_id_4909,group_id_13,2023-06-25T09:00:00.000Z
lesson_id_4910,group_id_5,2023-06-25T18:00:00.000Z
lesson_id_4911,group_id_20,2023-06-25T19:30:00.000Z
lesson_id_4912,group_id_14,2023-06-25T19:30:00.000Z
lesson_id_4913,group_id_9,2023-06-26T15:00:00.000Z
lesson_id_4914,group_id_14,2023-06-26T15:30:00.000Z
lesson_id_4915,group_id_9,2023-06-26T12:30:00.000Z
lesson_id_4916,group_id_20,2023-06-27T09:30:00.000Z
lesson_id_4917,group_id_2,2023-06-27T20:30:00.000Z
lesson_id_4918,group_id_5,2023-06-27T19:00:00.000Z
lesson_id_4919,group_id_3,2023-06-27T19:00:00.000Z
lesson_id_4920,group_id_6,2023-06-28T21:30:00.000Z
lesson_id_4921,group_id_3,2023-06-28T11:30:00.000Z
lesson_id_4922,group_id_9,2023-06-29T19:30:00.000Z
lesson_id_4923,group_id_10,2023-06-29T17:30:00.000Z
lesson_id_4924,group_id_10,2023-06-29T18:30:00.000Z
lesson_id_4925,group_id_4,2023-06-30T15:00:00.000Z
lesson_id_4926,group_id_3,2023-06-30T17:30:00.000Z
lesson_id_4927,group_id_5,2023-07-01T17:00:00.000Z
lesson_id_4928,group_id_16,2023-07-01T16:00:00.000Z
lesson_id_4929,group_id_8,2023-07-02T09:30:00.000Z
lesson_id_4930,group_id_3,2023-07-03T21:00:00.000Z
lesson_id_4931,group_id_8,2023-07-03T15:30:00.000Z
lesson_id_4932,group_id_5,2023-07-04T16:00:00.000Z
lesson_id_4933,group_id_17,2023-07-04T21:00:00.000Z
lesson_id_4934,group_id_7,2023-07-04T20:30:00.000Z
lesson_id_4935,group_id_2,2023-07-04T18:00:00.000Z
lesson_id_4936,group_id_11,2023-07-05T13:00:00.000Z
lesson_id_4937,group_id_12,2023-07-05T16:00:00.000Z
lesson_id_4938,group_id_13,2023-07-06T15:00:00.000Z
lesson_id_4939,group_id_17,2023-07-07T10:00:00.000Z
lesson_id_4940,group_id_6,2023-07-07T19:00:00.000Z
lesson_id_4941,group_id_11,2023-07-07T19:30:00.000Z
lesson_id_4942,group_id_15,2023-07-08T10:00:00.000Z
lesson_id_4943,group_id_17,2023-07-09T13:00:00.000Z
lesson_id_4944,group_id_5,2023-07-09T17:30:00.000Z
lesson_id_4945,group_id_2,2023-07-09T10:00:00.000Z
lesson_id_4946,group_id_14,2023-07-09T17:00:00.000Z
lesson_id_4947,group_id_20,2023-07-09T20:00:00.000Z
lesson_id_4948,group_id_12,2023-07-10T09:00:00.000Z
lesson_id_4949,group_id_4,2023-07-10T19:00:00.000Z
lesson_id_4950,group_id_1,2023-07-10T15:00:00.000Z
lesson_id_4951,group_id_2,2023-07-11T15:00:00.000Z
lesson_id_4952,group_id_8,2023-07-11T21:00:00.000Z
lesson_id_4953,group_id_19,2023-07-11T17:00:00.000Z
lesson_id_4954,group_id_1,2023-07-11T19:30:00.000Z
lesson_id_4955,group_id_19,2023-07-11T19:30:00.000Z
lesson_id_4956,group_id_20,2023-07-12T15:30:00.000Z
lesson_id_4957,group_id_8,2023-07-12T19:30:00.000Z
lesson_id_4958,group_id_20,2023-07-12T13:30:00.000Z
lesson_id_4959,group_id_16,2023-07-13T11:30:00.000Z
lesson_id_4960,group_id_18,2023-07-13T14:00:00.000Z
lesson_id_4961,group_id_5,2023-07-13T13:00:00.000Z
lesson_id_4962,group_id_13,2023-07-13T13:00:00.000Z
lesson_id_4963,group_id_1,2023-07-14T15:30:00.000Z
lesson_id_4964,group_id_5,2023-07-14T09:30:00.000Z
lesson_id_4965,group_id_14,2023-07-14T20:00:00.000Z
lesson_id_4966,group_id_5,2023-07-15T19:30:00.000Z
lesson_id_4967,group_id_7,2023-07-15T15:30:00.000Z
lesson_id_4968,group_id_14,2023-07-15T16:30:00.000Z
lesson_id_4969,group_id_15,2023-07-15T15:30:00.000Z
lesson_id_4970,group_id_11,2023-07-16T14:30:00.000Z
lesson_id_4971,group_id_5,2023-07-16T20:00:00.000Z
lesson_id_4972,group_id_8,2023-07-16T12:00:00.000Z
lesson_id_4973,group_id_7,2023-07-17T20:30:00.000Z
lesson_id_4974,group_id_15,2023-07-17T17:30:00.000Z
lesson_id_4975,group_id_12,2023-07-17T19:30:00.000Z
lesson_id_4976,group_id_7,2023-07-17T15:00:00.000Z
lesson_id_4977,group_id_16,2023-07-17T10:30:00.000Z
lesson_id_4978,group_id_20,2023-07-18T15:00:00.000Z
lesson_id_4979,group_id_7,2023-07-18T12:30:00.000Z
lesson_id_4980,group_id_18,2023-07-18T11:30:00.000Z
lesson_id_4981,group_id_14,2023-07-19T11:30:00.000Z
lesson_id_4982,group_id_1,2023-07-19T20:00:00.000Z
lesson_id_4983,group_id_13,2023-07-19T18:00:00.000Z
lesson_id_4984,group_id_9,2023-07-19T20:00:00.000Z
lesson_id_4985,group_id_13,2023-07-19T18:00:00.000Z
lesson_id_4986,group_id_14,2023-07-20T14:30:00.000Z
lesson_id_4987,group_id_8,2023-07-20T20:00:00.000Z
lesson_id_4988,group_id_11,2023-07-21T18:00:00.000Z
lesson_id_4989,group_id_4,2023-07-21T21:00:00.000Z
lesson_id_4990,group_id_3,2023-07-21T09:00:00.000Z
lesson_id_4991,group_id_2,2023-07-21T14:00:00.000Z
lesson_id_4992,group_id_12,2023-07-22T12:00:00.000Z
lesson_id_4993,group_id_7,2023-07-22T13:00:00.000Z
lesson_id_4994,group_id_12,2023-07-22T18:30:00.000Z
lesson_id_4995,group_id_15,2023-07-23T16:30:00.000Z
lesson_id_4996,group_id_6,2023-07-23T13:30:00.000Z
lesson_id_4997,group_id_4,2023-07-23T21:00:00.000Z
lesson_id_4998,group_id_5,2023-07-23T11:30:00.000Z
lesson_id_4999,group_id_4,2023-07-23T17:30:00.000Z
lesson_id_5000,group_id_18,2023-07-24T17:30:00.000Z
lesson_id_5001,group_id_9,2023-07-24T20:00:00.000Z
lesson_id_5002,group_id_5,2023-07-25T16:00:00.000Z
lesson_id_5003,group_id_5,2023-07-26T15:30:00.000Z
lesson_id_5004,group_id_16,2023-07-27T11:00:00.000Z
lesson_id_5005,group_id_19,2023-07-27T20:30:00.000Z
lesson_id_5006,group_id_15,2023-07-27T18:00:00.000Z
lesson_id_5007,group_id_15,2023-07-27T09:30:00.000Z
lesson_id_5008,group_id_12,2023-07-28T14:00:00.000Z
lesson_id_5009,group_id_12,2023-07-28T10:00:00.000Z
lesson_id_5010,group_id_5,2023-07-28T18:30:00.000Z
lesson_id_5011,group_id_13,2023-07-28T11:00:00.000Z
lesson_id_5012,group_id_7,2023-07-28T19:30:00.000Z
lesson_id_5013,group_id_3,2023-07-29T14:30:00.000Z
lesson_id_5014,group_id_1,2023-07-29T18:30:00.000Z
lesson_id_5015,group_id_6,2023-07-29T14:30:00.000Z
lesson_id_5016,group_id_17,2023-07-30T13:00:00.000Z
lesson_id_5017,group_id_16,2023-07-30T14:00:00.000Z
lesson_id_5018,group_id_8,2023-07-31T20:30:00.000Z
lesson_id_5019,group_id_15,2023-08-01T15:30:00.000Z
lesson_id_5020,group_id_2,2023-08-01T13:30:00.000Z
lesson_id_5021,group_id_3,2023-08-01T14:00:00.000Z
lesson_id_5022,group_id_5,2023-08-01T18:00:00.000Z
lesson_id_5023,group_id_19,2023-08-01T09:30:00.000Z
lesson_id_5024,group_id_13,2023-08-01T12:30:00.000Z
lesson_id_5025,group_id_13,2023-08-02T09:30:00.000Z
lesson_id_5026,group_id_13,2023-08-02T14:30:00.000Z
lesson_id_5027,group_id_17,2023-08-02T21:30:00.000Z
lesson_id_5028,group_id_14,2023-08-02T20:30:00.000Z
lesson_id_5029,group_id_5,2023-08-02T14:30:00.000Z
lesson_id_5030,group_id_18,2023-08-02T12:30:00.000Z
lesson_id_5031,group_id_10,2023-08-02T13:00:00.000Z
lesson_id_5032,group_id_3,2023-08-03T21:30:00.000Z
lesson_id_5033,group_id_17,2023-08-03T10:00:00.000Z
lesson_id_5034,group_id_5,2023-08-03T21:00:00.000Z
lesson_id_5035,group_id_8,2023-08-03T10:00:00.000Z
lesson_id_5036,group_id_12,2023-08-03T10:00:00.000Z
lesson_id_5037,group_id_19,2023-08-03T21:00:00.000Z
lesson_id_5038,group_id_3,2023-08-03T10:00:00.000Z
lesson_id_5039,group_id_11,2023-08-04T18:00:00.000Z
lesson_id_5040,group_id_5,2023-08-04T18:30:00.000Z
lesson_id_5041,group_id_11,2023-08-04T21:00:00.000Z
lesson_id_5042,group_id_20,2023-08-04T10:00:00.000Z
lesson_id_5043,group_id_7,2023-08-05T20:00:00.000Z
lesson_id_5044,group_id_6,2023-08-05T10:00:00.000Z
lesson_id_5045,group_id_1,2023-08-05T15:00:00.000Z
lesson_id_5046,group_id_7,2023-08-05T09:00:00.000Z
lesson_id_5047,group_id_13,2023-08-05T14:00:00.000Z
lesson_id_5048,group_id_7,2023-08-06T20:30:00.000Z
lesson_id_5049,group_id_20,2023-08-06T20:00:00.000Z
lesson_id_5050,group_id_16,2023-08-06T13:00:00.000Z
lesson_id_5051,group_id_15,2023-08-06T11:00:00.000Z
lesson_id_5052,group_id_3,2023-08-06T11:00:00.000Z
lesson_id_5053,group_id_9,2023-08-06T11:00:00.000Z
lesson_id_5054,group_id_4,2023-08-06T20:00:00.000Z
lesson_id_5055,group_id_6,2023-08-07T14:00:00.000Z
lesson_id_5056,group_id_6,2023-08-07T15:30:00.000Z
lesson_id_5057,group_id_20,2023-08-07T15:30:00.000Z
lesson_id_5058,group_id_7,2023-08-07T15:30:00.000Z
lesson_id_5059,group_id_12,2023-08-07T20:00:00.000Z
lesson_id_5060,group_id_1,2023-08-08T19:30:00.000Z
lesson_id_5061,group_id_10,2023-08-08T21:00:00.000Z
lesson_id_5062,group_id_3,2023-08-08T09:00:00.000Z
lesson_id_5063,group_id_16,2023-08-08T14:00:00.000Z
lesson_id_5064,group_id_20,2023-08-08T21:30:00.000Z
lesson_id_5065,group_id_3,2023-08-08T19:30:00.000Z
lesson_id_5066,group_id_1,2023-08-08T20:00:00.000Z
lesson_id_5067,group_id_11,2023-08-08T18:30:00.000Z
lesson_id_5068,group_id_3,2023-08-09T18:30:00.000Z
lesson_id_5069,group_id_11,2023-08-09T16:30:00.000Z
lesson_id_5070,group_id_16,2023-08-09T14:30:00.000Z
lesson_id_5071,group_id_10,2023-08-09T21:30:00.000Z
lesson_id_5072,group_id_11,2023-08-09T17:00:00.000Z
lesson_id_5073,group_id_8,2023-08-09T18:00:00.000Z
lesson_id_5074,group_id_2,2023-08-09T20:30:00.000Z
lesson_id_5075,group_id_14,2023-08-09T16:30:00.000Z
lesson_id_5076,group_id_13,2023-08-10T16:30:00.000Z
lesson_id_5077,group_id_15,2023-08-10T11:00:00.000Z
lesson_id_5078,group_id_13,2023-08-10T15:00:00.000Z
lesson_id_5079,group_id_5,2023-08-10T21:30:00.000Z
lesson_id_5080,group_id_13,2023-08-10T19:00:00.000Z
lesson_id_5081,group_id_13,2023-08-10T14:00:00.000Z
lesson_id_5082,group_id_6,2023-08-11T11:00:00.000Z
lesson_id_5083,group_id_7,2023-08-11T10:00:00.000Z
lesson_id_5084,group_id_13,2023-08-11T16:00:00.000Z
lesson_id_5085,group_id_9,2023-08-11T14:00:00.000Z
lesson_id_5086,group_id_1,2023-08-11T16:30:00.000Z
lesson_id_5087,group_id_6,2023-08-11T13:30:00.000Z
lesson_id_5088,group_id_8,2023-08-11T12:30:00.000Z
lesson_id_5089,group_id_16,2023-08-12T15:30:00.000Z
lesson_id_5090,group_id_6,2023-08-12T16:00:00.000Z
lesson_id_5091,group_id_12,2023-08-12T10:00:00.000Z
lesson_id_5092,group_id_11,2023-08-12T20:30:00.000Z
lesson_id_5093,group_id_20,2023-08-12T13:00:00.000Z
lesson_id_5094,group_id_8,2023-08-12T17:30:00.000Z
lesson_id_5095,group_id_7,2023-08-12T15:30:00.000Z
lesson_id_5096,group_id_1,2023-08-12T13:00:00.000Z
lesson_id_5097,group_id_10,2023-08-13T19:30:00.000Z
lesson_id_5098,group_id_20,2023-08-13T10:00:00.000Z
lesson_id_5099,group_id_17,2023-08-13T13:30:00.000Z
lesson_id_5100,group_id_12,2023-08-13T21:00:00.000Z
lesson_id_5101,group_id_12,2023-08-13T18:30:00.000Z
lesson_id_5102,group_id_3,2023-08-13T09:30:00.000Z
lesson_id_5103,group_id_14,2023-08-14T12:00:00.000Z
lesson_id_5104,group_id_11,2023-08-14T20:00:00.000Z
lesson_id_5105,group_id_11,2023-08-14T19:30:00.000Z
lesson_id_5106,group_id_9,2023-08-14T17:30:00.000Z
lesson_id_5107,group_id_19,2023-08-14T21:30:00.000Z
lesson_id_5108,group_id_7,2023-08-14T11:30:00.000Z
lesson_id_5109,group_id_8,2023-08-15T20:00:00.000Z
lesson_id_5110,group_id_8,2023-08-15T16:30:00.000Z
lesson_id_5111,group_id_1,2023-08-15T14:00:00.000Z
lesson_id_5112,group_id_13,2023-08-15T21:00:00.000Z
lesson_id_5113,group_id_20,2023-08-15T14:00:00.000Z
lesson_id_5114,group_id_17,2023-08-15T16:30:00.000Z
lesson_id_5115,group_id_20,2023-08-15T20:30:00.000Z
lesson_id_5116,group_id_3,2023-08-15T16:30:00.000Z
lesson_id_5117,group_id_9,2023-08-16T20:00:00.000Z
lesson_id_5118,group_id_12,2023-08-16T21:00:00.000Z
lesson_id_5119,group_id_16,2023-08-16T12:00:00.000Z
lesson_id_5120,group_id_1,2023-08-16T14:30:00.000Z
lesson_id_5121,group_id_20,2023-08-16T16:00:00.000Z
lesson_id_5122,group_id_11,2023-08-17T16:30:00.000Z
lesson_id_5123,group_id_20,2023-08-17T17:00:00.000Z
lesson_id_5124,group_id_7,2023-08-17T18:00:00.000Z
lesson_id_5125,group_id_10,2023-08-17T20:00:00.000Z
lesson_id_5126,group_id_7,2023-08-17T17:30:00.000Z
lesson_id_5127,group_id_8,2023-08-17T21:30:00.000Z
lesson_id_5128,group_id_1,2023-08-18T13:30:00.000Z
lesson_id_5129,group_id_7,2023-08-18T11:30:00.000Z
lesson_id_5130,group_id_1,2023-08-18T09:30:00.000Z
lesson_id_5131,group_id_3,2023-08-18T14:30:00.000Z
lesson_id_5132,group_id_5,2023-08-18T16:30:00.000Z
lesson_id_5133,group_id_18,2023-08-18T11:30:00.000Z
lesson_id_5134,group_id_11,2023-08-18T10:30:00.000Z
lesson_id_5135,group_id_9,2023-08-19T12:30:00.000Z
lesson_id_5136,group_id_10,2023-08-19T11:00:00.000Z
lesson_id_5137,group_id_11,2023-08-19T09:00:00.000Z
lesson_id_5138,group_id_2,2023-08-19T14:30:00.000Z
lesson_id_5139,group_id_12,2023-08-19T11:30:00.000Z
lesson_id_5140,group_id_13,2023-08-19T17:00:00.000Z
lesson_id_5141,group_id_14,2023-08-19T19:30:00.000Z
lesson_id_5142,group_id_6,2023-08-20T14:00:00.000Z
lesson_id_5143,group_id_10,2023-08-20T14:00:00.000Z
lesson_id_5144,group_id_17,2023-08-20T09:00:00.000Z
lesson_id_5145,group_id_16,2023-08-20T10:00:00.000Z
lesson_id_5146,group_id_5,2023-08-20T11:00:00.000Z
lesson_id_5147,group_id_17,2023-08-20T11:00:00.000Z
lesson_id_5148,group_id_3,2023-08-20T21:30:00.000Z
lesson_id_5149,group_id_11,2023-08-21T10:30:00.000Z
lesson_id_5150,group_id_11,2023-08-21T21:00:00.000Z
lesson_id_5151,group_id_16,2023-08-21T15:00:00.000Z
lesson_id_5152,group_id_17,2023-08-21T15:30:00.000Z
lesson_id_5153,group_id_5,2023-08-21T17:00:00.000Z
lesson_id_5154,group_id_7,2023-08-21T16:00:00.000Z
lesson_id_5155,group_id_9,2023-08-22T12:00:00.000Z
lesson_id_5156,group_id_2,2023-08-22T19:00:00.000Z
lesson_id_5157,group_id_2,2023-08-22T19:00:00.000Z
lesson_id_5158,group_id_16,2023-08-22T09:00:00.000Z
lesson_id_5159,group_id_8,2023-08-23T11:00:00.000Z
lesson_id_5160,group_id_17,2023-08-23T14:30:00.000Z
lesson_id_5161,group_id_13,2023-08-23T21:30:00.000Z
lesson_id_5162,group_id_1,2023-08-23T17:30:00.000Z
lesson_id_5163,group_id_16,2023-08-23T09:30:00.000Z
lesson_id_5164,group_id_3,2023-08-24T09:00:00.000Z
lesson_id_5165,group_id_19,2023-08-24T09:00:00.000Z
lesson_id_5166,group_id_8,2023-08-24T18:30:00.000Z
lesson_id_5167,group_id_1,2023-08-24T14:00:00.000Z
lesson_id_5168,group_id_19,2023-08-24T14:00:00.000Z
lesson_id_5169,group_id_13,2023-08-24T12:00:00.000Z
lesson_id_5170,group_id_18,2023-08-24T09:30:00.000Z
lesson_id_5171,group_id_9,2023-08-24T17:30:00.000Z
lesson_id_5172,group_id_13,2023-08-25T11:00:00.000Z
lesson_id_5173,group_id_20,2023-08-25T13:30:00.000Z
lesson_id_5174,group_id_7,2023-08-25T14:30:00.000Z
lesson_id_5175,group_id_13,2023-08-25T10:30:00.000Z
lesson_id_5176,group_id_15,2023-08-25T09:30:00.000Z
lesson_id_5177,group_id_20,2023-08-25T19:30:00.000Z
lesson_id_5178,group_id_7,2023-08-25T11:00:00.000Z
lesson_id_5179,group_id_2,2023-08-25T15:00:00.000Z
lesson_id_5180,group_id_7,2023-08-26T21:30:00.000Z
lesson_id_5181,group_id_7,2023-08-26T18:30:00.000Z
lesson_id_5182,group_id_12,2023-08-26T16:00:00.000Z
lesson_id_5183,group_id_8,2023-08-26T18:30:00.000Z
lesson_id_5184,group_id_7,2023-08-26T17:00:00.000Z
lesson_id_5185,group_id_1,2023-08-27T12:00:00.000Z
lesson_id_5186,group_id_11,2023-08-27T12:30:00.000Z
lesson_id_5187,group_id_13,2023-08-27T20:30:00.000Z
lesson_id_5188,group_id_15,2023-08-27T15:00:00.000Z
lesson_id_5189,group_id_16,2023-08-27T16:30:00.000Z
lesson_id_5190,group_id_8,2023-08-27T10:00:00.000Z
lesson_id_5191,group_id_1,2023-08-28T18:00:00.000Z
lesson_id_5192,group_id_1,2023-08-28T13:00:00.000Z
lesson_id_5193,group_id_10,2023-08-28T16:30:00.000Z
lesson_id_5194,group_id_19,2023-08-28T11:00:00.000Z
lesson_id_5195,group_id_12,2023-08-29T12:00:00.000Z
lesson_id_5196,group_id_14,2023-08-29T20:30:00.000Z
lesson_id_5197,group_id_3,2023-08-29T13:30:00.000Z
lesson_id_5198,group_id_1,2023-08-29T13:00:00.000Z
lesson_id_5199,group_id_10,2023-08-30T11:30:00.000Z
lesson_id_5200,group_id_15,2023-08-30T21:00:00.000Z
lesson_id_5201,group_id_4,2023-08-30T19:00:00.000Z
lesson_id_5202,group_id_16,2023-08-30T11:00:00.000Z
lesson_id_5203,group_id_3,2023-08-31T20:00:00.000Z
lesson_id_5204,group_id_15,2023-08-31T18:30:00.000Z
lesson_id_5205,group_id_9,2023-08-31T09:30:00.000Z
lesson_id_5206,group_id_3,2023-08-31T20:00:00.000Z
lesson_id_5207,group_id_3,2023-09-01T15:30:00.000Z
lesson_id_5208,group_id_1,2023-09-01T09:30:00.000Z
lesson_id_5209,group_id_14,2023-09-01T16:30:00.000Z
lesson_id_5210,group_id_6,2023-09-01T09:00:00.000Z
lesson_id_5211,group_id_3,2023-09-01T21:30:00.000Z
lesson_id_5212,group_id_10,2023-09-01T20:30:00.000Z
lesson_id_5213,group_id_7,2023-09-01T21:30:00.000Z
lesson_id_5214,group_id_1,2023-09-01T19:30:00.000Z
lesson_id_5215,group_id_7,2023-09-01T12:30:00.000Z
lesson_id_5216,group_id_1,2023-09-01T19:00:00.000Z
lesson_id_5217,group_id_19,2023-09-01T15:30:00.000Z
lesson_id_5218,group_id_8,2023-09-01T20:00:00.000Z
lesson_id_5219,group_id_10,2023-09-01T14:00:00.000Z
lesson_id_5220,group_id_20,2023-09-01T14:30:00.000Z
lesson_id_5221,group_id_16,2023-09-01T17:00:00.000Z
lesson_id_5222,group_id_12,2023-09-02T20:00:00.000Z
lesson_id_5223,group_id_11,2023-09-02T20:30:00.000Z
lesson_id_5224,group_id_14,2023-09-02T11:30:00.000Z
lesson_id_5225,group_id_12,2023-09-02T16:30:00.000Z
lesson_id_5226,group_id_10,2023-09-02T11:30:00.000Z
lesson_id_5227,group_id_18,2023-09-02T15:30:00.000Z
lesson_id_5228,group_id_14,2023-09-02T10:30:00.000Z
lesson_id_5229,group_id_5,2023-09-02T14:30:00.000Z
lesson_id_5230,group_id_15,2023-09-02T16:00:00.000Z
lesson_id_5231,group_id_2,2023-09-02T14:00:00.000Z
lesson_id_5232,group_id_20,2023-09-02T14:00:00.000Z
lesson_id_5233,group_id_19,2023-09-02T11:00:00.000Z
lesson_id_5234,group_id_13,2023-09-02T10:30:00.000Z
lesson_id_5235,group_id_4,2023-09-02T17:00:00.000Z
lesson_id_5236,group_id_17,2023-09-02T10:00:00.000Z
lesson_id_5237,group_id_9,2023-09-02T17:00:00.000Z
lesson_id_5238,group_id_11,2023-09-03T16:00:00.000Z
lesson_id_5239,group_id_11,2023-09-03T20:30:00.000Z
lesson_id_5240,group_id_18,2023-09-03T15:30:00.000Z
lesson_id_5241,group_id_8,2023-09-03T18:30:00.000Z
lesson_id_5242,group_id_14,2023-09-03T20:00:00.000Z
lesson_id_5243,group_id_8,2023-09-03T19:30:00.000Z
lesson_id_5244,group_id_5,2023-09-03T20:00:00.000Z
lesson_id_5245,group_id_1,2023-09-03T21:00:00.000Z
lesson_id_5246,group_id_16,2023-09-03T11:00:00.000Z
lesson_id_5247,group_id_10,2023-09-03T12:30:00.000Z
lesson_id_5248,group_id_10,2023-09-03T12:00:00.000Z
lesson_id_5249,group_id_7,2023-09-03T09:00:00.000Z
lesson_id_5250,group_id_1,2023-09-03T13:00:00.000Z
lesson_id_5251,group_id_7,2023-09-03T11:00:00.000Z
lesson_id_5252,group_id_3,2023-09-03T13:30:00.000Z
lesson_id_5253,group_id_14,2023-09-04T14:30:00.000Z
lesson_id_5254,group_id_1,2023-09-04T20:30:00.000Z
lesson_id_5255,group_id_11,2023-09-04T15:30:00.000Z
lesson_id_5256,group_id_7,2023-09-04T13:30:00.000Z
lesson_id_5257,group_id_20,2023-09-04T18:30:00.000Z
lesson_id_5258,group_id_20,2023-09-04T18:00:00.000Z
lesson_id_5259,group_id_16,2023-09-04T09:30:00.000Z
lesson_id_5260,group_id_11,2023-09-04T14:00:00.000Z
lesson_id_5261,group_id_9,2023-09-04T20:30:00.000Z
lesson_id_5262,group_id_13,2023-09-04T21:00:00.000Z
lesson_id_5263,group_id_14,2023-09-04T20:30:00.000Z
lesson_id_5264,group_id_16,2023-09-04T09:30:00.000Z
lesson_id_5265,group_id_2,2023-09-04T16:00:00.000Z
lesson_id_5266,group_id_16,2023-09-04T13:00:00.000Z
lesson_id_5267,group_id_8,2023-09-05T20:00:00.000Z
lesson_id_5268,group_id_15,2023-09-05T15:30:00.000Z
lesson_id_5269,group_id_8,2023-09-05T18:30:00.000Z
lesson_id_5270,group_id_2,2023-09-05T14:30:00.000Z
lesson_id_5271,group_id_18,2023-09-05T21:30:00.000Z
lesson_id_5272,group_id_7,2023-09-05T18:30:00.000Z
lesson_id_5273,group_id_4,2023-09-05T09:00:00.000Z
lesson_id_5274,group_id_19,2023-09-05T19:00:00.000Z
lesson_id_5275,group_id_17,2023-09-05T16:00:00.000Z
lesson_id_5276,group_id_17,2023-09-05T11:30:00.000Z
lesson_id_5277,group_id_9,2023-09-05T20:30:00.000Z
lesson_id_5278,group_id_18,2023-09-05T19:00:00.000Z
lesson_id_5279,group_id_9,2023-09-05T18:00:00.000Z
lesson_id_5280,group_id_17,2023-09-05T16:00:00.000Z
lesson_id_5281,group_id_10,2023-09-06T11:00:00.000Z
lesson_id_5282,group_id_10,2023-09-06T18:30:00.000Z
lesson_id_5283,group_id_14,2023-09-06T10:00:00.000Z
lesson_id_5284,group_id_3,2023-09-06T12:30:00.000Z
lesson_id_5285,group_id_16,2023-09-06T12:00:00.000Z
lesson_id_5286,group_id_13,2023-09-06T21:00:00.000Z
lesson_id_5287,group_id_13,2023-09-06T09:30:00.000Z
lesson_id_5288,group_id_6,2023-09-06T12:30:00.000Z
lesson_id_5289,group_id_19,2023-09-06T16:00:00.000Z
lesson_id_5290,group_id_15,2023-09-06T21:00:00.000Z
lesson_id_5291,group_id_4,2023-09-06T11:00:00.000Z
lesson_id_5292,group_id_5,2023-09-06T20:00:00.000Z
lesson_id_5293,group_id_15,2023-09-06T16:30:00.000Z
lesson_id_5294,group_id_14,2023-09-06T09:30:00.000Z
lesson_id_5295,group_id_18,2023-09-06T10:30:00.000Z
lesson_id_5296,group_id_16,2023-09-06T09:30:00.000Z
lesson_id_5297,group_id_14,2023-09-06T17:30:00.000Z
lesson_id_5298,group_id_3,2023-09-07T10:30:00.000Z
lesson_id_5299,group_id_12,2023-09-07T16:30:00.000Z
lesson_id_5300,group_id_17,2023-09-07T12:00:00.000Z
lesson_id_5301,group_id_4,2023-09-07T09:00:00.000Z
lesson_id_5302,group_id_3,2023-09-07T18:00:00.000Z
lesson_id_5303,group_id_7,2023-09-07T16:30:00.000Z
lesson_id_5304,group_id_18,2023-09-07T13:30:00.000Z
lesson_id_5305,group_id_3,2023-09-07T21:00:00.000Z
lesson_id_5306,group_id_19,2023-09-07T15:00:00.000Z
lesson_id_5307,group_id_18,2023-09-07T09:00:00.000Z
lesson_id_5308,group_id_7,2023-09-07T11:30:00.000Z
lesson_id_5309,group_id_5,2023-09-07T20:30:00.000Z
lesson_id_5310,group_id_1,2023-09-07T14:00:00.000Z
lesson_id_5311,group_id_17,2023-09-07T21:00:00.000Z
lesson_id_5312,group_id_17,2023-09-08T19:30:00.000Z
lesson_id_5313,group_id_19,2023-09-08T17:00:00.000Z
lesson_id_5314,group_id_10,2023-09-08T21:00:00.000Z
lesson_id_5315,group_id_11,2023-09-08T12:30:00.000Z
lesson_id_5316,group_id_7,2023-09-08T12:30:00.000Z
lesson_id_5317,group_id_16,2023-09-08T16:00:00.000Z
lesson_id_5318,group_id_4,2023-09-08T11:30:00.000Z
lesson_id_5319,group_id_18,2023-09-08T19:00:00.000Z
lesson_id_5320,group_id_5,2023-09-08T19:00:00.000Z
lesson_id_5321,group_id_17,2023-09-08T11:00:00.000Z
lesson_id_5322,group_id_16,2023-09-08T17:00:00.000Z
lesson_id_5323,group_id_19,2023-09-08T11:00:00.000Z
lesson_id_5324,group_id_14,2023-09-08T19:30:00.000Z
lesson_id_5325,group_id_8,2023-09-08T13:30:00.000Z
lesson_id_5326,group_id_14,2023-09-09T09:30:00.000Z
lesson_id_5327,group_id_13,2023-09-09T09:00:00.000Z
lesson_id_5328,group_id_12,2023-09-09T15:30:00.000Z
lesson_id_5329,group_id_20,2023-09-09T12:00:00.000Z
lesson_id_5330,group_id_16,2023-09-09T18:30:00.000Z
lesson_id_5331,group_id_6,2023-09-09T12:30:00.000Z
lesson_id_5332,group_id_16,2023-09-09T21:00:00.000Z
lesson_id_5333,group_id_14,2023-09-09T18:00:00.000Z
lesson_id_5334,group_id_14,2023-09-09T10:00:00.000Z
lesson_id_5335,group_id_5,2023-09-09T21:00:00.000Z
lesson_id_5336,group_id_12,2023-09-09T13:30:00.000Z
lesson_id_5337,group_id_9,2023-09-09T16:30:00.000Z
lesson_id_5338,group_id_10,2023-09-09T17:30:00.000Z
lesson_id_5339,group_id_10,2023-09-09T16:30:00.000Z
lesson_id_5340,group_id_19,2023-09-10T20:00:00.000Z
lesson_id_5341,group_id_16,2023-09-10T14:00:00.000Z
lesson_id_5342,group_id_16,2023-09-10T14:00:00.000Z
lesson_id_5343,group_id_9,2023-09-10T19:30:00.000Z
lesson_id_5344,group_id_9,2023-09-10T13:00:00.000Z
lesson_id_5345,group_id_11,2023-09-10T14:00:00.000Z
lesson_id_5346,group_id_19,2023-09-10T12:30:00.000Z
lesson_id_5347,group_id_10,2023-09-10T12:30:00.000Z
lesson_id_5348,group_id_17,2023-09-10T19:30:00.000Z
lesson_id_5349,group_id_9,2023-09-10T13:30:00.000Z
lesson_id_5350,group_id_7,2023-09-10T21:00:00.000Z
lesson_id_5351,group_id_10,2023-09-10T12:30:00.000Z
lesson_id_5352,group_id_18,2023-09-10T17:30:00.000Z
lesson_id_5353,group_id_7,2023-09-10T21:30:00.000Z
lesson_id_5354,group_id_19,2023-09-10T17:00:00.000Z
lesson_id_5355,group_id_4,2023-09-10T20:30:00.000Z
lesson_id_5356,group_id_8,2023-09-10T12:30:00.000Z
lesson_id_5357,group_id_16,2023-09-11T14:00:00.000Z
lesson_id_5358,group_id_13,2023-09-11T16:30:00.000Z
lesson_id_5359,group_id_19,2023-09-11T16:30:00.000Z
lesson_id_5360,group_id_5,2023-09-11T13:00:00.000Z
lesson_id_5361,group_id_9,2023-09-11T10:30:00.000Z
lesson_id_5362,group_id_18,2023-09-11T15:00:00.000Z
lesson_id_5363,group_id_3,2023-09-11T12:30:00.000Z
lesson_id_5364,group_id_16,2023-09-11T16:30:00.000Z
lesson_id_5365,group_id_17,2023-09-11T18:30:00.000Z
lesson_id_5366,group_id_7,2023-09-11T13:00:00.000Z
lesson_id_5367,group_id_14,2023-09-11T19:30:00.000Z
lesson_id_5368,group_id_20,2023-09-11T10:30:00.000Z
lesson_id_5369,group_id_14,2023-09-11T15:30:00.000Z
lesson_id_5370,group_id_4,2023-09-11T11:00:00.000Z
lesson_id_5371,group_id_4,2023-09-11T14:00:00.000Z
lesson_id_5372,group_id_3,2023-09-12T13:00:00.000Z
lesson_id_5373,group_id_18,2023-09-12T17:30:00.000Z
lesson_id_5374,group_id_5,2023-09-12T21:00:00.000Z
lesson_id_5375,group_id_14,2023-09-12T12:00:00.000Z
lesson_id_5376,group_id_19,2023-09-12T09:00:00.000Z
lesson_id_5377,group_id_4,2023-09-12T14:30:00.000Z
lesson_id_5378,group_id_10,2023-09-12T15:00:00.000Z
lesson_id_5379,group_id_8,2023-09-12T12:30:00.000Z
lesson_id_5380,group_id_18,2023-09-12T14:00:00.000Z
lesson_id_5381,group_id_5,2023-09-12T09:30:00.000Z
lesson_id_5382,group_id_8,2023-09-12T11:30:00.000Z
lesson_id_5383,group_id_7,2023-09-12T17:00:00.000Z
lesson_id_5384,group_id_6,2023-09-12T10:30:00.000Z
lesson_id_5385,group_id_16,2023-09-12T10:00:00.000Z
lesson_id_5386,group_id_14,2023-09-13T12:00:00.000Z
lesson_id_5387,group_id_15,2023-09-13T18:00:00.000Z
lesson_id_5388,group_id_6,2023-09-13T12:30:00.000Z
lesson_id_5389,group_id_4,2023-09-13T09:00:00.000Z
lesson_id_5390,group_id_10,2023-09-13T15:30:00.000Z
lesson_id_5391,group_id_15,2023-09-13T12:00:00.000Z
lesson_id_5392,group_id_4,2023-09-13T10:30:00.000Z
lesson_id_5393,group_id_15,2023-09-13T16:00:00.000Z
lesson_id_5394,group_id_13,2023-09-13T18:30:00.000Z
lesson_id_5395,group_id_1,2023-09-13T17:30:00.000Z
lesson_id_5396,group_id_7,2023-09-13T19:30:00.000Z
lesson_id_5397,group_id_14,2023-09-13T21:30:00.000Z
lesson_id_5398,group_id_11,2023-09-13T09:30:00.000Z
lesson_id_5399,group_id_17,2023-09-13T18:30:00.000Z
lesson_id_5400,group_id_15,2023-09-13T18:00:00.000Z
lesson_id_5401,group_id_5,2023-09-14T20:00:00.000Z
lesson_id_5402,group_id_20,2023-09-14T20:30:00.000Z
lesson_id_5403,group_id_6,2023-09-14T21:30:00.000Z
lesson_id_5404,group_id_7,2023-09-14T12:30:00.000Z
lesson_id_5405,group_id_12,2023-09-14T15:30:00.000Z
lesson_id_5406,group_id_8,2023-09-14T20:30:00.000Z
lesson_id_5407,group_id_8,2023-09-14T15:30:00.000Z
lesson_id_5408,group_id_1,2023-09-14T19:00:00.000Z
lesson_id_5409,group_id_3,2023-09-14T16:00:00.000Z
lesson_id_5410,group_id_13,2023-09-14T18:30:00.000Z
lesson_id_5411,group_id_12,2023-09-14T15:00:00.000Z
lesson_id_5412,group_id_16,2023-09-14T15:30:00.000Z
lesson_id_5413,group_id_14,2023-09-14T10:30:00.000Z
lesson_id_5414,group_id_9,2023-09-14T14:00:00.000Z
lesson_id_5415,group_id_9,2023-09-14T14:30:00.000Z
lesson_id_5416,group_id_16,2023-09-14T11:00:00.000Z
lesson_id_5417,group_id_19,2023-09-15T19:00:00.000Z
lesson_id_5418,group_id_2,2023-09-15T15:30:00.000Z
lesson_id_5419,group_id_2,2023-09-15T21:00:00.000Z
lesson_id_5420,group_id_3,2023-09-15T20:00:00.000Z
lesson_id_5421,group_id_3,2023-09-15T18:00:00.000Z
lesson_id_5422,group_id_9,2023-09-15T10:30:00.000Z
lesson_id_5423,group_id_15,2023-09-15T11:30:00.000Z
lesson_id_5424,group_id_5,2023-09-15T15:30:00.000Z
lesson_id_5425,group_id_6,2023-09-15T12:30:00.000Z
lesson_id_5426,group_id_10,2023-09-15T11:00:00.000Z
lesson_id_5427,group_id_8,2023-09-15T10:00:00.000Z
lesson_id_5428,group_id_19,2023-09-15T19:00:00.000Z
lesson_id_5429,group_id_10,2023-09-15T17:30:00.000Z
lesson_id_5430,group_id_14,2023-09-15T11:00:00.000Z
lesson_id_5431,group_id_1,2023-09-15T21:00:00.000Z
lesson_id_5432,group_id_3,2023-09-16T10:00:00.000Z
lesson_id_5433,group_id_9,2023-09-16T21:00:00.000Z
lesson_id_5434,group_id_18,2023-09-16T10:30:00.000Z
lesson_id_5435,group_id_18,2023-09-16T21:30:00.000Z
lesson_id_5436,group_id_6,2023-09-16T11:00:00.000Z
lesson_id_5437,group_id_8,2023-09-16T21:00:00.000Z
lesson_id_5438,group_id_11,2023-09-16T11:30:00.000Z
lesson_id_5439,group_id_17,2023-09-16T09:00:00.000Z
lesson_id_5440,group_id_13,2023-09-16T11:00:00.000Z
lesson_id_5441,group_id_2,2023-09-16T16:00:00.000Z
lesson_id_5442,group_id_5,2023-09-16T12:30:00.000Z
lesson_id_5443,group_id_19,2023-09-16T21:30:00.000Z
lesson_id_5444,group_id_15,2023-09-16T12:30:00.000Z
lesson_id_5445,group_id_6,2023-09-16T20:00:00.000Z
lesson_id_5446,group_id_8,2023-09-16T11:00:00.000Z
lesson_id_5447,group_id_3,2023-09-16T15:00:00.000Z
lesson_id_5448,group_id_1,2023-09-16T13:30:00.000Z
lesson_id_5449,group_id_17,2023-09-16T21:30:00.000Z
lesson_id_5450,group_id_18,2023-09-17T17:30:00.000Z
lesson_id_5451,group_id_17,2023-09-17T16:30:00.000Z
lesson_id_5452,group_id_20,2023-09-17T18:30:00.000Z
lesson_id_5453,group_id_9,2023-09-17T17:30:00.000Z
lesson_id_5454,group_id_6,2023-09-17T17:30:00.000Z
lesson_id_5455,group_id_5,2023-09-17T21:00:00.000Z
lesson_id_5456,group_id_7,2023-09-17T10:30:00.000Z
lesson_id_5457,group_id_10,2023-09-17T10:30:00.000Z
lesson_id_5458,group_id_13,2023-09-17T15:30:00.000Z
lesson_id_5459,group_id_12,2023-09-17T09:30:00.000Z
lesson_id_5460,group_id_16,2023-09-17T12:00:00.000Z
lesson_id_5461,group_id_7,2023-09-17T15:00:00.000Z
lesson_id_5462,group_id_15,2023-09-17T18:00:00.000Z
lesson_id_5463,group_id_10,2023-09-17T15:00:00.000Z
lesson_id_5464,group_id_5,2023-09-17T09:00:00.000Z
lesson_id_5465,group_id_15,2023-09-17T13:30:00.000Z
lesson_id_5466,group_id_13,2023-09-17T16:30:00.000Z
lesson_id_5467,group_id_7,2023-09-18T16:00:00.000Z
lesson_id_5468,group_id_14,2023-09-18T09:00:00.000Z
lesson_id_5469,group_id_5,2023-09-18T19:00:00.000Z
lesson_id_5470,group_id_10,2023-09-18T14:00:00.000Z
lesson_id_5471,group_id_12,2023-09-18T16:30:00.000Z
lesson_id_5472,group_id_14,2023-09-18T10:30:00.000Z
lesson_id_5473,group_id_12,2023-09-18T17:30:00.000Z
lesson_id_5474,group_id_2,2023-09-18T16:00:00.000Z
lesson_id_5475,group_id_12,2023-09-18T14:00:00.000Z
lesson_id_5476,group_id_10,2023-09-18T17:00:00.000Z
lesson_id_5477,group_id_1,2023-09-18T10:00:00.000Z
lesson_id_5478,group_id_18,2023-09-18T13:00:00.000Z
lesson_id_5479,group_id_1,2023-09-18T17:00:00.000Z
lesson_id_5480,group_id_17,2023-09-18T14:00:00.000Z
lesson_id_5481,group_id_15,2023-09-18T15:30:00.000Z
lesson_id_5482,group_id_20,2023-09-18T16:30:00.000Z
lesson_id_5483,group_id_11,2023-09-19T13:30:00.000Z
lesson_id_5484,group_id_2,2023-09-19T21:00:00.000Z
lesson_id_5485,group_id_15,2023-09-19T21:30:00.000Z
lesson_id_5486,group_id_14,2023-09-19T21:00:00.000Z
lesson_id_5487,group_id_18,2023-09-19T20:00:00.000Z
lesson_id_5488,group_id_5,2023-09-19T15:30:00.000Z
lesson_id_5489,group_id_15,2023-09-19T20:30:00.000Z
lesson_id_5490,group_id_5,2023-09-19T11:00:00.000Z
lesson_id_5491,group_id_3,2023-09-19T18:30:00.000Z
lesson_id_5492,group_id_9,2023-09-19T15:00:00.000Z
lesson_id_5493,group_id_2,2023-09-19T09:30:00.000Z
lesson_id_5494,group_id_1,2023-09-19T11:00:00.000Z
lesson_id_5495,group_id_14,2023-09-19T18:00:00.000Z
lesson_id_5496,group_id_14,2023-09-19T21:00:00.000Z
lesson_id_5497,group_id_14,2023-09-19T17:30:00.000Z
lesson_id_5498,group_id_7,2023-09-19T09:00:00.000Z
lesson_id_5499,group_id_6,2023-09-19T09:30:00.000Z
lesson_id_5500,group_id_16,2023-09-19T21:00:00.000Z
lesson_id_5501,group_id_15,2023-09-20T11:30:00.000Z
lesson_id_5502,group_id_4,2023-09-20T10:30:00.000Z
lesson_id_5503,group_id_11,2023-09-20T18:30:00.000Z
lesson_id_5504,group_id_16,2023-09-20T13:30:00.000Z
lesson_id_5505,group_id_11,2023-09-20T17:00:00.000Z
lesson_id_5506,group_id_19,2023-09-20T17:30:00.000Z
lesson_id_5507,group_id_20,2023-09-20T21:00:00.000Z
lesson_id_5508,group_id_8,2023-09-20T09:30:00.000Z
lesson_id_5509,group_id_16,2023-09-20T13:30:00.000Z
lesson_id_5510,group_id_17,2023-09-20T13:30:00.000Z
lesson_id_5511,group_id_13,2023-09-20T09:30:00.000Z
lesson_id_5512,group_id_9,2023-09-20T10:00:00.000Z
lesson_id_5513,group_id_18,2023-09-20T12:00:00.000Z
lesson_id_5514,group_id_8,2023-09-20T16:00:00.000Z
lesson_id_5515,group_id_4,2023-09-20T20:30:00.000Z
lesson_id_5516,group_id_13,2023-09-21T15:30:00.000Z
lesson_id_5517,group_id_10,2023-09-21T10:00:00.000Z
lesson_id_5518,group_id_6,2023-09-21T18:30:00.000Z
lesson_id_5519,group_id_3,2023-09-21T21:30:00.000Z
lesson_id_5520,group_id_2,2023-09-21T15:30:00.000Z
lesson_id_5521,group_id_14,2023-09-21T11:30:00.000Z
lesson_id_5522,group_id_16,2023-09-21T09:30:00.000Z
lesson_id_5523,group_id_12,2023-09-21T10:30:00.000Z
lesson_id_5524,group_id_8,2023-09-21T16:30:00.000Z
lesson_id_5525,group_id_13,2023-09-21T18:00:00.000Z
lesson_id_5526,group_id_13,2023-09-21T15:00:00.000Z
lesson_id_5527,group_id_10,2023-09-21T12:00:00.000Z
lesson_id_5528,group_id_11,2023-09-21T11:30:00.000Z
lesson_id_5529,group_id_19,2023-09-21T15:00:00.000Z
lesson_id_5530,group_id_4,2023-09-21T10:00:00.000Z
lesson_id_5531,group_id_1,2023-09-21T11:30:00.000Z
lesson_id_5532,group_id_16,2023-09-21T10:00:00.000Z
lesson_id_5533,group_id_1,2023-09-22T16:00:00.000Z
lesson_id_5534,group_id_2,2023-09-22T11:30:00.000Z
lesson_id_5535,group_id_12,2023-09-22T19:30:00.000Z
lesson_id_5536,group_id_19,2023-09-22T10:00:00.000Z
lesson_id_5537,group_id_6,2023-09-22T13:30:00.000Z
lesson_id_5538,group_id_4,2023-09-22T09:00:00.000Z
lesson_id_5539,group_id_2,2023-09-22T18:00:00.000Z
lesson_id_5540,group_id_7,2023-09-22T21:00:00.000Z
lesson_id_5541,group_id_13,2023-09-22T16:00:00.000Z
lesson_id_5542,group_id_9,2023-09-22T18:30:00.000Z
lesson_id_5543,group_id_20,2023-09-22T17:00:00.000Z
lesson_id_5544,group_id_20,2023-09-22T13:00:00.000Z
lesson_id_5545,group_id_3,2023-09-22T16:30:00.000Z
lesson_id_5546,group_id_6,2023-09-22T19:00:00.000Z
lesson_id_5547,group_id_20,2023-09-23T12:30:00.000Z
lesson_id_5548,group_id_2,2023-09-23T15:30:00.000Z
lesson_id_5549,group_id_6,2023-09-23T20:30:00.000Z
lesson_id_5550,group_id_15,2023-09-23T14:30:00.000Z
lesson_id_5551,group_id_10,2023-09-23T19:30:00.000Z
lesson_id_5552,group_id_14,2023-09-23T21:00:00.000Z
lesson_id_5553,group_id_10,2023-09-23T19:30:00.000Z
lesson_id_5554,group_id_7,2023-09-23T12:30:00.000Z
lesson_id_5555,group_id_5,2023-09-23T20:00:00.000Z
lesson_id_5556,group_id_2,2023-09-23T10:00:00.000Z
lesson_id_5557,group_id_19,2023-09-23T10:00:00.000Z
lesson_id_5558,group_id_4,2023-09-23T16:00:00.000Z
lesson_id_5559,group_id_5,2023-09-23T20:00:00.000Z
lesson_id_5560,group_id_10,2023-09-23T21:30:00.000Z
lesson_id_5561,group_id_11,2023-09-23T18:00:00.000Z
lesson_id_5562,group_id_16,2023-09-23T15:30:00.000Z
lesson_id_5563,group_id_4,2023-09-23T19:30:00.000Z
lesson_id_5564,group_id_16,2023-09-24T19:00:00.000Z
lesson_id_5565,group_id_12,2023-09-24T11:30:00.000Z
lesson_id_5566,group_id_7,2023-09-24T14:00:00.000Z
lesson_id_5567,group_id_2,2023-09-24T09:30:00.000Z
lesson_id_5568,group_id_13,2023-09-24T11:30:00.000Z
lesson_id_5569,group_id_15,2023-09-24T19:30:00.000Z
lesson_id_5570,group_id_11,2023-09-24T16:00:00.000Z
lesson_id_5571,group_id_11,2023-09-24T20:30:00.000Z
lesson_id_5572,group_id_11,2023-09-24T21:00:00.000Z
lesson_id_5573,group_id_1,2023-09-24T21:00:00.000Z
lesson_id_5574,group_id_9,2023-09-24T15:00:00.000Z
lesson_id_5575,group_id_16,2023-09-24T14:00:00.000Z
lesson_id_5576,group_id_2,2023-09-24T11:00:00.000Z
lesson_id_5577,group_id_17,2023-09-24T18:30:00.000Z
lesson_id_5578,group_id_9,2023-09-24T12:00:00.000Z
lesson_id_5579,group_id_2,2023-09-25T21:00:00.000Z
lesson_id_5580,group_id_12,2023-09-25T20:30:00.000Z
lesson_id_5581,group_id_20,2023-09-25T14:30:00.000Z
lesson_id_5582,group_id_1,2023-09-25T10:30:00.000Z
lesson_id_5583,group_id_17,2023-09-25T12:00:00.000Z
lesson_id_5584,group_id_5,2023-09-25T14:30:00.000Z
lesson_id_5585,group_id_17,2023-09-25T15:00:00.000Z
lesson_id_5586,group_id_14,2023-09-25T21:00:00.000Z
lesson_id_5587,group_id_15,2023-09-25T20:30:00.000Z
lesson_id_5588,group_id_18,2023-09-25T21:30:00.000Z
lesson_id_5589,group_id_2,2023-09-25T13:30:00.000Z
lesson_id_5590,group_id_1,2023-09-25T15:00:00.000Z
lesson_id_5591,group_id_16,2023-09-25T15:30:00.000Z
lesson_id_5592,group_id_20,2023-09-25T18:00:00.000Z
lesson_id_5593,group_id_11,2023-09-25T18:00:00.000Z
lesson_id_5594,group_id_15,2023-09-25T13:30:00.000Z
lesson_id_5595,group_id_2,2023-09-25T12:30:00.000Z
lesson_id_5596,group_id_9,2023-09-26T09:00:00.000Z
lesson_id_5597,group_id_2,2023-09-26T12:30:00.000Z
lesson_id_5598,group_id_8,2023-09-26T15:00:00.000Z
lesson_id_5599,group_id_14,2023-09-26T09:00:00.000Z
lesson_id_5600,group_id_9,2023-09-26T17:30:00.000Z
lesson_id_5601,group_id_1,2023-09-26T17:30:00.000Z
lesson_id_5602,group_id_20,2023-09-26T19:00:00.000Z
lesson_id_5603,group_id_16,2023-09-26T18:00:00.000Z
lesson_id_5604,group_id_18,2023-09-26T19:30:00.000Z
lesson_id_5605,group_id_4,2023-09-26T12:30:00.000Z
lesson_id_5606,group_id_18,2023-09-26T20:30:00.000Z
lesson_id_5607,group_id_6,2023-09-26T17:00:00.000Z
lesson_id_5608,group_id_1,2023-09-26T19:30:00.000Z
lesson_id_5609,group_id_3,2023-09-26T14:00:00.000Z
lesson_id_5610,group_id_16,2023-09-26T09:00:00.000Z
lesson_id_5611,group_id_5,2023-09-26T20:30:00.000Z
lesson_id_5612,group_id_6,2023-09-26T19:30:00.000Z
lesson_id_5613,group_id_14,2023-09-27T11:30:00.000Z
lesson_id_5614,group_id_7,2023-09-27T20:00:00.000Z
lesson_id_5615,group_id_12,2023-09-27T10:30:00.000Z
lesson_id_5616,group_id_10,2023-09-27T17:00:00.000Z
lesson_id_5617,group_id_3,2023-09-27T11:00:00.000Z
lesson_id_5618,group_id_1,2023-09-27T12:00:00.000Z
lesson_id_5619,group_id_9,2023-09-27T11:00:00.000Z
lesson_id_5620,group_id_15,2023-09-27T14:00:00.000Z
lesson_id_5621,group_id_17,2023-09-27T21:30:00.000Z
lesson_id_5622,group_id_17,2023-09-27T10:30:00.000Z
lesson_id_5623,group_id_20,2023-09-27T13:00:00.000Z
lesson_id_5624,group_id_12,2023-09-27T21:00:00.000Z
lesson_id_5625,group_id_12,2023-09-27T11:30:00.000Z
lesson_id_5626,group_id_7,2023-09-27T17:30:00.000Z
lesson_id_5627,group_id_1,2023-09-27T18:00:00.000Z
lesson_id_5628,group_id_3,2023-09-27T11:00:00.000Z
lesson_id_5629,group_id_6,2023-09-28T17:00:00.000Z
lesson_id_5630,group_id_16,2023-09-28T21:30:00.000Z
lesson_id_5631,group_id_1,2023-09-28T14:30:00.000Z
lesson_id_5632,group_id_14,2023-09-28T10:30:00.000Z
lesson_id_5633,group_id_7,2023-09-28T11:00:00.000Z
lesson_id_5634,group_id_20,2023-09-28T19:30:00.000Z
lesson_id_5635,group_id_19,2023-09-28T20:00:00.000Z
lesson_id_5636,group_id_8,2023-09-28T19:30:00.000Z
lesson_id_5637,group_id_18,2023-09-28T21:30:00.000Z
lesson_id_5638,group_id_13,2023-09-28T14:30:00.000Z
lesson_id_5639,group_id_7,2023-09-28T09:00:00.000Z
lesson_id_5640,group_id_15,2023-09-28T12:00:00.000Z
lesson_id_5641,group_id_19,2023-09-28T14:00:00.000Z
lesson_id_5642,group_id_12,2023-09-28T19:30:00.000Z
lesson_id_5643,group_id_14,2023-09-28T20:00:00.000Z
lesson_id_5644,group_id_11,2023-09-28T16:00:00.000Z
lesson_id_5645,group_id_4,2023-09-29T18:00:00.000Z
lesson_id_5646,group_id_19,2023-09-29T11:30:00.000Z
lesson_id_5647,group_id_16,2023-09-29T17:30:00.000Z
lesson_id_5648,group_id_4,2023-09-29T18:00:00.000Z
lesson_id_5649,group_id_11,2023-09-29T12:30:00.000Z
lesson_id_5650,group_id_18,2023-09-29T15:30:00.000Z
lesson_id_5651,group_id_2,2023-09-29T10:00:00.000Z
lesson_id_5652,group_id_10,2023-09-29T19:00:00.000Z
lesson_id_5653,group_id_9,2023-09-29T15:00:00.000Z
lesson_id_5654,group_id_9,2023-09-29T14:30:00.000Z
lesson_id_5655,group_id_3,2023-09-29T17:30:00.000Z
lesson_id_5656,group_id_3,2023-09-29T16:30:00.000Z
lesson_id_5657,group_id_10,2023-09-29T15:00:00.000Z
lesson_id_5658,group_id_1,2023-09-29T13:30:00.000Z
lesson_id_5659,group_id_6,2023-09-29T20:00:00.000Z
lesson_id_5660,group_id_17,2023-09-30T18:00:00.000Z
lesson_id_5661,group_id_12,2023-09-30T10:00:00.000Z
lesson_id_5662,group_id_9,2023-09-30T21:30:00.000Z
lesson_id_5663,group_id_11,2023-09-30T10:00:00.000Z
lesson_id_5664,group_id_19,2023-09-30T12:00:00.000Z
lesson_id_5665,group_id_8,2023-09-30T09:30:00.000Z
lesson_id_5666,group_id_10,2023-09-30T21:00:00.000Z
lesson_id_5667,group_id_18,2023-09-30T18:30:00.000Z
lesson_id_5668,group_id_18,2023-09-30T19:30:00.000Z
lesson_id_5669,group_id_4,2023-09-30T15:00:00.000Z
lesson_id_5670,group_id_10,2023-09-30T15:00:00.000Z
lesson_id_5671,group_id_11,2023-09-30T13:00:00.000Z
lesson_id_5672,group_id_5,2023-09-30T10:00:00.000Z
lesson_id_5673,group_id_19,2023-09-30T09:00:00.000Z
lesson_id_5674,group_id_16,2023-09-30T09:30:00.000Z
lesson_id_5675,group_id_13,2023-10-01T17:00:00.000Z
lesson_id_5676,group_id_9,2023-10-01T11:00:00.000Z
lesson_id_5677,group_id_3,2023-10-01T14:00:00.000Z
lesson_id_5678,group_id_6,2023-10-01T19:00:00.000Z
lesson_id_5679,group_id_1,2023-10-01T16:00:00.000Z
lesson_id_5680,group_id_5,2023-10-01T11:00:00.000Z
lesson_id_5681,group_id_14,2023-10-01T09:30:00.000Z
lesson_id_5682,group_id_19,2023-10-01T21:00:00.000Z
lesson_id_5683,group_id_16,2023-10-01T17:00:00.000Z
lesson_id_5684,group_id_2,2023-10-01T15:00:00.000Z
lesson_id_5685,group_id_20,2023-10-01T19:30:00.000Z
lesson_id_5686,group_id_7,2023-10-01T17:30:00.000Z
lesson_id_5687,group_id_12,2023-10-01T11:30:00.000Z
lesson_id_5688,group_id_19,2023-10-01T15:30:00.000Z
lesson_id_5689,group_id_9,2023-10-01T12:00:00.000Z
lesson_id_5690,group_id_9,2023-10-02T19:30:00.000Z
lesson_id_5691,group_id_1,2023-10-02T10:30:00.000Z
lesson_id_5692,group_id_19,2023-10-02T12:30:00.000Z
lesson_id_5693,group_id_5,2023-10-02T18:00:00.000Z
lesson_id_5694,group_id_19,2023-10-02T10:00:00.000Z
lesson_id_5695,group_id_5,2023-10-02T20:00:00.000Z
lesson_id_5696,group_id_8,2023-10-02T12:00:00.000Z
lesson_id_5697,group_id_3,2023-10-02T19:30:00.000Z
lesson_id_5698,group_id_5,2023-10-02T12:30:00.000Z
lesson_id_5699,group_id_4,2023-10-02T18:00:00.000Z
lesson_id_5700,group_id_7,2023-10-02T20:00:00.000Z
lesson_id_5701,group_id_1,2023-10-02T15:00:00.000Z
lesson_id_5702,group_id_11,2023-10-02T12:30:00.000Z
lesson_id_5703,group_id_5,2023-10-02T11:00:00.000Z
lesson_id_5704,group_id_12,2023-10-02T14:30:00.000Z
lesson_id_5705,group_id_13,2023-10-02T19:30:00.000Z
lesson_id_5706,group_id_7,2023-10-03T19:00:00.000Z
lesson_id_5707,group_id_7,2023-10-03T15:30:00.000Z
lesson_id_5708,group_id_7,2023-10-03T19:00:00.000Z
lesson_id_5709,group_id_16,2023-10-03T16:30:00.000Z
lesson_id_5710,group_id_14,2023-10-03T09:30:00.000Z
lesson_id_5711,group_id_1,2023-10-03T15:30:00.000Z
lesson_id_5712,group_id_6,2023-10-03T09:00:00.000Z
lesson_id_5713,group_id_15,2023-10-03T17:30:00.000Z
lesson_id_5714,group_id_7,2023-10-03T15:00:00.000Z
lesson_id_5715,group_id_10,2023-10-03T11:30:00.000Z
lesson_id_5716,group_id_9,2023-10-03T11:30:00.000Z
lesson_id_5717,group_id_1,2023-10-03T16:00:00.000Z
lesson_id_5718,group_id_19,2023-10-03T16:30:00.000Z
lesson_id_5719,group_id_10,2023-10-03T19:00:00.000Z
lesson_id_5720,group_id_15,2023-10-03T12:30:00.000Z
lesson_id_5721,group_id_16,2023-10-03T15:30:00.000Z
lesson_id_5722,group_id_16,2023-10-04T12:30:00.000Z
lesson_id_5723,group_id_5,2023-10-04T09:00:00.000Z
lesson_id_5724,group_id_16,2023-10-04T15:00:00.000Z
lesson_id_5725,group_id_18,2023-10-04T17:00:00.000Z
lesson_id_5726,group_id_4,2023-10-04T13:30:00.000Z
lesson_id_5727,group_id_17,2023-10-04T13:00:00.000Z
lesson_id_5728,group_id_9,2023-10-04T19:30:00.000Z
lesson_id_5729,group_id_13,2023-10-04T09:00:00.000Z
lesson_id_5730,group_id_19,2023-10-04T10:00:00.000Z
lesson_id_5731,group_id_10,2023-10-04T13:00:00.000Z
lesson_id_5732,group_id_18,2023-10-04T18:00:00.000Z
lesson_id_5733,group_id_16,2023-10-04T17:00:00.000Z
lesson_id_5734,group_id_5,2023-10-04T09:30:00.000Z
lesson_id_5735,group_id_18,2023-10-04T15:30:00.000Z
lesson_id_5736,group_id_16,2023-10-05T12:00:00.000Z
lesson_id_5737,group_id_4,2023-10-05T20:30:00.000Z
lesson_id_5738,group_id_14,2023-10-05T13:30:00.000Z
lesson_id_5739,group_id_19,2023-10-05T12:30:00.000Z
lesson_id_5740,group_id_20,2023-10-05T18:30:00.000Z
lesson_id_5741,group_id_4,2023-10-05T15:30:00.000Z
lesson_id_5742,group_id_20,2023-10-05T12:00:00.000Z
lesson_id_5743,group_id_11,2023-10-05T09:30:00.000Z
lesson_id_5744,group_id_12,2023-10-05T16:00:00.000Z
lesson_id_5745,group_id_18,2023-10-05T14:30:00.000Z
lesson_id_5746,group_id_8,2023-10-05T15:00:00.000Z
lesson_id_5747,group_id_3,2023-10-05T10:00:00.000Z
lesson_id_5748,group_id_8,2023-10-05T15:00:00.000Z
lesson_id_5749,group_id_15,2023-10-06T15:00:00.000Z
lesson_id_5750,group_id_4,2023-10-06T19:30:00.000Z
lesson_id_5751,group_id_5,2023-10-06T12:00:00.000Z
lesson_id_5752,group_id_7,2023-10-06T14:00:00.000Z
lesson_id_5753,group_id_2,2023-10-06T13:00:00.000Z
lesson_id_5754,group_id_19,2023-10-06T15:00:00.000Z
lesson_id_5755,group_id_9,2023-10-06T19:30:00.000Z
lesson_id_5756,group_id_7,2023-10-06T10:30:00.000Z
lesson_id_5757,group_id_8,2023-10-06T18:00:00.000Z
lesson_id_5758,group_id_3,2023-10-06T21:30:00.000Z
lesson_id_5759,group_id_20,2023-10-06T17:00:00.000Z
lesson_id_5760,group_id_2,2023-10-06T16:30:00.000Z
lesson_id_5761,group_id_18,2023-10-06T11:00:00.000Z
lesson_id_5762,group_id_16,2023-10-06T12:30:00.000Z
lesson_id_5763,group_id_4,2023-10-07T10:00:00.000Z
lesson_id_5764,group_id_19,2023-10-07T13:00:00.000Z
lesson_id_5765,group_id_14,2023-10-07T20:30:00.000Z
lesson_id_5766,group_id_12,2023-10-07T21:30:00.000Z
lesson_id_5767,group_id_18,2023-10-07T20:00:00.000Z
lesson_id_5768,group_id_1,2023-10-07T20:00:00.000Z
lesson_id_5769,group_id_19,2023-10-07T09:30:00.000Z
lesson_id_5770,group_id_7,2023-10-07T11:00:00.000Z
lesson_id_5771,group_id_8,2023-10-07T20:00:00.000Z
lesson_id_5772,group_id_6,2023-10-07T12:00:00.000Z
lesson_id_5773,group_id_7,2023-10-07T11:30:00.000Z
lesson_id_5774,group_id_15,2023-10-07T09:30:00.000Z
lesson_id_5775,group_id_8,2023-10-07T18:00:00.000Z
lesson_id_5776,group_id_2,2023-10-07T10:00:00.000Z
lesson_id_5777,group_id_12,2023-10-07T19:30:00.000Z
lesson_id_5778,group_id_5,2023-10-08T20:00:00.000Z
lesson_id_5779,group_id_6,2023-10-08T16:30:00.000Z
lesson_id_5780,group_id_1,2023-10-08T11:30:00.000Z
lesson_id_5781,group_id_2,2023-10-08T17:00:00.000Z
lesson_id_5782,group_id_14,2023-10-08T10:00:00.000Z
lesson_id_5783,group_id_6,2023-10-08T12:00:00.000Z
lesson_id_5784,group_id_5,2023-10-08T15:00:00.000Z
lesson_id_5785,group_id_14,2023-10-08T12:00:00.000Z
lesson_id_5786,group_id_9,2023-10-08T20:30:00.000Z
lesson_id_5787,group_id_15,2023-10-08T11:00:00.000Z
lesson_id_5788,group_id_15,2023-10-08T15:00:00.000Z
lesson_id_5789,group_id_20,2023-10-08T21:30:00.000Z
lesson_id_5790,group_id_9,2023-10-08T14:30:00.000Z
lesson_id_5791,group_id_20,2023-10-08T12:00:00.000Z
lesson_id_5792,group_id_7,2023-10-08T15:30:00.000Z
lesson_id_5793,group_id_13,2023-10-08T21:30:00.000Z
lesson_id_5794,group_id_19,2023-10-09T10:00:00.000Z
lesson_id_5795,group_id_2,2023-10-09T12:00:00.000Z
lesson_id_5796,group_id_18,2023-10-09T16:30:00.000Z
lesson_id_5797,group_id_19,2023-10-09T20:00:00.000Z
lesson_id_5798,group_id_2,2023-10-09T17:00:00.000Z
lesson_id_5799,group_id_18,2023-10-09T12:00:00.000Z
lesson_id_5800,group_id_8,2023-10-09T09:00:00.000Z
lesson_id_5801,group_id_8,2023-10-09T17:00:00.000Z
lesson_id_5802,group_id_11,2023-10-09T17:00:00.000Z
lesson_id_5803,group_id_9,2023-10-09T13:30:00.000Z
lesson_id_5804,group_id_18,2023-10-09T11:00:00.000Z
lesson_id_5805,group_id_2,2023-10-09T15:30:00.000Z
lesson_id_5806,group_id_7,2023-10-09T11:00:00.000Z
lesson_id_5807,group_id_17,2023-10-10T11:30:00.000Z
lesson_id_5808,group_id_3,2023-10-10T15:00:00.000Z
lesson_id_5809,group_id_11,2023-10-10T16:00:00.000Z
lesson_id_5810,group_id_9,2023-10-10T14:00:00.000Z
lesson_id_5811,group_id_2,2023-10-10T21:00:00.000Z
lesson_id_5812,group_id_1,2023-10-10T21:00:00.000Z
lesson_id_5813,group_id_1,2023-10-10T10:30:00.000Z
lesson_id_5814,group_id_6,2023-10-10T21:00:00.000Z
lesson_id_5815,group_id_3,2023-10-10T20:00:00.000Z
lesson_id_5816,group_id_16,2023-10-10T21:00:00.000Z
lesson_id_5817,group_id_15,2023-10-10T21:30:00.000Z
lesson_id_5818,group_id_2,2023-10-10T21:00:00.000Z
lesson_id_5819,group_id_5,2023-10-10T14:30:00.000Z
lesson_id_5820,group_id_4,2023-10-11T21:30:00.000Z
lesson_id_5821,group_id_10,2023-10-11T13:00:00.000Z
lesson_id_5822,group_id_3,2023-10-11T17:00:00.000Z
lesson_id_5823,group_id_20,2023-10-11T19:30:00.000Z
lesson_id_5824,group_id_10,2023-10-11T16:00:00.000Z
lesson_id_5825,group_id_5,2023-10-11T11:30:00.000Z
lesson_id_5826,group_id_17,2023-10-11T18:00:00.000Z
lesson_id_5827,group_id_11,2023-10-11T15:30:00.000Z
lesson_id_5828,group_id_2,2023-10-11T17:30:00.000Z
lesson_id_5829,group_id_15,2023-10-11T09:00:00.000Z
lesson_id_5830,group_id_20,2023-10-11T09:00:00.000Z
lesson_id_5831,group_id_9,2023-10-11T12:30:00.000Z
lesson_id_5832,group_id_12,2023-10-11T19:30:00.000Z
lesson_id_5833,group_id_3,2023-10-11T14:30:00.000Z
lesson_id_5834,group_id_17,2023-10-11T11:30:00.000Z
lesson_id_5835,group_id_13,2023-10-11T18:00:00.000Z
lesson_id_5836,group_id_14,2023-10-12T11:30:00.000Z
lesson_id_5837,group_id_17,2023-10-12T12:30:00.000Z
lesson_id_5838,group_id_12,2023-10-12T19:00:00.000Z
lesson_id_5839,group_id_12,2023-10-12T13:00:00.000Z
lesson_id_5840,group_id_19,2023-10-12T15:00:00.000Z
lesson_id_5841,group_id_18,2023-10-12T20:00:00.000Z
lesson_id_5842,group_id_16,2023-10-12T09:30:00.000Z
lesson_id_5843,group_id_7,2023-10-12T12:30:00.000Z
lesson_id_5844,group_id_20,2023-10-12T18:30:00.000Z
lesson_id_5845,group_id_20,2023-10-12T14:00:00.000Z
lesson_id_5846,group_id_20,2023-10-12T21:00:00.000Z
lesson_id_5847,group_id_5,2023-10-12T10:00:00.000Z
lesson_id_5848,group_id_9,2023-10-12T21:00:00.000Z
lesson_id_5849,group_id_4,2023-10-12T15:30:00.000Z
lesson_id_5850,group_id_4,2023-10-13T17:00:00.000Z
lesson_id_5851,group_id_9,2023-10-13T19:30:00.000Z
lesson_id_5852,group_id_6,2023-10-13T17:30:00.000Z
lesson_id_5853,group_id_16,2023-10-13T12:00:00.000Z
lesson_id_5854,group_id_13,2023-10-13T20:00:00.000Z
lesson_id_5855,group_id_17,2023-10-13T19:00:00.000Z
lesson_id_5856,group_id_13,2023-10-13T13:00:00.000Z
lesson_id_5857,group_id_5,2023-10-13T19:00:00.000Z
lesson_id_5858,group_id_5,2023-10-13T20:30:00.000Z
lesson_id_5859,group_id_20,2023-10-13T19:30:00.000Z
lesson_id_5860,group_id_6,2023-10-13T17:30:00.000Z
lesson_id_5861,group_id_14,2023-10-13T13:00:00.000Z
lesson_id_5862,group_id_1,2023-10-13T12:30:00.000Z
lesson_id_5863,group_id_5,2023-10-13T14:30:00.000Z
lesson_id_5864,group_id_7,2023-10-13T10:30:00.000Z
lesson_id_5865,group_id_9,2023-10-13T10:30:00.000Z
lesson_id_5866,group_id_2,2023-10-13T15:30:00.000Z
lesson_id_5867,group_id_6,2023-10-14T14:30:00.000Z
lesson_id_5868,group_id_10,2023-10-14T09:00:00.000Z
lesson_id_5869,group_id_13,2023-10-14T21:00:00.000Z
lesson_id_5870,group_id_12,2023-10-14T14:00:00.000Z
lesson_id_5871,group_id_10,2023-10-14T12:00:00.000Z
lesson_id_5872,group_id_3,2023-10-14T16:30:00.000Z
lesson_id_5873,group_id_10,2023-10-14T15:30:00.000Z
lesson_id_5874,group_id_10,2023-10-14T17:00:00.000Z
lesson_id_5875,group_id_8,2023-10-14T20:00:00.000Z
lesson_id_5876,group_id_12,2023-10-14T12:00:00.000Z
lesson_id_5877,group_id_9,2023-10-14T14:00:00.000Z
lesson_id_5878,group_id_15,2023-10-14T18:00:00.000Z
lesson_id_5879,group_id_11,2023-10-14T09:30:00.000Z
lesson_id_5880,group_id_2,2023-10-14T13:00:00.000Z
lesson_id_5881,group_id_7,2023-10-14T12:00:00.000Z
lesson_id_5882,group_id_12,2023-10-14T12:30:00.000Z
lesson_id_5883,group_id_11,2023-10-15T20:00:00.000Z
lesson_id_5884,group_id_13,2023-10-15T20:00:00.000Z
lesson_id_5885,group_id_5,2023-10-15T21:00:00.000Z
lesson_id_5886,group_id_3,2023-10-15T10:30:00.000Z
lesson_id_5887,group_id_17,2023-10-15T16:00:00.000Z
lesson_id_5888,group_id_18,2023-10-15T09:00:00.000Z
lesson_id_5889,group_id_8,2023-10-15T18:00:00.000Z
lesson_id_5890,group_id_7,2023-10-15T16:00:00.000Z
lesson_id_5891,group_id_5,2023-10-15T15:30:00.000Z
lesson_id_5892,group_id_8,2023-10-15T09:30:00.000Z
lesson_id_5893,group_id_2,2023-10-15T20:00:00.000Z
lesson_id_5894,group_id_3,2023-10-15T21:30:00.000Z
lesson_id_5895,group_id_11,2023-10-15T15:00:00.000Z
lesson_id_5896,group_id_15,2023-10-15T17:30:00.000Z
lesson_id_5897,group_id_18,2023-10-15T20:00:00.000Z
lesson_id_5898,group_id_1,2023-10-15T11:00:00.000Z
lesson_id_5899,group_id_1,2023-10-15T21:00:00.000Z
lesson_id_5900,group_id_4,2023-10-16T14:30:00.000Z
lesson_id_5901,group_id_4,2023-10-16T17:00:00.000Z
lesson_id_5902,group_id_20,2023-10-16T17:00:00.000Z
lesson_id_5903,group_id_8,2023-10-16T20:30:00.000Z
lesson_id_5904,group_id_11,2023-10-16T16:30:00.000Z
lesson_id_5905,group_id_9,2023-10-16T20:30:00.000Z
lesson_id_5906,group_id_20,2023-10-16T10:30:00.000Z
lesson_id_5907,group_id_1,2023-10-16T18:00:00.000Z
lesson_id_5908,group_id_13,2023-10-16T14:30:00.000Z
lesson_id_5909,group_id_5,2023-10-16T09:00:00.000Z
lesson_id_5910,group_id_10,2023-10-16T18:00:00.000Z
lesson_id_5911,group_id_4,2023-10-16T17:30:00.000Z
lesson_id_5912,group_id_4,2023-10-16T17:30:00.000Z
lesson_id_5913,group_id_8,2023-10-16T12:30:00.000Z
lesson_id_5914,group_id_17,2023-10-16T16:30:00.000Z
lesson_id_5915,group_id_1,2023-10-16T18:00:00.000Z
lesson_id_5916,group_id_14,2023-10-16T12:00:00.000Z
lesson_id_5917,group_id_7,2023-10-17T18:00:00.000Z
lesson_id_5918,group_id_3,2023-10-17T12:30:00.000Z
lesson_id_5919,group_id_9,2023-10-17T14:30:00.000Z
lesson_id_5920,group_id_14,2023-10-17T10:00:00.000Z
lesson_id_5921,group_id_9,2023-10-17T09:30:00.000Z
lesson_id_5922,group_id_5,2023-10-17T17:30:00.000Z
lesson_id_5923,group_id_2,2023-10-17T14:00:00.000Z
lesson_id_5924,group_id_11,2023-10-17T12:30:00.000Z
lesson_id_5925,group_id_13,2023-10-17T15:30:00.000Z
lesson_id_5926,group_id_2,2023-10-17T17:00:00.000Z
lesson_id_5927,group_id_4,2023-10-17T20:00:00.000Z
lesson_id_5928,group_id_14,2023-10-17T21:00:00.000Z
lesson_id_5929,group_id_2,2023-10-17T12:00:00.000Z
lesson_id_5930,group_id_17,2023-10-17T12:30:00.000Z
lesson_id_5931,group_id_13,2023-10-18T18:00:00.000Z
lesson_id_5932,group_id_1,2023-10-18T15:00:00.000Z
lesson_id_5933,group_id_15,2023-10-18T10:30:00.000Z
lesson_id_5934,group_id_7,2023-10-18T10:00:00.000Z
lesson_id_5935,group_id_7,2023-10-18T13:30:00.000Z
lesson_id_5936,group_id_12,2023-10-18T09:30:00.000Z
lesson_id_5937,group_id_17,2023-10-18T17:00:00.000Z
lesson_id_5938,group_id_14,2023-10-18T18:00:00.000Z
lesson_id_5939,group_id_16,2023-10-18T19:30:00.000Z
lesson_id_5940,group_id_14,2023-10-18T21:00:00.000Z
lesson_id_5941,group_id_20,2023-10-18T12:30:00.000Z
lesson_id_5942,group_id_10,2023-10-18T20:00:00.000Z
lesson_id_5943,group_id_4,2023-10-18T12:30:00.000Z
lesson_id_5944,group_id_18,2023-10-18T09:30:00.000Z
lesson_id_5945,group_id_7,2023-10-18T14:30:00.000Z
lesson_id_5946,group_id_8,2023-10-18T16:00:00.000Z
lesson_id_5947,group_id_2,2023-10-19T12:00:00.000Z
lesson_id_5948,group_id_12,2023-10-19T18:00:00.000Z
lesson_id_5949,group_id_2,2023-10-19T10:30:00.000Z
lesson_id_5950,group_id_15,2023-10-19T20:00:00.000Z
lesson_id_5951,group_id_20,2023-10-19T09:30:00.000Z
lesson_id_5952,group_id_19,2023-10-19T18:00:00.000Z
lesson_id_5953,group_id_10,2023-10-19T13:00:00.000Z
lesson_id_5954,group_id_1,2023-10-19T20:30:00.000Z
lesson_id_5955,group_id_9,2023-10-19T18:00:00.000Z
lesson_id_5956,group_id_13,2023-10-19T21:30:00.000Z
lesson_id_5957,group_id_20,2023-10-19T18:30:00.000Z
lesson_id_5958,group_id_10,2023-10-19T17:30:00.000Z
lesson_id_5959,group_id_3,2023-10-19T17:30:00.000Z
lesson_id_5960,group_id_5,2023-10-19T17:30:00.000Z
lesson_id_5961,group_id_19,2023-10-19T15:00:00.000Z
lesson_id_5962,group_id_5,2023-10-19T14:00:00.000Z
lesson_id_5963,group_id_1,2023-10-20T21:30:00.000Z
lesson_id_5964,group_id_19,2023-10-20T18:00:00.000Z
lesson_id_5965,group_id_6,2023-10-20T12:00:00.000Z
lesson_id_5966,group_id_6,2023-10-20T21:00:00.000Z
lesson_id_5967,group_id_10,2023-10-20T21:00:00.000Z
lesson_id_5968,group_id_14,2023-10-20T15:00:00.000Z
lesson_id_5969,group_id_14,2023-10-20T18:00:00.000Z
lesson_id_5970,group_id_18,2023-10-20T16:00:00.000Z
lesson_id_5971,group_id_13,2023-10-20T19:00:00.000Z
lesson_id_5972,group_id_15,2023-10-20T21:30:00.000Z
lesson_id_5973,group_id_1,2023-10-20T19:30:00.000Z
lesson_id_5974,group_id_6,2023-10-20T20:00:00.000Z
lesson_id_5975,group_id_10,2023-10-20T17:00:00.000Z
lesson_id_5976,group_id_17,2023-10-20T18:00:00.000Z
lesson_id_5977,group_id_11,2023-10-20T19:30:00.000Z
lesson_id_5978,group_id_17,2023-10-21T11:00:00.000Z
lesson_id_5979,group_id_10,2023-10-21T09:30:00.000Z
lesson_id_5980,group_id_14,2023-10-21T19:00:00.000Z
lesson_id_5981,group_id_5,2023-10-21T20:30:00.000Z
lesson_id_5982,group_id_11,2023-10-21T09:00:00.000Z
lesson_id_5983,group_id_13,2023-10-21T18:30:00.000Z
lesson_id_5984,group_id_18,2023-10-21T19:00:00.000Z
lesson_id_5985,group_id_14,2023-10-21T19:30:00.000Z
lesson_id_5986,group_id_3,2023-10-21T21:30:00.000Z
lesson_id_5987,group_id_19,2023-10-21T15:30:00.000Z
lesson_id_5988,group_id_14,2023-10-21T19:00:00.000Z
lesson_id_5989,group_id_7,2023-10-21T09:30:00.000Z
lesson_id_5990,group_id_14,2023-10-21T10:00:00.000Z
lesson_id_5991,group_id_7,2023-10-21T21:30:00.000Z
lesson_id_5992,group_id_11,2023-10-22T21:00:00.000Z
lesson_id_5993,group_id_9,2023-10-22T12:30:00.000Z
lesson_id_5994,group_id_13,2023-10-22T17:00:00.000Z
lesson_id_5995,group_id_8,2023-10-22T18:30:00.000Z
lesson_id_5996,group_id_17,2023-10-22T13:00:00.000Z
lesson_id_5997,group_id_1,2023-10-22T11:30:00.000Z
lesson_id_5998,group_id_8,2023-10-22T09:00:00.000Z
lesson_id_5999,group_id_17,2023-10-22T15:30:00.000Z
lesson_id_6000,group_id_13,2023-10-22T10:00:00.000Z
lesson_id_6001,group_id_4,2023-10-22T21:30:00.000Z
lesson_id_6002,group_id_17,2023-10-22T12:00:00.000Z
lesson_id_6003,group_id_3,2023-10-22T19:00:00.000Z
lesson_id_6004,group_id_20,2023-10-22T14:00:00.000Z
lesson_id_6005,group_id_2,2023-10-22T10:30:00.000Z
lesson_id_6006,group_id_17,2023-10-22T09:30:00.000Z
lesson_id_6007,group_id_3,2023-10-22T13:00:00.000Z
lesson_id_6008,group_id_11,2023-10-22T09:30:00.000Z
lesson_id_6009,group_id_6,2023-10-23T19:00:00.000Z
lesson_id_6010,group_id_19,2023-10-23T16:30:00.000Z
lesson_id_6011,group_id_5,2023-10-23T09:30:00.000Z
lesson_id_6012,group_id_8,2023-10-23T19:30:00.000Z
lesson_id_6013,group_id_9,2023-10-23T09:30:00.000Z
lesson_id_6014,group_id_15,2023-10-23T16:30:00.000Z
lesson_id_6015,group_id_13,2023-10-23T11:00:00.000Z
lesson_id_6016,group_id_15,2023-10-23T11:30:00.000Z
lesson_id_6017,group_id_14,2023-10-23T19:00:00.000Z
lesson_id_6018,group_id_20,2023-10-23T11:30:00.000Z
lesson_id_6019,group_id_1,2023-10-23T17:00:00.000Z
lesson_id_6020,group_id_16,2023-10-23T20:30:00.000Z
lesson_id_6021,group_id_13,2023-10-23T09:00:00.000Z
lesson_id_6022,group_id_19,2023-10-23T20:00:00.000Z
lesson_id_6023,group_id_9,2023-10-23T09:30:00.000Z
lesson_id_6024,group_id_17,2023-10-23T19:30:00.000Z
lesson_id_6025,group_id_7,2023-10-24T12:00:00.000Z
lesson_id_6026,group_id_15,2023-10-24T12:00:00.000Z
lesson_id_6027,group_id_5,2023-10-24T14:30:00.000Z
lesson_id_6028,group_id_6,2023-10-24T12:30:00.000Z
lesson_id_6029,group_id_13,2023-10-24T10:30:00.000Z
lesson_id_6030,group_id_18,2023-10-24T10:30:00.000Z
lesson_id_6031,group_id_1,2023-10-24T12:00:00.000Z
lesson_id_6032,group_id_4,2023-10-24T10:00:00.000Z
lesson_id_6033,group_id_1,2023-10-24T15:00:00.000Z
lesson_id_6034,group_id_8,2023-10-24T21:30:00.000Z
lesson_id_6035,group_id_8,2023-10-24T17:30:00.000Z
lesson_id_6036,group_id_5,2023-10-24T16:30:00.000Z
lesson_id_6037,group_id_18,2023-10-24T18:30:00.000Z
lesson_id_6038,group_id_4,2023-10-25T12:00:00.000Z
lesson_id_6039,group_id_15,2023-10-25T10:30:00.000Z
lesson_id_6040,group_id_10,2023-10-25T13:00:00.000Z
lesson_id_6041,group_id_6,2023-10-25T18:30:00.000Z
lesson_id_6042,group_id_2,2023-10-25T11:30:00.000Z
lesson_id_6043,group_id_10,2023-10-25T17:00:00.000Z
lesson_id_6044,group_id_4,2023-10-25T15:30:00.000Z
lesson_id_6045,group_id_10,2023-10-25T09:00:00.000Z
lesson_id_6046,group_id_15,2023-10-25T12:30:00.000Z
lesson_id_6047,group_id_4,2023-10-25T15:30:00.000Z
lesson_id_6048,group_id_18,2023-10-25T10:00:00.000Z
lesson_id_6049,group_id_15,2023-10-25T20:30:00.000Z
lesson_id_6050,group_id_17,2023-10-25T11:00:00.000Z
lesson_id_6051,group_id_3,2023-10-25T09:00:00.000Z
lesson_id_6052,group_id_3,2023-10-25T16:00:00.000Z
lesson_id_6053,group_id_4,2023-10-25T19:00:00.000Z
lesson_id_6054,group_id_17,2023-10-26T15:00:00.000Z
lesson_id_6055,group_id_19,2023-10-26T17:30:00.000Z
lesson_id_6056,group_id_16,2023-10-26T21:30:00.000Z
lesson_id_6057,group_id_8,2023-10-26T21:30:00.000Z
lesson_id_6058,group_id_8,2023-10-26T17:00:00.000Z
lesson_id_6059,group_id_4,2023-10-26T17:00:00.000Z
lesson_id_6060,group_id_18,2023-10-26T19:30:00.000Z
lesson_id_6061,group_id_14,2023-10-26T09:30:00.000Z
lesson_id_6062,group_id_8,2023-10-26T18:30:00.000Z
lesson_id_6063,group_id_1,2023-10-26T16:30:00.000Z
lesson_id_6064,group_id_13,2023-10-26T19:00:00.000Z
lesson_id_6065,group_id_15,2023-10-26T16:00:00.000Z
lesson_id_6066,group_id_13,2023-10-26T16:00:00.000Z
lesson_id_6067,group_id_13,2023-10-26T17:00:00.000Z
lesson_id_6068,group_id_1,2023-10-26T14:00:00.000Z
lesson_id_6069,group_id_18,2023-10-27T11:00:00.000Z
lesson_id_6070,group_id_6,2023-10-27T11:00:00.000Z
lesson_id_6071,group_id_12,2023-10-27T14:00:00.000Z
lesson_id_6072,group_id_3,2023-10-27T15:30:00.000Z
lesson_id_6073,group_id_1,2023-10-27T21:30:00.000Z
lesson_id_6074,group_id_18,2023-10-27T16:00:00.000Z
lesson_id_6075,group_id_9,2023-10-27T15:00:00.000Z
lesson_id_6076,group_id_3,2023-10-27T17:00:00.000Z
lesson_id_6077,group_id_3,2023-10-27T18:00:00.000Z
lesson_id_6078,group_id_11,2023-10-27T18:30:00.000Z
lesson_id_6079,group_id_15,2023-10-27T21:00:00.000Z
lesson_id_6080,group_id_18,2023-10-27T18:30:00.000Z
lesson_id_6081,group_id_8,2023-10-27T15:30:00.000Z
lesson_id_6082,group_id_18,2023-10-27T09:00:00.000Z
lesson_id_6083,group_id_5,2023-10-27T09:30:00.000Z
lesson_id_6084,group_id_2,2023-10-27T18:00:00.000Z
lesson_id_6085,group_id_14,2023-10-28T20:30:00.000Z
lesson_id_6086,group_id_17,2023-10-28T13:00:00.000Z
lesson_id_6087,group_id_10,2023-10-28T18:30:00.000Z
lesson_id_6088,group_id_20,2023-10-28T17:00:00.000Z
lesson_id_6089,group_id_3,2023-10-28T13:30:00.000Z
lesson_id_6090,group_id_15,2023-10-28T19:30:00.000Z
lesson_id_6091,group_id_2,2023-10-28T20:30:00.000Z
lesson_id_6092,group_id_3,2023-10-28T14:00:00.000Z
lesson_id_6093,group_id_8,2023-10-28T17:30:00.000Z
lesson_id_6094,group_id_15,2023-10-28T15:30:00.000Z
lesson_id_6095,group_id_7,2023-10-28T17:00:00.000Z
lesson_id_6096,group_id_1,2023-10-28T18:30:00.000Z
lesson_id_6097,group_id_9,2023-10-28T15:00:00.000Z
lesson_id_6098,group_id_20,2023-10-28T10:30:00.000Z
lesson_id_6099,group_id_16,2023-10-28T18:30:00.000Z
lesson_id_6100,group_id_13,2023-10-28T17:00:00.000Z
lesson_id_6101,group_id_20,2023-10-28T18:30:00.000Z
lesson_id_6102,group_id_16,2023-10-29T20:00:00.000Z
lesson_id_6103,group_id_5,2023-10-29T14:00:00.000Z
lesson_id_6104,group_id_16,2023-10-29T20:00:00.000Z
lesson_id_6105,group_id_18,2023-10-29T14:00:00.000Z
lesson_id_6106,group_id_13,2023-10-29T19:00:00.000Z
lesson_id_6107,group_id_8,2023-10-29T14:00:00.000Z
lesson_id_6108,group_id_9,2023-10-29T09:30:00.000Z
lesson_id_6109,group_id_13,2023-10-29T15:30:00.000Z
lesson_id_6110,group_id_15,2023-10-29T18:00:00.000Z
lesson_id_6111,group_id_1,2023-10-29T19:00:00.000Z
lesson_id_6112,group_id_6,2023-10-29T13:00:00.000Z
lesson_id_6113,group_id_11,2023-10-29T14:30:00.000Z
lesson_id_6114,group_id_9,2023-10-29T11:30:00.000Z
lesson_id_6115,group_id_15,2023-10-29T18:30:00.000Z
lesson_id_6116,group_id_7,2023-10-29T11:30:00.000Z
lesson_id_6117,group_id_20,2023-10-29T13:00:00.000Z
lesson_id_6118,group_id_8,2023-10-29T19:00:00.000Z
lesson_id_6119,group_id_19,2023-10-30T13:30:00.000Z
lesson_id_6120,group_id_8,2023-10-30T12:00:00.000Z
lesson_id_6121,group_id_11,2023-10-30T15:00:00.000Z
lesson_id_6122,group_id_9,2023-10-30T10:30:00.000Z
lesson_id_6123,group_id_6,2023-10-30T17:30:00.000Z
lesson_id_6124,group_id_16,2023-10-30T11:30:00.000Z
lesson_id_6125,group_id_13,2023-10-30T11:00:00.000Z
lesson_id_6126,group_id_13,2023-10-30T18:00:00.000Z
lesson_id_6127,group_id_8,2023-10-30T14:30:00.000Z
lesson_id_6128,group_id_4,2023-10-30T12:00:00.000Z
lesson_id_6129,group_id_18,2023-10-30T20:30:00.000Z
lesson_id_6130,group_id_12,2023-10-30T14:00:00.000Z
lesson_id_6131,group_id_16,2023-10-30T17:30:00.000Z
lesson_id_6132,group_id_13,2023-10-30T17:30:00.000Z
lesson_id_6133,group_id_1,2023-10-30T18:30:00.000Z
lesson_id_6134,group_id_16,2023-10-30T21:30:00.000Z
lesson_id_6135,group_id_9,2023-10-30T12:00:00.000Z
lesson_id_6136,group_id_10,2023-10-31T19:00:00.000Z
lesson_id_6137,group_id_17,2023-10-31T18:00:00.000Z
lesson_id_6138,group_id_4,2023-10-31T16:30:00.000Z
lesson_id_6139,group_id_6,2023-10-31T09:00:00.000Z
lesson_id_6140,group_id_17,2023-10-31T20:30:00.000Z
lesson_id_6141,group_id_19,2023-10-31T12:30:00.000Z
lesson_id_6142,group_id_2,2023-10-31T10:30:00.000Z
lesson_id_6143,group_id_7,2023-10-31T15:30:00.000Z
lesson_id_6144,group_id_3,2023-10-31T14:30:00.000Z
lesson_id_6145,group_id_15,2023-10-31T10:30:00.000Z
lesson_id_6146,group_id_11,2023-10-31T12:00:00.000Z
lesson_id_6147,group_id_7,2023-10-31T20:00:00.000Z
lesson_id_6148,group_id_12,2023-10-31T18:00:00.000Z
lesson_id_6149,group_id_14,2023-10-31T16:00:00.000Z
lesson_id_6150,group_id_14,2023-11-01T16:30:00.000Z
lesson_id_6151,group_id_2,2023-11-01T09:30:00.000Z
lesson_id_6152,group_id_5,2023-11-01T20:00:00.000Z
lesson_id_6153,group_id_10,2023-11-01T21:00:00.000Z
lesson_id_6154,group_id_2,2023-11-01T21:30:00.000Z
lesson_id_6155,group_id_6,2023-11-01T16:30:00.000Z
lesson_id_6156,group_id_20,2023-11-01T17:00:00.000Z
lesson_id_6157,group_id_19,2023-11-01T17:30:00.000Z
lesson_id_6158,group_id_18,2023-11-01T09:00:00.000Z
lesson_id_6159,group_id_16,2023-11-01T09:30:00.000Z
lesson_id_6160,group_id_12,2023-11-01T11:00:00.000Z
lesson_id_6161,group_id_17,2023-11-01T17:30:00.000Z
lesson_id_6162,group_id_13,2023-11-01T11:00:00.000Z
lesson_id_6163,group_id_11,2023-11-01T17:30:00.000Z
lesson_id_6164,group_id_14,2023-11-01T09:30:00.000Z
lesson_id_6165,group_id_17,2023-11-02T15:30:00.000Z
lesson_id_6166,group_id_18,2023-11-02T16:30:00.000Z
lesson_id_6167,group_id_10,2023-11-02T11:00:00.000Z
lesson_id_6168,group_id_16,2023-11-02T20:30:00.000Z
lesson_id_6169,group_id_17,2023-11-02T14:30:00.000Z
lesson_id_6170,group_id_18,2023-11-02T19:30:00.000Z
lesson_id_6171,group_id_19,2023-11-02T15:30:00.000Z
lesson_id_6172,group_id_11,2023-11-02T21:30:00.000Z
lesson_id_6173,group_id_6,2023-11-02T17:00:00.000Z
lesson_id_6174,group_id_10,2023-11-02T18:00:00.000Z
lesson_id_6175,group_id_3,2023-11-02T21:30:00.000Z
lesson_id_6176,group_id_11,2023-11-02T09:00:00.000Z
lesson_id_6177,group_id_1,2023-11-02T09:00:00.000Z
lesson_id_6178,group_id_5,2023-11-02T21:30:00.000Z
lesson_id_6179,group_id_12,2023-11-02T19:00:00.000Z
lesson_id_6180,group_id_19,2023-11-02T19:00:00.000Z
lesson_id_6181,group_id_3,2023-11-02T12:00:00.000Z
lesson_id_6182,group_id_4,2023-11-02T21:30:00.000Z
lesson_id_6183,group_id_3,2023-11-03T12:00:00.000Z
lesson_id_6184,group_id_11,2023-11-03T14:30:00.000Z
lesson_id_6185,group_id_2,2023-11-03T17:00:00.000Z
lesson_id_6186,group_id_14,2023-11-03T17:00:00.000Z
lesson_id_6187,group_id_4,2023-11-03T13:30:00.000Z
lesson_id_6188,group_id_10,2023-11-03T17:30:00.000Z
lesson_id_6189,group_id_13,2023-11-03T18:30:00.000Z
lesson_id_6190,group_id_5,2023-11-03T16:00:00.000Z
lesson_id_6191,group_id_14,2023-11-03T16:30:00.000Z
lesson_id_6192,group_id_10,2023-11-03T19:30:00.000Z
lesson_id_6193,group_id_5,2023-11-03T20:00:00.000Z
lesson_id_6194,group_id_5,2023-11-03T14:00:00.000Z
lesson_id_6195,group_id_12,2023-11-03T13:00:00.000Z
lesson_id_6196,group_id_3,2023-11-03T17:00:00.000Z
lesson_id_6197,group_id_6,2023-11-03T20:00:00.000Z
lesson_id_6198,group_id_5,2023-11-03T12:00:00.000Z
lesson_id_6199,group_id_7,2023-11-04T18:00:00.000Z
lesson_id_6200,group_id_1,2023-11-04T19:30:00.000Z
lesson_id_6201,group_id_20,2023-11-04T10:00:00.000Z
lesson_id_6202,group_id_13,2023-11-04T20:00:00.000Z
lesson_id_6203,group_id_3,2023-11-04T17:00:00.000Z
lesson_id_6204,group_id_14,2023-11-04T13:30:00.000Z
lesson_id_6205,group_id_6,2023-11-04T12:30:00.000Z
lesson_id_6206,group_id_12,2023-11-04T09:00:00.000Z
lesson_id_6207,group_id_16,2023-11-04T15:00:00.000Z
lesson_id_6208,group_id_15,2023-11-04T11:00:00.000Z
lesson_id_6209,group_id_12,2023-11-04T16:30:00.000Z
lesson_id_6210,group_id_11,2023-11-04T13:30:00.000Z
lesson_id_6211,group_id_18,2023-11-04T19:30:00.000Z
lesson_id_6212,group_id_16,2023-11-04T11:30:00.000Z
lesson_id_6213,group_id_5,2023-11-04T18:00:00.000Z
lesson_id_6214,group_id_5,2023-11-05T18:00:00.000Z
lesson_id_6215,group_id_17,2023-11-05T21:30:00.000Z
lesson_id_6216,group_id_13,2023-11-05T19:00:00.000Z
lesson_id_6217,group_id_4,2023-11-05T15:00:00.000Z
lesson_id_6218,group_id_18,2023-11-05T11:30:00.000Z
lesson_id_6219,group_id_4,2023-11-05T19:30:00.000Z
lesson_id_6220,group_id_6,2023-11-05T10:30:00.000Z
lesson_id_6221,group_id_7,2023-11-05T12:30:00.000Z
lesson_id_6222,group_id_7,2023-11-05T18:00:00.000Z
lesson_id_6223,group_id_1,2023-11-05T14:00:00.000Z
lesson_id_6224,group_id_6,2023-11-05T11:00:00.000Z
lesson_id_6225,group_id_14,2023-11-05T11:00:00.000Z
lesson_id_6226,group_id_14,2023-11-05T21:30:00.000Z
lesson_id_6227,group_id_19,2023-11-05T10:30:00.000Z
lesson_id_6228,group_id_8,2023-11-05T17:00:00.000Z
lesson_id_6229,group_id_8,2023-11-05T11:30:00.000Z
lesson_id_6230,group_id_8,2023-11-06T21:00:00.000Z
lesson_id_6231,group_id_11,2023-11-06T17:30:00.000Z
lesson_id_6232,group_id_9,2023-11-06T15:00:00.000Z
lesson_id_6233,group_id_16,2023-11-06T20:30:00.000Z
lesson_id_6234,group_id_16,2023-11-06T12:00:00.000Z
lesson_id_6235,group_id_13,2023-11-06T13:00:00.000Z
lesson_id_6236,group_id_1,2023-11-06T18:30:00.000Z
lesson_id_6237,group_id_9,2023-11-06T13:30:00.000Z
lesson_id_6238,group_id_20,2023-11-06T20:00:00.000Z
lesson_id_6239,group_id_6,2023-11-06T16:30:00.000Z
lesson_id_6240,group_id_1,2023-11-06T11:00:00.000Z
lesson_id_6241,group_id_15,2023-11-06T10:00:00.000Z
lesson_id_6242,group_id_2,2023-11-06T14:00:00.000Z
lesson_id_6243,group_id_20,2023-11-06T16:30:00.000Z
lesson_id_6244,group_id_4,2023-11-06T12:30:00.000Z
lesson_id_6245,group_id_11,2023-11-06T11:00:00.000Z
lesson_id_6246,group_id_5,2023-11-07T09:00:00.000Z
lesson_id_6247,group_id_5,2023-11-07T21:30:00.000Z
lesson_id_6248,group_id_13,2023-11-07T20:00:00.000Z
lesson_id_6249,group_id_18,2023-11-07T12:00:00.000Z
lesson_id_6250,group_id_2,2023-11-07T09:30:00.000Z
lesson_id_6251,group_id_18,2023-11-07T16:30:00.000Z
lesson_id_6252,group_id_17,2023-11-07T17:30:00.000Z
lesson_id_6253,group_id_12,2023-11-07T19:00:00.000Z
lesson_id_6254,group_id_12,2023-11-07T19:30:00.000Z
lesson_id_6255,group_id_6,2023-11-07T12:30:00.000Z
lesson_id_6256,group_id_2,2023-11-07T21:00:00.000Z
lesson_id_6257,group_id_7,2023-11-07T09:30:00.000Z
lesson_id_6258,group_id_10,2023-11-07T12:30:00.000Z
lesson_id_6259,group_id_3,2023-11-07T18:30:00.000Z
lesson_id_6260,group_id_4,2023-11-07T16:00:00.000Z
lesson_id_6261,group_id_6,2023-11-08T12:00:00.000Z
lesson_id_6262,group_id_1,2023-11-08T21:00:00.000Z
lesson_id_6263,group_id_19,2023-11-08T11:30:00.000Z
lesson_id_6264,group_id_1,2023-11-08T10:30:00.000Z
lesson_id_6265,group_id_7,2023-11-08T16:30:00.000Z
lesson_id_6266,group_id_17,2023-11-08T12:00:00.000Z
lesson_id_6267,group_id_20,2023-11-08T12:00:00.000Z
lesson_id_6268,group_id_19,2023-11-08T15:30:00.000Z
lesson_id_6269,group_id_3,2023-11-08T12:30:00.000Z
lesson_id_6270,group_id_3,2023-11-08T18:00:00.000Z
lesson_id_6271,group_id_5,2023-11-08T15:00:00.000Z
lesson_id_6272,group_id_5,2023-11-08T20:00:00.000Z
lesson_id_6273,group_id_4,2023-11-08T12:00:00.000Z
lesson_id_6274,group_id_4,2023-11-08T19:30:00.000Z
lesson_id_6275,group_id_14,2023-11-08T16:00:00.000Z
lesson_id_6276,group_id_2,2023-11-08T10:00:00.000Z
lesson_id_6277,group_id_4,2023-11-09T15:30:00.000Z
lesson_id_6278,group_id_4,2023-11-09T11:00:00.000Z
lesson_id_6279,group_id_2,2023-11-09T10:00:00.000Z
lesson_id_6280,group_id_15,2023-11-09T11:30:00.000Z
lesson_id_6281,group_id_17,2023-11-09T21:30:00.000Z
lesson_id_6282,group_id_8,2023-11-09T12:00:00.000Z
lesson_id_6283,group_id_2,2023-11-09T13:00:00.000Z
lesson_id_6284,group_id_14,2023-11-09T15:30:00.000Z
lesson_id_6285,group_id_7,2023-11-09T17:00:00.000Z
lesson_id_6286,group_id_6,2023-11-09T16:30:00.000Z
lesson_id_6287,group_id_17,2023-11-09T10:00:00.000Z
lesson_id_6288,group_id_10,2023-11-09T11:00:00.000Z
lesson_id_6289,group_id_3,2023-11-09T13:00:00.000Z
lesson_id_6290,group_id_18,2023-11-09T19:30:00.000Z
lesson_id_6291,group_id_5,2023-11-10T14:00:00.000Z
lesson_id_6292,group_id_19,2023-11-10T19:30:00.000Z
lesson_id_6293,group_id_5,2023-11-10T11:30:00.000Z
lesson_id_6294,group_id_13,2023-11-10T11:00:00.000Z
lesson_id_6295,group_id_19,2023-11-10T12:30:00.000Z
lesson_id_6296,group_id_12,2023-11-10T20:30:00.000Z
lesson_id_6297,group_id_3,2023-11-10T21:00:00.000Z
lesson_id_6298,group_id_7,2023-11-10T20:30:00.000Z
lesson_id_6299,group_id_5,2023-11-10T21:30:00.000Z
lesson_id_6300,group_id_1,2023-11-10T21:00:00.000Z
lesson_id_6301,group_id_8,2023-11-10T16:00:00.000Z
lesson_id_6302,group_id_5,2023-11-10T13:00:00.000Z
lesson_id_6303,group_id_14,2023-11-10T14:30:00.000Z
lesson_id_6304,group_id_18,2023-11-10T14:30:00.000Z
lesson_id_6305,group_id_10,2023-11-10T21:00:00.000Z
lesson_id_6306,group_id_7,2023-11-10T09:30:00.000Z
lesson_id_6307,group_id_3,2023-11-10T20:00:00.000Z
lesson_id_6308,group_id_1,2023-11-10T11:30:00.000Z
lesson_id_6309,group_id_14,2023-11-11T10:30:00.000Z
lesson_id_6310,group_id_20,2023-11-11T11:30:00.000Z
lesson_id_6311,group_id_8,2023-11-11T17:30:00.000Z
lesson_id_6312,group_id_9,2023-11-11T09:00:00.000Z
lesson_id_6313,group_id_20,2023-11-11T18:00:00.000Z
lesson_id_6314,group_id_15,2023-11-11T20:00:00.000Z
lesson_id_6315,group_id_14,2023-11-11T15:00:00.000Z
lesson_id_6316,group_id_14,2023-11-11T12:00:00.000Z
lesson_id_6317,group_id_5,2023-11-11T13:00:00.000Z
lesson_id_6318,group_id_11,2023-11-11T14:30:00.000Z
lesson_id_6319,group_id_6,2023-11-11T19:00:00.000Z
lesson_id_6320,group_id_8,2023-11-11T20:30:00.000Z
lesson_id_6321,group_id_2,2023-11-11T12:00:00.000Z
lesson_id_6322,group_id_4,2023-11-11T09:30:00.000Z
lesson_id_6323,group_id_16,2023-11-12T18:30:00.000Z
lesson_id_6324,group_id_12,2023-11-12T15:30:00.000Z
lesson_id_6325,group_id_20,2023-11-12T10:30:00.000Z
lesson_id_6326,group_id_15,2023-11-12T18:30:00.000Z
lesson_id_6327,group_id_12,2023-11-12T13:30:00.000Z
lesson_id_6328,group_id_6,2023-11-12T12:30:00.000Z
lesson_id_6329,group_id_16,2023-11-12T10:00:00.000Z
lesson_id_6330,group_id_9,2023-11-12T16:30:00.000Z
lesson_id_6331,group_id_1,2023-11-12T10:00:00.000Z
lesson_id_6332,group_id_18,2023-11-12T09:00:00.000Z
lesson_id_6333,group_id_17,2023-11-12T10:00:00.000Z
lesson_id_6334,group_id_7,2023-11-12T09:30:00.000Z
lesson_id_6335,group_id_18,2023-11-12T12:00:00.000Z
lesson_id_6336,group_id_15,2023-11-12T15:30:00.000Z
lesson_id_6337,group_id_3,2023-11-12T16:00:00.000Z
lesson_id_6338,group_id_14,2023-11-12T17:00:00.000Z
lesson_id_6339,group_id_18,2023-11-12T09:00:00.000Z
lesson_id_6340,group_id_15,2023-11-13T10:00:00.000Z
lesson_id_6341,group_id_19,2023-11-13T09:00:00.000Z
lesson_id_6342,group_id_11,2023-11-13T20:00:00.000Z
lesson_id_6343,group_id_15,2023-11-13T10:00:00.000Z
lesson_id_6344,group_id_17,2023-11-13T09:30:00.000Z
lesson_id_6345,group_id_15,2023-11-13T10:00:00.000Z
lesson_id_6346,group_id_2,2023-11-13T16:00:00.000Z
lesson_id_6347,group_id_11,2023-11-13T10:00:00.000Z
lesson_id_6348,group_id_10,2023-11-13T14:30:00.000Z
lesson_id_6349,group_id_16,2023-11-13T13:00:00.000Z
lesson_id_6350,group_id_13,2023-11-13T11:00:00.000Z
lesson_id_6351,group_id_7,2023-11-13T09:00:00.000Z
lesson_id_6352,group_id_19,2023-11-13T15:00:00.000Z
lesson_id_6353,group_id_12,2023-11-13T17:30:00.000Z
lesson_id_6354,group_id_15,2023-11-13T15:30:00.000Z
lesson_id_6355,group_id_20,2023-11-13T13:30:00.000Z
lesson_id_6356,group_id_7,2023-11-14T10:00:00.000Z
lesson_id_6357,group_id_11,2023-11-14T12:00:00.000Z
lesson_id_6358,group_id_20,2023-11-14T15:00:00.000Z
lesson_id_6359,group_id_15,2023-11-14T13:30:00.000Z
lesson_id_6360,group_id_13,2023-11-14T15:00:00.000Z
lesson_id_6361,group_id_3,2023-11-14T14:00:00.000Z
lesson_id_6362,group_id_17,2023-11-14T12:00:00.000Z
lesson_id_6363,group_id_16,2023-11-14T09:00:00.000Z
lesson_id_6364,group_id_2,2023-11-14T13:30:00.000Z
lesson_id_6365,group_id_14,2023-11-14T15:00:00.000Z
lesson_id_6366,group_id_10,2023-11-14T14:00:00.000Z
lesson_id_6367,group_id_3,2023-11-14T21:00:00.000Z
lesson_id_6368,group_id_2,2023-11-14T16:30:00.000Z
lesson_id_6369,group_id_15,2023-11-14T10:30:00.000Z
lesson_id_6370,group_id_1,2023-11-15T20:30:00.000Z
lesson_id_6371,group_id_19,2023-11-15T12:00:00.000Z
lesson_id_6372,group_id_19,2023-11-15T21:30:00.000Z
lesson_id_6373,group_id_19,2023-11-15T09:30:00.000Z
lesson_id_6374,group_id_8,2023-11-15T19:00:00.000Z
lesson_id_6375,group_id_11,2023-11-15T21:00:00.000Z
lesson_id_6376,group_id_2,2023-11-15T13:00:00.000Z
lesson_id_6377,group_id_19,2023-11-15T13:30:00.000Z
lesson_id_6378,group_id_13,2023-11-15T21:30:00.000Z
lesson_id_6379,group_id_8,2023-11-15T19:00:00.000Z
lesson_id_6380,group_id_7,2023-11-15T16:30:00.000Z
lesson_id_6381,group_id_4,2023-11-15T15:30:00.000Z
lesson_id_6382,group_id_20,2023-11-15T17:30:00.000Z
lesson_id_6383,group_id_4,2023-11-15T15:30:00.000Z
lesson_id_6384,group_id_5,2023-11-16T12:30:00.000Z
lesson_id_6385,group_id_10,2023-11-16T09:30:00.000Z
lesson_id_6386,group_id_16,2023-11-16T18:30:00.000Z
lesson_id_6387,group_id_8,2023-11-16T12:00:00.000Z
lesson_id_6388,group_id_11,2023-11-16T15:00:00.000Z
lesson_id_6389,group_id_7,2023-11-16T20:30:00.000Z
lesson_id_6390,group_id_19,2023-11-16T18:00:00.000Z
lesson_id_6391,group_id_20,2023-11-16T16:00:00.000Z
lesson_id_6392,group_id_3,2023-11-16T20:30:00.000Z
lesson_id_6393,group_id_6,2023-11-16T15:00:00.000Z
lesson_id_6394,group_id_1,2023-11-16T12:30:00.000Z
lesson_id_6395,group_id_2,2023-11-16T17:30:00.000Z
lesson_id_6396,group_id_18,2023-11-16T11:00:00.000Z
lesson_id_6397,group_id_3,2023-11-16T15:00:00.000Z
lesson_id_6398,group_id_1,2023-11-17T19:30:00.000Z
lesson_id_6399,group_id_4,2023-11-17T17:00:00.000Z
lesson_id_6400,group_id_8,2023-11-17T14:30:00.000Z
lesson_id_6401,group_id_5,2023-11-17T10:00:00.000Z
lesson_id_6402,group_id_15,2023-11-17T09:30:00.000Z
lesson_id_6403,group_id_17,2023-11-17T09:00:00.000Z
lesson_id_6404,group_id_18,2023-11-17T15:30:00.000Z
lesson_id_6405,group_id_10,2023-11-17T17:00:00.000Z
lesson_id_6406,group_id_6,2023-11-17T21:00:00.000Z
lesson_id_6407,group_id_15,2023-11-17T14:00:00.000Z
lesson_id_6408,group_id_19,2023-11-17T16:30:00.000Z
lesson_id_6409,group_id_15,2023-11-17T09:00:00.000Z
lesson_id_6410,group_id_2,2023-11-17T21:00:00.000Z
lesson_id_6411,group_id_9,2023-11-17T17:00:00.000Z
lesson_id_6412,group_id_14,2023-11-17T16:30:00.000Z
lesson_id_6413,group_id_3,2023-11-18T11:00:00.000Z
lesson_id_6414,group_id_13,2023-11-18T18:00:00.000Z
lesson_id_6415,group_id_10,2023-11-18T18:30:00.000Z
lesson_id_6416,group_id_3,2023-11-18T21:00:00.000Z
lesson_id_6417,group_id_6,2023-11-18T17:30:00.000Z
lesson_id_6418,group_id_19,2023-11-18T13:00:00.000Z
lesson_id_6419,group_id_20,2023-11-18T19:30:00.000Z
lesson_id_6420,group_id_18,2023-11-18T17:00:00.000Z
lesson_id_6421,group_id_15,2023-11-18T20:30:00.000Z
lesson_id_6422,group_id_19,2023-11-18T19:30:00.000Z
lesson_id_6423,group_id_2,2023-11-18T13:00:00.000Z
lesson_id_6424,group_id_19,2023-11-18T14:00:00.000Z
lesson_id_6425,group_id_4,2023-11-18T13:00:00.000Z
lesson_id_6426,group_id_19,2023-11-18T15:00:00.000Z
lesson_id_6427,group_id_12,2023-11-18T15:00:00.000Z
lesson_id_6428,group_id_16,2023-11-18T17:00:00.000Z
lesson_id_6429,group_id_6,2023-11-18T16:30:00.000Z
lesson_id_6430,group_id_18,2023-11-19T12:30:00.000Z
lesson_id_6431,group_id_13,2023-11-19T14:00:00.000Z
lesson_id_6432,group_id_15,2023-11-19T18:30:00.000Z
lesson_id_6433,group_id_6,2023-11-19T13:00:00.000Z
lesson_id_6434,group_id_20,2023-11-19T15:30:00.000Z
lesson_id_6435,group_id_20,2023-11-19T15:30:00.000Z
lesson_id_6436,group_id_18,2023-11-19T12:30:00.000Z
lesson_id_6437,group_id_20,2023-11-19T15:00:00.000Z
lesson_id_6438,group_id_9,2023-11-19T16:30:00.000Z
lesson_id_6439,group_id_5,2023-11-19T10:30:00.000Z
lesson_id_6440,group_id_1,2023-11-19T11:30:00.000Z
lesson_id_6441,group_id_4,2023-11-19T15:00:00.000Z
lesson_id_6442,group_id_6,2023-11-19T14:00:00.000Z
lesson_id_6443,group_id_14,2023-11-19T13:00:00.000Z
lesson_id_6444,group_id_1,2023-11-19T17:00:00.000Z
lesson_id_6445,group_id_9,2023-11-19T17:30:00.000Z
lesson_id_6446,group_id_18,2023-11-19T20:00:00.000Z
lesson_id_6447,group_id_20,2023-11-19T09:30:00.000Z
lesson_id_6448,group_id_9,2023-11-20T15:30:00.000Z
lesson_id_6449,group_id_5,2023-11-20T21:30:00.000Z
lesson_id_6450,group_id_20,2023-11-20T18:00:00.000Z
lesson_id_6451,group_id_14,2023-11-20T09:00:00.000Z
lesson_id_6452,group_id_3,2023-11-20T13:00:00.000Z
lesson_id_6453,group_id_7,2023-11-20T10:00:00.000Z
lesson_id_6454,group_id_12,2023-11-20T19:00:00.000Z
lesson_id_6455,group_id_7,2023-11-20T20:30:00.000Z
lesson_id_6456,group_id_4,2023-11-20T12:00:00.000Z
lesson_id_6457,group_id_16,2023-11-20T20:30:00.000Z
lesson_id_6458,group_id_1,2023-11-20T14:00:00.000Z
lesson_id_6459,group_id_8,2023-11-20T09:30:00.000Z
lesson_id_6460,group_id_11,2023-11-20T17:00:00.000Z
lesson_id_6461,group_id_13,2023-11-20T14:00:00.000Z
lesson_id_6462,group_id_6,2023-11-20T14:30:00.000Z
lesson_id_6463,group_id_16,2023-11-21T11:30:00.000Z
lesson_id_6464,group_id_4,2023-11-21T18:00:00.000Z
lesson_id_6465,group_id_14,2023-11-21T14:00:00.000Z
lesson_id_6466,group_id_7,2023-11-21T20:30:00.000Z
lesson_id_6467,group_id_9,2023-11-21T09:30:00.000Z
lesson_id_6468,group_id_13,2023-11-21T10:30:00.000Z
lesson_id_6469,group_id_16,2023-11-21T20:00:00.000Z
lesson_id_6470,group_id_17,2023-11-21T11:30:00.000Z
lesson_id_6471,group_id_20,2023-11-21T17:00:00.000Z
lesson_id_6472,group_id_18,2023-11-21T17:00:00.000Z
lesson_id_6473,group_id_13,2023-11-21T16:00:00.000Z
lesson_id_6474,group_id_4,2023-11-21T13:00:00.000Z
lesson_id_6475,group_id_15,2023-11-21T13:30:00.000Z
lesson_id_6476,group_id_17,2023-11-21T10:00:00.000Z
lesson_id_6477,group_id_11,2023-11-21T18:00:00.000Z
lesson_id_6478,group_id_13,2023-11-21T19:30:00.000Z
lesson_id_6479,group_id_18,2023-11-22T15:00:00.000Z
lesson_id_6480,group_id_19,2023-11-22T15:30:00.000Z
lesson_id_6481,group_id_10,2023-11-22T17:30:00.000Z
lesson_id_6482,group_id_19,2023-11-22T13:00:00.000Z
lesson_id_6483,group_id_11,2023-11-22T14:30:00.000Z
lesson_id_6484,group_id_11,2023-11-22T21:00:00.000Z
lesson_id_6485,group_id_4,2023-11-22T10:00:00.000Z
lesson_id_6486,group_id_20,2023-11-22T19:00:00.000Z
lesson_id_6487,group_id_2,2023-11-22T19:30:00.000Z
lesson_id_6488,group_id_12,2023-11-22T12:30:00.000Z
lesson_id_6489,group_id_2,2023-11-22T14:00:00.000Z
lesson_id_6490,group_id_3,2023-11-22T16:00:00.000Z
lesson_id_6491,group_id_14,2023-11-22T19:00:00.000Z
lesson_id_6492,group_id_8,2023-11-22T18:30:00.000Z
lesson_id_6493,group_id_7,2023-11-22T15:30:00.000Z
lesson_id_6494,group_id_8,2023-11-22T15:00:00.000Z
lesson_id_6495,group_id_17,2023-11-23T18:30:00.000Z
lesson_id_6496,group_id_11,2023-11-23T14:00:00.000Z
lesson_id_6497,group_id_13,2023-11-23T16:00:00.000Z
lesson_id_6498,group_id_2,2023-11-23T09:30:00.000Z
lesson_id_6499,group_id_5,2023-11-23T13:30:00.000Z
lesson_id_6500,group_id_6,2023-11-23T09:30:00.000Z
lesson_id_6501,group_id_13,2023-11-23T15:30:00.000Z
lesson_id_6502,group_id_18,2023-11-23T18:30:00.000Z
lesson_id_6503,group_id_14,2023-11-23T16:30:00.000Z
lesson_id_6504,group_id_2,2023-11-23T14:30:00.000Z
lesson_id_6505,group_id_9,2023-11-23T11:00:00.000Z
lesson_id_6506,group_id_10,2023-11-23T14:30:00.000Z
lesson_id_6507,group_id_12,2023-11-23T16:30:00.000Z
lesson_id_6508,group_id_11,2023-11-23T17:00:00.000Z
lesson_id_6509,group_id_15,2023-11-24T21:30:00.000Z
lesson_id_6510,group_id_11,2023-11-24T12:00:00.000Z
lesson_id_6511,group_id_17,2023-11-24T21:00:00.000Z
lesson_id_6512,group_id_14,2023-11-24T11:00:00.000Z
lesson_id_6513,group_id_12,2023-11-24T13:30:00.000Z
lesson_id_6514,group_id_13,2023-11-24T21:00:00.000Z
lesson_id_6515,group_id_6,2023-11-24T21:30:00.000Z
lesson_id_6516,group_id_11,2023-11-24T20:30:00.000Z
lesson_id_6517,group_id_2,2023-11-24T10:30:00.000Z
lesson_id_6518,group_id_11,2023-11-24T18:30:00.000Z
lesson_id_6519,group_id_8,2023-11-24T09:00:00.000Z
lesson_id_6520,group_id_14,2023-11-24T11:00:00.000Z
lesson_id_6521,group_id_4,2023-11-24T11:00:00.000Z
lesson_id_6522,group_id_10,2023-11-24T11:30:00.000Z
lesson_id_6523,group_id_14,2023-11-24T16:30:00.000Z
lesson_id_6524,group_id_10,2023-11-24T15:00:00.000Z
lesson_id_6525,group_id_11,2023-11-24T18:00:00.000Z
lesson_id_6526,group_id_13,2023-11-24T09:00:00.000Z
lesson_id_6527,group_id_6,2023-11-25T13:00:00.000Z
lesson_id_6528,group_id_3,2023-11-25T14:30:00.000Z
lesson_id_6529,group_id_18,2023-11-25T21:30:00.000Z
lesson_id_6530,group_id_2,2023-11-25T09:00:00.000Z
lesson_id_6531,group_id_4,2023-11-25T16:30:00.000Z
lesson_id_6532,group_id_16,2023-11-25T20:30:00.000Z
lesson_id_6533,group_id_18,2023-11-25T11:00:00.000Z
lesson_id_6534,group_id_3,2023-11-25T11:30:00.000Z
lesson_id_6535,group_id_15,2023-11-25T21:00:00.000Z
lesson_id_6536,group_id_9,2023-11-25T16:00:00.000Z
lesson_id_6537,group_id_14,2023-11-25T21:30:00.000Z
lesson_id_6538,group_id_6,2023-11-25T19:30:00.000Z
lesson_id_6539,group_id_3,2023-11-25T11:00:00.000Z
lesson_id_6540,group_id_6,2023-11-25T09:00:00.000Z
lesson_id_6541,group_id_9,2023-11-26T12:30:00.000Z
lesson_id_6542,group_id_11,2023-11-26T12:30:00.000Z
lesson_id_6543,group_id_12,2023-11-26T20:30:00.000Z
lesson_id_6544,group_id_18,2023-11-26T09:30:00.000Z
lesson_id_6545,group_id_18,2023-11-26T14:00:00.000Z
lesson_id_6546,group_id_12,2023-11-26T13:00:00.000Z
lesson_id_6547,group_id_10,2023-11-26T11:00:00.000Z
lesson_id_6548,group_id_18,2023-11-26T20:00:00.000Z
lesson_id_6549,group_id_17,2023-11-26T14:30:00.000Z
lesson_id_6550,group_id_12,2023-11-26T21:30:00.000Z
lesson_id_6551,group_id_2,2023-11-26T09:30:00.000Z
lesson_id_6552,group_id_9,2023-11-26T13:30:00.000Z
lesson_id_6553,group_id_10,2023-11-26T19:30:00.000Z
lesson_id_6554,group_id_11,2023-11-26T20:00:00.000Z
lesson_id_6555,group_id_7,2023-11-26T10:00:00.000Z
lesson_id_6556,group_id_5,2023-11-26T12:00:00.000Z
lesson_id_6557,group_id_15,2023-11-26T13:30:00.000Z
lesson_id_6558,group_id_20,2023-11-26T20:00:00.000Z
lesson_id_6559,group_id_15,2023-11-27T21:30:00.000Z
lesson_id_6560,group_id_7,2023-11-27T12:30:00.000Z
lesson_id_6561,group_id_6,2023-11-27T16:00:00.000Z
lesson_id_6562,group_id_1,2023-11-27T12:30:00.000Z
lesson_id_6563,group_id_6,2023-11-27T10:30:00.000Z
lesson_id_6564,group_id_12,2023-11-27T20:00:00.000Z
lesson_id_6565,group_id_18,2023-11-27T09:00:00.000Z
lesson_id_6566,group_id_20,2023-11-27T21:30:00.000Z
lesson_id_6567,group_id_8,2023-11-27T09:30:00.000Z
lesson_id_6568,group_id_11,2023-11-27T20:00:00.000Z
lesson_id_6569,group_id_2,2023-11-27T15:00:00.000Z
lesson_id_6570,group_id_11,2023-11-27T20:00:00.000Z
lesson_id_6571,group_id_9,2023-11-27T18:00:00.000Z
lesson_id_6572,group_id_11,2023-11-27T12:30:00.000Z
lesson_id_6573,group_id_1,2023-11-27T09:00:00.000Z
lesson_id_6574,group_id_17,2023-11-27T10:30:00.000Z
lesson_id_6575,group_id_15,2023-11-27T16:30:00.000Z
lesson_id_6576,group_id_3,2023-11-28T15:30:00.000Z
lesson_id_6577,group_id_6,2023-11-28T13:30:00.000Z
lesson_id_6578,group_id_9,2023-11-28T19:30:00.000Z
lesson_id_6579,group_id_9,2023-11-28T13:30:00.000Z
lesson_id_6580,group_id_2,2023-11-28T17:00:00.000Z
lesson_id_6581,group_id_18,2023-11-28T14:00:00.000Z
lesson_id_6582,group_id_16,2023-11-28T18:00:00.000Z
lesson_id_6583,group_id_15,2023-11-28T20:00:00.000Z
lesson_id_6584,group_id_1,2023-11-28T19:30:00.000Z
lesson_id_6585,group_id_8,2023-11-28T19:00:00.000Z
lesson_id_6586,group_id_5,2023-11-28T17:30:00.000Z
lesson_id_6587,group_id_17,2023-11-28T17:30:00.000Z
lesson_id_6588,group_id_18,2023-11-28T20:30:00.000Z
lesson_id_6589,group_id_20,2023-11-28T18:30:00.000Z
lesson_id_6590,group_id_19,2023-11-28T17:00:00.000Z
lesson_id_6591,group_id_20,2023-11-28T09:30:00.000Z
lesson_id_6592,group_id_11,2023-11-28T16:00:00.000Z
lesson_id_6593,group_id_16,2023-11-28T10:30:00.000Z
lesson_id_6594,group_id_5,2023-11-29T13:30:00.000Z
lesson_id_6595,group_id_8,2023-11-29T09:00:00.000Z
lesson_id_6596,group_id_20,2023-11-29T17:30:00.000Z
lesson_id_6597,group_id_9,2023-11-29T11:30:00.000Z
lesson_id_6598,group_id_5,2023-11-29T12:00:00.000Z
lesson_id_6599,group_id_19,2023-11-29T16:00:00.000Z
lesson_id_6600,group_id_17,2023-11-29T12:00:00.000Z
lesson_id_6601,group_id_19,2023-11-29T21:00:00.000Z
lesson_id_6602,group_id_5,2023-11-29T10:30:00.000Z
lesson_id_6603,group_id_1,2023-11-29T15:00:00.000Z
lesson_id_6604,group_id_19,2023-11-29T12:00:00.000Z
lesson_id_6605,group_id_17,2023-11-29T17:00:00.000Z
lesson_id_6606,group_id_19,2023-11-29T17:00:00.000Z
lesson_id_6607,group_id_6,2023-11-29T11:00:00.000Z
lesson_id_6608,group_id_2,2023-11-29T10:00:00.000Z
lesson_id_6609,group_id_6,2023-11-29T12:00:00.000Z
lesson_id_6610,group_id_1,2023-11-29T09:00:00.000Z
lesson_id_6611,group_id_13,2023-11-30T16:30:00.000Z
lesson_id_6612,group_id_13,2023-11-30T10:00:00.000Z
lesson_id_6613,group_id_1,2023-11-30T17:30:00.000Z
lesson_id_6614,group_id_13,2023-11-30T10:00:00.000Z
lesson_id_6615,group_id_18,2023-11-30T10:30:00.000Z
lesson_id_6616,group_id_7,2023-11-30T14:30:00.000Z
lesson_id_6617,group_id_3,2023-11-30T13:00:00.000Z
lesson_id_6618,group_id_8,2023-11-30T17:30:00.000Z
lesson_id_6619,group_id_11,2023-11-30T19:00:00.000Z
lesson_id_6620,group_id_3,2023-11-30T18:00:00.000Z
lesson_id_6621,group_id_16,2023-11-30T13:30:00.000Z
lesson_id_6622,group_id_18,2023-11-30T19:00:00.000Z
lesson_id_6623,group_id_7,2023-11-30T14:30:00.000Z
lesson_id_6624,group_id_14,2023-11-30T18:30:00.000Z
lesson_id_6625,group_id_4,2023-11-30T09:00:00.000Z
lesson_id_6626,group_id_7,2023-11-30T20:00:00.000Z
lesson_id_6627,group_id_15,2023-11-30T21:30:00.000Z
lesson_id_6628,group_id_6,2023-11-30T09:30:00.000Z
